사고번호,사고일시,요일,시군구,사고내용,사망자수,중상자수,경상자수,부상신고자수,사고유형,법규위반,노면상태,기상상태,도로형태,가해운전자 차종,가해운전자 성별,가해운전자 연령,가해운전자 상해정도,피해운전자 차종,피해운전자 성별,피해운전자 연령,피해운전자 상해정도
2013011900100385,2013년 1월 19일 17시,토요일,대전광역시 대덕구 법동,경상사고,0,0,1,0,차대차 - 측면직각충돌,안전운전불이행,건조,맑음,단일로 - 기타,승용,여,31세,상해없음,화물,남,55세,경상
2013011900100427,2013년 1월 19일 18시,토요일,대전광역시 동구 가오동,경상사고,0,0,2,0,차대차 - 추돌 - 진행중,안전거리미확보,건조,맑음,교차로 - 교차로부근,승용,남,52세,상해없음,승용,남,36세,경상
2013011900100469,2013년 1월 19일 19시,토요일,대전광역시 서구 가수원동,경상사고,0,0,1,0,차대차 - 추돌 - 주정차중,안전운전불이행,건조,맑음,교차로 - 교차로부근,화물,남,23세,상해없음,승용,남,30세,경상
2013011900100550,2013년 1월 19일 21시,토요일,대전광역시 중구 선화동,사망사고,1,0,2,0,차대차 - 기타,안전운전불이행,건조,맑음,교차로 - 교차로안,승용,남,44세,사망,승용,남,46세,경상
2013011900100551,2013년 1월 19일 21시,토요일,대전광역시 대덕구 중리동,경상사고,0,0,3,0,차대차 - 추돌 - 주정차중,안전운전불이행,건조,맑음,단일로 - 기타,승용,남,27세,상해없음,승용,여,25세,경상
2013011900100552,2013년 1월 19일 21시,토요일,대전광역시 대덕구 오정동,경상사고,0,0,1,0,차대차 - 추돌 - 주정차중,안전운전불이행,건조,맑음,단일로 - 기타,승용,남,58세,기타불명,승합,남,38세,경상
2013011900100553,2013년 1월 19일 21시,토요일,대전광역시 유성구 궁동,중상사고,0,2,0,0,차대차 - 정면충돌,신호위반,건조,맑음,교차로 - 교차로안,이륜,남,46세,중상,이륜,남,31세,중상
2013011900100615,2013년 1월 19일 23시,토요일,대전광역시 중구 대사동,경상사고,0,0,2,0,차대차 - 추돌 - 주정차중,안전운전불이행,건조,맑음,단일로 - 기타,승용,남,47세,상해없음,승용,남,43세,경상
2013012000100097,2013년 1월 20일 04시,일요일,대전광역시 중구 선화동,경상사고,0,0,1,0,차대차 - 측면직각충돌,신호위반,건조,맑음,교차로 - 교차로안,승용,남,30세,상해없음,승용,남,43세,경상
2013012000100098,2013년 1월 20일 04시,일요일,대전광역시 서구 둔산동,경상사고,0,0,4,0,차대사람 - 차도통행중,안전운전불이행,건조,맑음,단일로 - 기타,승용,남,23세,상해없음,보행자,여,18세,경상
2013012000100236,2013년 1월 20일 14시,일요일,대전광역시 유성구 장대동,경상사고,0,0,1,0,차대사람 - 기타,안전운전불이행,건조,맑음,단일로 - 기타,승용,남,71세,상해없음,보행자,남,30세,경상
2013012000100328,2013년 1월 20일 18시,일요일,대전광역시 중구 용두동,경상사고,0,0,2,0,차대차 - 추돌 - 주정차중,안전운전불이행,건조,맑음,교차로 - 교차로부근,승용,남,45세,상해없음,승용,남,60세,경상
2013012000100383,2013년 1월 20일 20시,일요일,대전광역시 동구 용운동,경상사고,0,0,1,0,차대사람 - 횡단중,보행자보호의무위반,습기,흐림,단일로 - 횡단보도상,원동기,남,19세,상해없음,보행자,남,17세,경상
2013012000100401,2013년 1월 20일 21시,일요일,대전광역시 서구 복수동,경상사고,0,0,1,0,차대차 - 기타,안전운전불이행,습기,흐림,단일로 - 기타,승용,남,60세,상해없음,원동기,남,29세,경상
2013012000100414,2013년 1월 20일 22시,일요일,대전광역시 대덕구 법동,중상사고,0,1,0,0,차대차 - 기타,안전운전불이행,건조,맑음,단일로 - 기타,승용,남,62세,상해없음,승용,남,37세,중상
2013012000100440,2013년 1월 20일 23시,일요일,대전광역시 서구 내동,중상사고,0,1,0,0,차대사람 - 기타,안전운전불이행,습기,맑음,단일로 - 기타,승용,남,43세,상해없음,보행자,여,59세,중상
2013012100100039,2013년 1월 21일 03시,월요일,대전광역시 서구 용문동,경상사고,0,0,1,0,차대사람 - 기타,보행자보호의무위반,습기,흐림,교차로 - 교차로부근,승합,남,28세,상해없음,보행자,남,62세,경상
2013012100100058,2013년 1월 21일 05시,월요일,대전광역시 중구 오류동,경상사고,0,0,1,0,차대차 - 추돌 - 진행중,안전운전불이행,건조,맑음,교차로 - 교차로부근,승용,남,28세,상해없음,승합,남,48세,경상
2013012100100059,2013년 1월 21일 05시,월요일,대전광역시 중구 문화동,경상사고,0,0,1,0,차대차 - 측면직각충돌,안전운전불이행,습기,흐림,단일로 - 기타,승용,남,59세,상해없음,자전거,남,60세,경상
2013012100100060,2013년 1월 21일 05시,월요일,대전광역시 동구 용전동,중상사고,0,1,0,0,차대사람 - 보도통행중,안전운전불이행,습기,비,단일로 - 횡단보도부근,승용,남,38세,상해없음,보행자,남,18세,중상
2013012100100089,2013년 1월 21일 06시,월요일,대전광역시 동구 삼성동,경상사고,0,0,1,0,차대사람 - 횡단중,안전운전불이행,건조,맑음,단일로 - 기타,화물,남,61세,상해없음,보행자,남,32세,경상
2013012100100149,2013년 1월 21일 08시,월요일,대전광역시 중구 용두동,경상사고,0,0,2,0,차대차 - 측면직각충돌,안전운전불이행,건조,맑음,교차로 - 교차로부근,승용,남,42세,경상,승용,남,52세,경상
2013012100100260,2013년 1월 21일 13시,월요일,대전광역시 동구 신흥동,중상사고,0,1,0,0,차대차 - 추돌 - 주정차중,안전운전불이행,건조,맑음,교차로 - 교차로부근,승용,남,61세,상해없음,승용,남,45세,중상
2013012100100318,2013년 1월 21일 15시,월요일,대전광역시 서구 갈마동,경상사고,0,0,1,0,차대사람 - 기타,안전운전불이행,습기,비,단일로 - 기타,승용,남,63세,상해없음,보행자,여,28세,경상
2013012100100345,2013년 1월 21일 16시,월요일,대전광역시 중구 선화동,경상사고,0,0,2,0,차대차 - 측면직각충돌,신호위반,습기,비,교차로 - 교차로안,승용,여,54세,상해없음,화물,남,58세,경상
2013012100100432,2013년 1월 21일 18시,월요일,대전광역시 동구 자양동,부상신고사고,0,0,0,1,차대사람 - 횡단중,보행자보호의무위반,습기,비,단일로 - 횡단보도상,승용,남,69세,상해없음,보행자,여,38세,부상신고
2013012100100433,2013년 1월 21일 18시,월요일,대전광역시 유성구 봉명동,중상사고,0,1,1,0,차대사람 - 보도통행중,보행자보호의무위반,습기,비,교차로 - 교차로안,승용,남,62세,상해없음,보행자,남,64세,경상
2013012100100471,2013년 1월 21일 19시,월요일,대전광역시 동구 천동,중상사고,0,1,0,0,차대차 - 측면직각충돌,중앙선침범,습기,눈,단일로 - 기타,원동기,남,30세,상해없음,원동기,남,28세,중상
2013012100100472,2013년 1월 21일 19시,월요일,대전광역시 유성구 원신흥동,경상사고,0,0,2,0,차대차 - 측면직각충돌,안전운전불이행,습기,비,교차로 - 교차로부근,승용,남,54세,상해없음,승용,여,34세,경상
2013012100100559,2013년 1월 21일 22시,월요일,대전광역시 대덕구 송촌동,경상사고,0,0,2,0,차대차 - 추돌 - 진행중,안전운전불이행,습기,비,단일로 - 기타,승용,남,26세,상해없음,승용,남,48세,경상
2013012100100587,2013년 1월 21일 23시,월요일,대전광역시 대덕구 상서동,경상사고,0,0,7,0,차대차 - 추돌 - 주정차중,안전운전불이행,습기,비,단일로 - 기타,승용,남,37세,상해없음,승용,남,38세,경상
2013012100100588,2013년 1월 21일 23시,월요일,대전광역시 유성구 탑립동,경상사고,0,0,1,0,차대차 - 기타,신호위반,습기,비,교차로 - 교차로안,승용,남,37세,상해없음,승용,남,27세,경상
2013012200100060,2013년 1월 22일 01시,화요일,대전광역시 중구 목동,경상사고,0,0,2,0,차대차 - 추돌 - 주정차중,안전운전불이행,건조,맑음,단일로 - 횡단보도부근,승용,남,28세,상해없음,승용,남,23세,경상
2013012200100079,2013년 1월 22일 02시,화요일,대전광역시 유성구 봉명동,경상사고,0,0,1,0,차대차 - 추돌 - 주정차중,안전운전불이행,습기,비,단일로 - 기타,승용,남,50세,상해없음,승용,남,23세,경상
2013012200100087,2013년 1월 22일 03시,화요일,대전광역시 대덕구 목상동,사망사고,1,0,0,0,차대사람 - 횡단중,안전운전불이행,습기,맑음,단일로 - 기타,승용,남,39세,상해없음,보행자,남,53세,사망
2013012200100088,2013년 1월 22일 03시,화요일,대전광역시 대덕구 목상동,경상사고,0,0,1,0,차대차 - 측면직각충돌,안전운전불이행,건조,흐림,단일로 - 기타,승용,남,53세,상해없음,화물,남,34세,경상
2013012200100105,2013년 1월 22일 05시,화요일,대전광역시 서구 괴정동,경상사고,0,0,1,0,차대차 - 측면직각충돌,교차로운행방법위반,기타,기타,교차로 - 교차로부근,승용,남,56세,상해없음,승용,남,30세,경상
2013012200100123,2013년 1월 22일 06시,화요일,대전광역시 유성구 장대동,사망사고,1,0,0,0,차대사람 - 기타,안전운전불이행,습기,비,단일로 - 기타,화물,남,31세,상해없음,보행자,여,64세,사망
2013012200100155,2013년 1월 22일 07시,화요일,대전광역시 유성구 송정동,경상사고,0,0,1,0,차대사람 - 길가장자리구역통행중,안전운전불이행,습기,비,단일로 - 기타,기타불명,기타불명,기타불명,기타불명,보행자,여,79세,경상
2013012200100198,2013년 1월 22일 09시,화요일,대전광역시 대덕구 신대동,중상사고,0,1,0,0,차량단독 - 기타,기타,건조,맑음,단일로 - 기타,승합,남,48세,상해없음,,,,
2013012200100199,2013년 1월 22일 09시,화요일,대전광역시 대덕구 송촌동,중상사고,0,1,0,0,차대사람 - 기타,안전운전불이행,건조,맑음,교차로 - 교차로부근,승용,남,55세,상해없음,보행자,여,30세,중상
2013012200100200,2013년 1월 22일 09시,화요일,대전광역시 서구 둔산동,중상사고,0,1,0,0,차대차 - 측면직각충돌,안전운전불이행,건조,맑음,교차로 - 교차로안,승용,남,52세,상해없음,자전거,여,47세,중상
2013012200100269,2013년 1월 22일 13시,화요일,대전광역시 유성구 장대동,경상사고,0,0,1,0,차대사람 - 횡단중,보행자보호의무위반,건조,맑음,단일로 - 횡단보도상,승용,기타불명,기타불명,기타불명,보행자,여,40세,경상
2013012200100344,2013년 1월 22일 17시,화요일,대전광역시 중구 호동,경상사고,0,0,1,0,차대사람 - 보도통행중,기타,건조,맑음,단일로 - 기타,승용,남,42세,상해없음,보행자,남,56세,경상
2013012200100345,2013년 1월 22일 17시,화요일,대전광역시 동구 판암동,사망사고,1,0,0,0,차대사람 - 차도통행중,안전운전불이행,습기,흐림,단일로 - 기타,화물,남,63세,상해없음,보행자,여,53세,사망
2013012200100426,2013년 1월 22일 20시,화요일,대전광역시 대덕구 오정동,경상사고,0,0,1,0,차대차 - 측면직각충돌,안전운전불이행,건조,맑음,단일로 - 기타,승용,기타불명,기타불명,기타불명,승용,남,30세,경상
2013012200100452,2013년 1월 22일 21시,화요일,대전광역시 중구 대사동,중상사고,0,1,0,0,차대사람 - 횡단중,보행자보호의무위반,건조,맑음,단일로 - 횡단보도상,승용,남,55세,상해없음,보행자,여,54세,중상
2013012200100453,2013년 1월 22일 21시,화요일,대전광역시 서구 둔산동,중상사고,0,1,3,0,차대차 - 추돌 - 주정차중,안전운전불이행,건조,맑음,교차로 - 교차로부근,승용,남,45세,상해없음,승용,여,22세,경상
2013012200100498,2013년 1월 22일 22시,화요일,대전광역시 유성구 원신흥동,경상사고,0,0,1,0,차대차 - 측면직각충돌,안전거리미확보,건조,맑음,단일로 - 기타,승용,남,42세,상해없음,승용,여,48세,경상
2013012200100531,2013년 1월 22일 23시,화요일,대전광역시 동구 홍도동,경상사고,0,0,1,0,차대차 - 측면직각충돌,안전거리미확보,건조,맑음,교차로 - 교차로부근,승용,남,45세,상해없음,승용,남,55세,상해없음
2013012300100035,2013년 1월 23일 00시,수요일,대전광역시 유성구 궁동,경상사고,0,0,1,0,차량단독 - 기타,안전운전불이행,건조,맑음,단일로 - 기타,승용,남,36세,경상,,,,
2013012300100052,2013년 1월 23일 01시,수요일,대전광역시 중구 태평동,중상사고,0,2,1,0,차대차 - 측면직각충돌,신호위반,건조,맑음,교차로 - 교차로안,승용,남,65세,상해없음,승용,남,50세,중상
2013012300100072,2013년 1월 23일 02시,수요일,대전광역시 서구 둔산동,경상사고,0,0,3,0,차대차 - 추돌 - 주정차중,안전거리미확보,건조,맑음,단일로 - 기타,승용,남,23세,상해없음,승용,남,51세,경상
2013012300100173,2013년 1월 23일 08시,수요일,대전광역시 중구 석교동,중상사고,0,1,0,0,차량단독 - 기타,안전운전불이행,건조,맑음,단일로 - 기타,승합,남,57세,상해없음,,,,
2013012300100212,2013년 1월 23일 10시,수요일,대전광역시 동구 용전동,중상사고,0,1,2,0,차대차 - 측면직각충돌,신호위반,습기,비,단일로 - 기타,승용,남,37세,상해없음,승용,남,33세,경상
2013012300100223,2013년 1월 23일 11시,수요일,대전광역시 서구 둔산동,경상사고,0,0,1,0,차대차 - 기타,안전거리미확보,건조,맑음,단일로 - 기타,승용,남,54세,상해없음,승용,남,42세,경상
2013012300100296,2013년 1월 23일 15시,수요일,대전광역시 서구 둔산동,경상사고,0,0,1,0,차대차 - 기타,안전운전불이행,건조,맑음,단일로 - 횡단보도상,승용,여,55세,상해없음,자전거,남,62세,경상
2013012300100338,2013년 1월 23일 17시,수요일,대전광역시 중구 산성동,경상사고,0,0,1,0,차량단독 - 기타,기타,건조,맑음,단일로 - 기타,승합,남,50세,상해없음,,,,
2013012300100396,2013년 1월 23일 18시,수요일,대전광역시 유성구 송강동,부상신고사고,0,0,0,1,차대차 - 기타,안전거리미확보,습기,비,단일로 - 기타,승합,남,43세,상해없음,승용,여,27세,부상신고
2013012300100505,2013년 1월 23일 21시,수요일,대전광역시 중구 문화동,경상사고,0,0,1,0,차대사람 - 횡단중,안전운전불이행,습기,흐림,교차로 - 교차로부근,승합,남,56세,상해없음,보행자,여,49세,경상
2013012300100542,2013년 1월 23일 22시,수요일,대전광역시 서구 갈마동,경상사고,0,0,1,0,차대차 - 측면직각충돌,안전운전불이행,건조,맑음,교차로 - 교차로부근,승용,남,20세,상해없음,승용,남,37세,경상
2013012300100573,2013년 1월 23일 23시,수요일,대전광역시 서구 도안동,경상사고,0,0,1,0,차대차 - 추돌 - 주정차중,안전운전불이행,습기,흐림,교차로 - 교차로부근,승용,남,52세,상해없음,승용,남,31세,경상
2013012400100025,2013년 1월 24일 00시,목요일,대전광역시 동구 삼성동,경상사고,0,0,1,0,차대사람 - 횡단중,신호위반,기타,기타,교차로 - 교차로안,승용,남,49세,상해없음,보행자,남,38세,경상
2013012400100026,2013년 1월 24일 00시,목요일,대전광역시 서구 갈마동,경상사고,0,0,2,1,차대차 - 측면직각충돌,중앙선침범,건조,맑음,교차로 - 교차로부근,승용,남,26세,상해없음,승용,남,44세,경상
2013012400100027,2013년 1월 24일 00시,목요일,대전광역시 유성구 도룡동,경상사고,0,0,1,0,차대차 - 추돌 - 진행중,안전운전불이행,건조,맑음,교차로 - 교차로부근,승용,남,42세,상해없음,승용,남,68세,경상
2013012400100039,2013년 1월 24일 01시,목요일,대전광역시 대덕구 덕암동,경상사고,0,0,1,0,차대차 - 추돌 - 진행중,안전운전불이행,건조,맑음,단일로 - 기타,승용,남,26세,상해없음,화물,남,31세,경상
2013012400100047,2013년 1월 24일 01시,목요일,대전광역시 서구 갈마동,경상사고,0,0,3,0,차량단독 - 공작물충돌,안전운전불이행,건조,맑음,미분류 - 미분류,승용,남,60세,상해없음,,,,
2013012400100062,2013년 1월 24일 02시,목요일,대전광역시 동구 자양동,중상사고,0,1,0,0,차대차 - 측면직각충돌,차로위반,습기,비,단일로 - 기타,승용,남,28세,기타불명,승용,남,46세,중상
2013012400100253,2013년 1월 24일 10시,목요일,대전광역시 중구 용두동,중상사고,0,4,3,0,차대차 - 추돌 - 진행중,안전거리미확보,건조,맑음,단일로 - 기타,승용,남,58세,상해없음,승용,여,35세,중상
2013012400100290,2013년 1월 24일 12시,목요일,대전광역시 대덕구 신일동,경상사고,0,0,1,0,차대차 - 측면직각충돌,안전운전불이행,건조,맑음,교차로 - 교차로안,이륜,남,47세,경상,승용,남,33세,상해없음
2013012400100416,2013년 1월 24일 17시,목요일,대전광역시 동구 가오동,경상사고,0,0,1,0,차대차 - 정면충돌,중앙선침범,습기,흐림,단일로 - 기타,승용,남,33세,상해없음,승용,남,42세,경상
2013012400100481,2013년 1월 24일 19시,목요일,대전광역시 유성구 덕진동,사망사고,1,0,0,0,차대사람 - 기타,안전운전불이행,건조,맑음,단일로 - 기타,승용,남,34세,상해없음,보행자,여,77세,사망
2013012400100520,2013년 1월 24일 21시,목요일,대전광역시 중구 목동,중상사고,0,1,0,0,차대차 - 기타,안전운전불이행,건조,맑음,단일로 - 기타,승용,기타불명,기타불명,기타불명,승용,여,35세,중상
2013012400100552,2013년 1월 24일 22시,목요일,대전광역시 중구 태평동,경상사고,0,0,1,0,차대차 - 측면직각충돌,신호위반,건조,맑음,교차로 - 교차로안,승용,남,56세,상해없음,승용,남,25세,경상
2013012400100572,2013년 1월 24일 23시,목요일,대전광역시 유성구 송강동,경상사고,0,0,2,0,차대차 - 기타,신호위반,건조,맑음,교차로 - 교차로안,승용,남,40세,상해없음,승용,남,38세,경상
2013012500100071,2013년 1월 25일 06시,금요일,대전광역시 유성구 전민동,경상사고,0,0,2,0,차대차 - 기타,신호위반,건조,맑음,교차로 - 교차로안,승용,남,30세,상해없음,승용,여,63세,경상
2013012500100118,2013년 1월 25일 08시,금요일,대전광역시 서구 괴정동,사망사고,1,0,0,0,차대차 - 측면직각충돌,불법유턴,건조,맑음,교차로 - 교차로안,자전거,남,73세,사망,승용,여,50세,상해없음
2013012500100119,2013년 1월 25일 08시,금요일,대전광역시 대덕구 송촌동,경상사고,0,0,1,0,차대차 - 측면직각충돌,안전운전불이행,건조,맑음,단일로 - 기타,승용,남,31세,상해없음,승용,여,44세,경상
2013012500100120,2013년 1월 25일 08시,금요일,대전광역시 서구 탄방동,경상사고,0,0,2,0,차대차 - 기타,중앙선침범,건조,맑음,단일로 - 기타,승용,여,25세,상해없음,승용,남,28세,경상
2013012500100164,2013년 1월 25일 10시,금요일,대전광역시 중구 유천동,경상사고,0,0,1,0,차대사람 - 횡단중,중앙선침범,건조,맑음,단일로 - 기타,승용,여,42세,상해없음,보행자,여,39세,경상
2013012500100267,2013년 1월 25일 15시,금요일,대전광역시 동구 용운동,경상사고,0,0,2,0,차대차 - 추돌 - 주정차중,안전운전불이행,건조,맑음,교차로 - 교차로부근,화물,남,48세,상해없음,승용,여,49세,경상
2013012500100268,2013년 1월 25일 15시,금요일,대전광역시 동구 용전동,경상사고,0,0,2,0,차대차 - 측면직각충돌,안전운전불이행,건조,맑음,교차로 - 교차로부근,승용,남,35세,상해없음,승용,여,27세,경상
2013012500100269,2013년 1월 25일 15시,금요일,대전광역시 서구 도마동,경상사고,0,0,2,0,차대차 - 측면직각충돌,안전거리미확보,건조,맑음,단일로 - 기타,승용,남,49세,상해없음,승용,여,36세,경상
2013012500100300,2013년 1월 25일 16시,금요일,대전광역시 중구 태평동,중상사고,0,1,0,0,차대차 - 측면직각충돌,교차로운행방법위반,건조,맑음,교차로 - 교차로안,승용,남,51세,상해없음,이륜,남,61세,중상
2013012500100327,2013년 1월 25일 17시,금요일,대전광역시 중구 문화동,경상사고,0,0,1,0,차대차 - 정면충돌,안전운전불이행,건조,맑음,단일로 - 기타,이륜,남,17세,상해없음,승용,여,47세,경상
2013012500100370,2013년 1월 25일 18시,금요일,대전광역시 동구 홍도동,경상사고,0,0,1,0,차대차 - 측면직각충돌,신호위반,건조,맑음,교차로 - 교차로안,기타불명,기타불명,기타불명,기타불명,승용,남,45세,경상
2013012500100371,2013년 1월 25일 18시,금요일,대전광역시 동구 낭월동,중상사고,0,1,0,0,차대사람 - 횡단중,안전운전불이행,건조,맑음,교차로 - 교차로부근,승용,여,41세,상해없음,보행자,여,48세,중상
2013012500100401,2013년 1월 25일 19시,금요일,대전광역시 서구 가수원동,경상사고,0,0,1,0,차대차 - 추돌 - 진행중,안전운전불이행,건조,맑음,단일로 - 기타,화물,남,45세,상해없음,승합,여,43세,경상
2013012500100402,2013년 1월 25일 19시,금요일,대전광역시 서구 갈마동,경상사고,0,0,1,0,차대차 - 측면직각충돌,안전거리미확보,건조,맑음,단일로 - 기타,승용,남,29세,상해없음,이륜,남,34세,경상
2013012500100461,2013년 1월 25일 21시,금요일,대전광역시 대덕구 와동,경상사고,0,0,3,0,차대차 - 정면충돌,중앙선침범,건조,맑음,단일로 - 교량,승용,남,69세,상해없음,승용,여,40세,경상
2013012500100486,2013년 1월 25일 22시,금요일,대전광역시 대덕구 중리동,경상사고,0,0,1,1,차대차 - 추돌 - 주정차중,기타,건조,맑음,단일로 - 기타,승용,여,49세,상해없음,이륜,남,31세,경상
2013012500100509,2013년 1월 25일 23시,금요일,대전광역시 중구 부사동,경상사고,0,0,2,0,차대차 - 추돌 - 주정차중,안전운전불이행,건조,맑음,단일로 - 기타,화물,남,33세,상해없음,승용,남,31세,경상
2013012500100510,2013년 1월 25일 23시,금요일,대전광역시 동구 성남동,경상사고,0,0,1,0,차대차 - 추돌 - 진행중,안전운전불이행,건조,맑음,교차로 - 교차로부근,승용,남,39세,상해없음,승용,남,66세,경상
2013012500100511,2013년 1월 25일 23시,금요일,대전광역시 유성구 지족동,경상사고,0,0,1,0,차대차 - 측면직각충돌,중앙선침범,건조,맑음,교차로 - 교차로부근,승용,남,62세,상해없음,이륜,남,39세,경상
2013012600100032,2013년 1월 26일 00시,토요일,대전광역시 중구 문창동,경상사고,0,0,1,0,차대차 - 추돌 - 주정차중,안전운전불이행,건조,맑음,단일로 - 기타,승용,남,28세,상해없음,승용,남,49세,경상
2013012600100033,2013년 1월 26일 00시,토요일,대전광역시 유성구 봉명동,경상사고,0,0,2,0,차대차 - 추돌 - 주정차중,안전운전불이행,건조,맑음,교차로 - 교차로부근,승용,남,29세,상해없음,승용,남,53세,경상
2013012600100069,2013년 1월 26일 02시,토요일,대전광역시 동구 용전동,중상사고,0,1,0,0,차대사람 - 기타,안전운전불이행,건조,맑음,교차로 - 교차로안,승용,남,28세,상해없음,보행자,여,62세,중상
2013012600100099,2013년 1월 26일 05시,토요일,대전광역시 중구 은행동,경상사고,0,0,1,0,차대사람 - 차도통행중,안전운전불이행,건조,맑음,단일로 - 기타,승용,남,64세,상해없음,보행자,남,27세,경상
2013012600100198,2013년 1월 26일 11시,토요일,대전광역시 서구 가장동,경상사고,0,0,1,0,차대차 - 기타,교차로운행방법위반,건조,맑음,교차로 - 교차로안,승용,남,38세,상해없음,자전거,여,68세,경상
2013012600100265,2013년 1월 26일 14시,토요일,대전광역시 서구 관저동,중상사고,0,1,0,0,차대사람 - 기타,안전운전불이행,건조,맑음,단일로 - 기타,승합,남,34세,상해없음,보행자,여,61세,중상
2013012600100340,2013년 1월 26일 17시,토요일,대전광역시 서구 내동,경상사고,0,0,1,0,차대차 - 측면직각충돌,차로위반,건조,맑음,단일로 - 기타,승용,남,52세,상해없음,승용,남,47세,상해없음
2013012600100374,2013년 1월 26일 18시,토요일,대전광역시 중구 은행동,경상사고,0,0,1,0,차량단독 - 기타,기타,건조,맑음,단일로 - 기타,승합,남,55세,상해없음,,,,
2013012600100414,2013년 1월 26일 20시,토요일,대전광역시 동구 효동,경상사고,0,0,3,0,차대차 - 측면직각충돌,안전운전불이행,건조,맑음,단일로 - 기타,승용,여,46세,상해없음,승용,남,46세,경상
2013012600100489,2013년 1월 26일 23시,토요일,대전광역시 대덕구 오정동,중상사고,0,1,0,0,차대사람 - 차도통행중,안전운전불이행,건조,맑음,단일로 - 기타,승용,기타불명,기타불명,기타불명,보행자,여,16세,중상
2013012700100014,2013년 1월 27일 00시,일요일,대전광역시 서구 괴정동,경상사고,0,0,1,0,차대사람 - 차도통행중,안전운전불이행,건조,맑음,단일로 - 기타,승합,기타불명,기타불명,기타불명,보행자,남,26세,경상
2013012700100034,2013년 1월 27일 01시,일요일,대전광역시 서구 탄방동,경상사고,0,0,3,0,차대차 - 추돌 - 진행중,신호위반,건조,맑음,교차로 - 교차로안,승용,남,18세,상해없음,승용,남,24세,경상
2013012700100150,2013년 1월 27일 10시,일요일,대전광역시 서구 갈마동,중상사고,0,3,1,0,차대차 - 기타,안전운전불이행,습기,눈,단일로 - 교량,승용,남,34세,상해없음,승용,여,40세,중상
2013012700100169,2013년 1월 27일 11시,일요일,대전광역시 서구 관저동,경상사고,0,0,1,0,차대차 - 측면직각충돌,중앙선침범,결빙,눈,단일로 - 기타,화물,남,74세,상해없음,승용,남,33세,경상
2013012700100186,2013년 1월 27일 12시,일요일,대전광역시 동구 홍도동,중상사고,0,3,0,0,차대차 - 측면직각충돌,중앙선침범,습기,맑음,단일로 - 기타,화물,남,41세,중상,승용,남,34세,중상
2013012700100187,2013년 1월 27일 12시,일요일,대전광역시 동구 세천동,경상사고,0,0,1,0,차대차 - 측면직각충돌,중앙선침범,건조,맑음,단일로 - 기타,승용,남,57세,상해없음,승용,남,52세,상해없음
2013012700100278,2013년 1월 27일 17시,일요일,대전광역시 동구 비룡동,경상사고,0,0,1,0,차대차 - 기타,안전거리미확보,건조,맑음,단일로 - 기타,승합,남,50세,상해없음,승용,남,30세,상해없음
2013012700100307,2013년 1월 27일 18시,일요일,대전광역시 서구 괴정동,경상사고,0,0,1,0,차대차 - 추돌 - 주정차중,안전운전불이행,건조,맑음,교차로 - 교차로부근,승용,남,50세,기타불명,승용,남,34세,경상
2013012700100337,2013년 1월 27일 19시,일요일,대전광역시 서구 갈마동,경상사고,0,0,6,0,차대차 - 측면직각충돌,중앙선침범,건조,맑음,단일로 - 기타,승용,남,39세,상해없음,승용,남,32세,경상
2013012700100380,2013년 1월 27일 22시,일요일,대전광역시 중구 태평동,경상사고,0,0,1,0,차대차 - 측면직각충돌,신호위반,건조,맑음,교차로 - 교차로안,승용,여,54세,상해없음,승용,남,23세,경상
2013012700100381,2013년 1월 27일 22시,일요일,대전광역시 유성구 덕진동,경상사고,0,0,1,0,차대차 - 측면직각충돌,안전운전불이행,건조,맑음,단일로 - 기타,승용,남,33세,상해없음,승용,여,50세,경상
2013012800100078,2013년 1월 28일 07시,월요일,대전광역시 대덕구 중리동,경상사고,0,0,1,0,차량단독 - 기타,기타,건조,맑음,단일로 - 기타,승합,남,49세,상해없음,,,,
2013012800100107,2013년 1월 28일 08시,월요일,대전광역시 대덕구 오정동,경상사고,0,0,1,0,차대차 - 추돌 - 진행중,안전운전불이행,건조,맑음,단일로 - 기타,승용,남,70세,상해없음,승용,남,32세,경상
2013012800100133,2013년 1월 28일 09시,월요일,대전광역시 서구 월평동,경상사고,0,0,1,0,차대차 - 추돌 - 주정차중,안전운전불이행,건조,맑음,단일로 - 기타,승용,남,51세,상해없음,승용,남,56세,경상
2013012800100221,2013년 1월 28일 13시,월요일,대전광역시 대덕구 오정동,경상사고,0,0,1,0,차량단독 - 기타,안전운전불이행,건조,맑음,교차로 - 교차로부근,승합,남,40세,상해없음,,,,
2013012800100320,2013년 1월 28일 17시,월요일,대전광역시 중구 석교동,경상사고,0,0,1,0,차대차 - 측면직각충돌,교차로운행방법위반,건조,맑음,교차로 - 교차로안,승용,남,30세,상해없음,승용,여,55세,경상
2013012800100321,2013년 1월 28일 17시,월요일,대전광역시 서구 탄방동,경상사고,0,0,1,0,차대차 - 기타,안전거리미확보,건조,맑음,단일로 - 기타,승용,여,45세,상해없음,승용,남,35세,경상