사고번호,사고일시,요일,시군구,사고내용,사망자수,중상자수,경상자수,부상신고자수,사고유형,법규위반,노면상태,기상상태,도로형태,가해운전자 차종,가해운전자 성별,가해운전자 연령,가해운전자 상해정도,피해운전자 차종,피해운전자 성별,피해운전자 연령,피해운전자 상해정도
2013031500100602,2013년 3월 15일 23시,금요일,대전광역시 서구 용문동,경상사고,0,0,1,0,차대차 - 측면직각충돌,안전운전불이행,건조,맑음,단일로 - 기타,승용,남,18세,상해없음,승용,남,51세,경상
2013031500100603,2013년 3월 15일 23시,금요일,대전광역시 서구 둔산동,경상사고,0,0,1,0,차대차 - 추돌 - 주정차중,안전운전불이행,건조,맑음,단일로 - 기타,승용,남,32세,상해없음,승용,남,39세,경상
2013031500100604,2013년 3월 15일 23시,금요일,대전광역시 유성구 궁동,경상사고,0,0,2,0,차대차 - 측면직각충돌,안전운전불이행,건조,맑음,단일로 - 기타,승용,남,42세,상해없음,승용,남,34세,경상
2013031600100062,2013년 3월 16일 02시,토요일,대전광역시 서구 괴정동,경상사고,0,0,1,0,차대사람 - 길가장자리구역통행중,안전운전불이행,건조,맑음,단일로 - 기타,승용,남,31세,상해없음,보행자,남,20세,경상
2013031600100097,2013년 3월 16일 05시,토요일,대전광역시 대덕구 와동,사망사고,1,1,0,0,차대사람 - 횡단중,안전운전불이행,건조,맑음,단일로 - 기타,승용,남,76세,상해없음,보행자,여,85세,사망
2013031600100267,2013년 3월 16일 14시,토요일,대전광역시 유성구 봉명동,경상사고,0,0,1,0,차대차 - 측면직각충돌,안전운전불이행,건조,맑음,단일로 - 기타,승용,여,51세,상해없음,승용,여,38세,경상
2013031600100268,2013년 3월 16일 14시,토요일,대전광역시 유성구 봉명동,경상사고,0,0,2,0,차대차 - 측면직각충돌,안전운전불이행,건조,맑음,단일로 - 기타,승용,여,31세,경상,승용,남,40세,경상
2013031600100365,2013년 3월 16일 17시,토요일,대전광역시 동구 판암동,중상사고,0,1,0,0,차대사람 - 횡단중,보행자보호의무위반,건조,맑음,단일로 - 기타,화물,남,44세,상해없음,보행자,남,8세,중상
2013031600100366,2013년 3월 16일 17시,토요일,대전광역시 서구 용문동,경상사고,0,0,1,0,차대차 - 추돌 - 주정차중,안전운전불이행,건조,맑음,단일로 - 기타,승용,여,48세,상해없음,승용,여,25세,경상
2013031600100512,2013년 3월 16일 21시,토요일,대전광역시 동구 용전동,중상사고,0,1,0,0,차대사람 - 차도통행중,안전운전불이행,건조,맑음,단일로 - 기타,승용,남,50세,상해없음,보행자,남,55세,중상
2013031600100513,2013년 3월 16일 21시,토요일,대전광역시 동구 삼성동,경상사고,0,0,3,0,차대차 - 기타,안전거리미확보,건조,맑음,단일로 - 기타,승용,남,59세,상해없음,승용,남,23세,경상
2013031600100514,2013년 3월 16일 21시,토요일,대전광역시 서구 도마동,경상사고,0,0,1,0,차대차 - 기타,안전운전불이행,건조,맑음,교차로 - 교차로부근,승용,남,27세,상해없음,이륜,남,18세,경상
2013031600100575,2013년 3월 16일 23시,토요일,대전광역시 서구 월평동,중상사고,0,2,0,0,차대차 - 추돌 - 주정차중,안전운전불이행,건조,맑음,교차로 - 교차로부근,승용,남,51세,상해없음,승용,남,34세,중상
2013031700100028,2013년 3월 17일 00시,일요일,대전광역시 유성구 구암동,경상사고,0,0,1,0,차대차 - 측면직각충돌,안전운전불이행,적설,비,교차로 - 교차로부근,승용,남,46세,상해없음,승용,여,38세,경상
2013031700100050,2013년 3월 17일 01시,일요일,대전광역시 동구 성남동,중상사고,0,1,0,0,차대사람 - 횡단중,신호위반,건조,맑음,단일로 - 횡단보도상,승용,남,48세,상해없음,보행자,남,29세,중상
2013031700100051,2013년 3월 17일 01시,일요일,대전광역시 대덕구 오정동,경상사고,0,0,1,0,차대차 - 추돌 - 주정차중,안전운전불이행,건조,맑음,교차로 - 교차로부근,승용,남,46세,상해없음,승용,남,58세,경상
2013031700100118,2013년 3월 17일 06시,일요일,대전광역시 유성구 노은동,중상사고,0,1,1,0,차대차 - 측면직각충돌,신호위반,건조,맑음,교차로 - 교차로안,승용,남,56세,경상,승용,남,48세,중상
2013031700100139,2013년 3월 17일 08시,일요일,대전광역시 동구 판암동,중상사고,0,1,0,0,차대차 - 정면충돌,안전운전불이행,건조,맑음,단일로 - 기타,승용,여,54세,상해없음,자전거,남,74세,중상
2013031700100140,2013년 3월 17일 08시,일요일,대전광역시 대덕구 송촌동,경상사고,0,0,1,0,차대사람 - 차도통행중,안전운전불이행,건조,맑음,단일로 - 기타,화물,남,72세,상해없음,보행자,남,23세,경상
2013031700100151,2013년 3월 17일 09시,일요일,대전광역시 대덕구 상서동,경상사고,0,0,1,1,차대차 - 측면직각충돌,안전거리미확보,건조,맑음,교차로 - 교차로부근,승용,남,41세,상해없음,승용,남,36세,상해없음
2013031700100167,2013년 3월 17일 10시,일요일,대전광역시 중구 오류동,중상사고,0,1,2,0,차대차 - 추돌 - 진행중,안전거리미확보,건조,맑음,단일로 - 기타,승합,남,51세,상해없음,화물,남,52세,경상
2013031700100222,2013년 3월 17일 13시,일요일,대전광역시 대덕구 송촌동,경상사고,0,0,1,0,차량단독 - 기타,안전운전불이행,건조,맑음,단일로 - 기타,승합,남,57세,상해없음,,,,
2013031700100223,2013년 3월 17일 13시,일요일,대전광역시 대덕구 석봉동,중상사고,0,1,0,0,차대차 - 측면직각충돌,교차로운행방법위반,건조,맑음,교차로 - 교차로안,원동기,남,16세,상해없음,승용,남,71세,상해없음
2013031700100249,2013년 3월 17일 14시,일요일,대전광역시 중구 산성동,중상사고,0,1,0,0,차대사람 - 기타,안전운전불이행,건조,맑음,단일로 - 기타,자전거,여,23세,상해없음,보행자,여,60세,중상
2013031700100294,2013년 3월 17일 16시,일요일,대전광역시 서구 둔산동,중상사고,0,1,1,0,차대차 - 기타,신호위반,건조,흐림,교차로 - 교차로부근,이륜,남,50세,상해없음,자전거,남,36세,중상
2013031700100322,2013년 3월 17일 17시,일요일,대전광역시 동구 삼성동,경상사고,0,0,1,0,차대차 - 측면직각충돌,신호위반,건조,맑음,교차로 - 교차로안,승용,남,19세,상해없음,승용,남,62세,경상
2013031700100323,2013년 3월 17일 17시,일요일,대전광역시 서구 관저동,중상사고,0,1,0,0,차대사람 - 횡단중,안전운전불이행,건조,맑음,단일로 - 기타,이륜,남,19세,상해없음,보행자,여,37세,중상
2013031700100365,2013년 3월 17일 18시,일요일,대전광역시 서구 정림동,경상사고,0,0,3,0,차대차 - 추돌 - 진행중,안전운전불이행,건조,맑음,단일로 - 교량,승용,남,35세,상해없음,승용,남,69세,경상
2013031700100408,2013년 3월 17일 19시,일요일,대전광역시 중구 유천동,경상사고,0,0,1,0,차대사람 - 횡단중,중앙선침범,습기,비,단일로 - 기타,승용,여,34세,상해없음,보행자,여,57세,경상
2013031700100409,2013년 3월 17일 19시,일요일,대전광역시 동구 가양동,경상사고,0,0,1,0,차대차 - 추돌 - 주정차중,안전운전불이행,습기,비,교차로 - 교차로부근,승용,남,49세,상해없음,승용,남,28세,경상
2013031700100410,2013년 3월 17일 19시,일요일,대전광역시 대덕구 신탄진동,경상사고,0,0,3,0,차대차 - 측면직각충돌,교차로운행방법위반,건조,맑음,교차로 - 교차로안,화물,남,64세,기타불명,승용,남,41세,경상
2013031700100469,2013년 3월 17일 20시,일요일,대전광역시 동구 용운동,중상사고,0,1,0,0,차대사람 - 횡단중,보행자보호의무위반,습기,비,단일로 - 횡단보도상,이륜,남,63세,상해없음,보행자,여,63세,중상
2013031700100470,2013년 3월 17일 20시,일요일,대전광역시 동구 삼성동,중상사고,0,1,0,0,차대차 - 측면직각충돌,안전운전불이행,습기,비,단일로 - 기타,승용,여,50세,중상,승용,남,39세,상해없음
2013031700100471,2013년 3월 17일 20시,일요일,대전광역시 유성구 노은동,중상사고,0,1,1,0,차대차 - 추돌 - 진행중,안전운전불이행,습기,비,교차로 - 교차로부근,승용,여,52세,경상,화물,남,60세,중상
2013031700100472,2013년 3월 17일 20시,일요일,대전광역시 유성구 봉명동,중상사고,0,1,0,0,차대사람 - 보도통행중,보행자보호의무위반,습기,비,교차로 - 교차로안,이륜,남,24세,상해없음,보행자,여,57세,중상
2013031700100519,2013년 3월 17일 21시,일요일,대전광역시 동구 자양동,중상사고,0,1,0,0,차대사람 - 횡단중,안전운전불이행,습기,비,단일로 - 기타,승용,남,22세,상해없음,보행자,여,78세,중상
2013031700100556,2013년 3월 17일 22시,일요일,대전광역시 대덕구 덕암동,부상신고사고,0,0,0,1,차대차 - 측면직각충돌,중앙선침범,습기,비,단일로 - 기타,승용,남,47세,상해없음,승용,남,28세,상해없음
2013031700100557,2013년 3월 17일 22시,일요일,대전광역시 유성구 지족동,경상사고,0,0,2,0,차대차 - 추돌 - 주정차중,안전운전불이행,적설,비,교차로 - 교차로부근,승용,남,60세,상해없음,승용,남,39세,경상
2013031700100587,2013년 3월 17일 23시,일요일,대전광역시 서구 둔산동,경상사고,0,0,1,0,차대차 - 추돌 - 진행중,안전운전불이행,습기,비,교차로 - 교차로부근,승용,남,38세,상해없음,승용,남,30세,경상
2013031700100588,2013년 3월 17일 23시,일요일,대전광역시 서구 갈마동,부상신고사고,0,0,0,1,차대차 - 기타,안전운전불이행,습기,비,단일로 - 교량,기타불명,기타불명,기타불명,기타불명,이륜,남,18세,부상신고
2013031800100029,2013년 3월 18일 00시,월요일,대전광역시 동구 가양동,중상사고,0,1,0,0,차대사람 - 횡단중,보행자보호의무위반,습기,비,단일로 - 횡단보도상,이륜,남,21세,상해없음,보행자,여,73세,중상
2013031800100064,2013년 3월 18일 03시,월요일,대전광역시 중구 오류동,중상사고,0,1,0,0,차대차 - 측면직각충돌,신호위반,습기,비,교차로 - 교차로안,승용,남,50세,상해없음,승용,남,26세,중상
2013031800100065,2013년 3월 18일 03시,월요일,대전광역시 중구 태평동,경상사고,0,0,1,0,차대차 - 추돌 - 주정차중,안전운전불이행,습기,비,단일로 - 기타,승용,남,33세,상해없음,승용,여,23세,경상
2013031800100071,2013년 3월 18일 04시,월요일,대전광역시 서구 가장동,경상사고,0,0,1,0,차대차 - 추돌 - 주정차중,안전운전불이행,습기,비,교차로 - 교차로부근,승용,남,29세,상해없음,승용,여,40세,경상
2013031800100128,2013년 3월 18일 07시,월요일,대전광역시 동구 성남동,경상사고,0,0,1,0,차대차 - 측면직각충돌,안전운전불이행,건조,맑음,교차로 - 교차로안,승용,남,35세,상해없음,승용,남,32세,경상
2013031800100164,2013년 3월 18일 08시,월요일,대전광역시 동구 가양동,경상사고,0,0,1,0,차대사람 - 차도통행중,안전운전불이행,건조,맑음,단일로 - 기타,승용,여,38세,상해없음,보행자,여,12세,경상
2013031800100189,2013년 3월 18일 09시,월요일,대전광역시 서구 변동,경상사고,0,0,1,0,차량단독 - 기타,기타,습기,기타,단일로 - 기타,승합,남,35세,상해없음,,,,
2013031800100217,2013년 3월 18일 10시,월요일,대전광역시 중구 태평동,중상사고,0,1,3,0,차량단독 - 기타,기타,건조,맑음,교차로 - 교차로부근,승합,남,37세,상해없음,,,,
2013031800100218,2013년 3월 18일 10시,월요일,대전광역시 대덕구 신탄진동,중상사고,0,2,0,1,차대차 - 측면직각충돌,안전운전불이행,건조,맑음,단일로 - 기타,이륜,남,76세,중상,승용,남,58세,상해없음
2013031800100219,2013년 3월 18일 10시,월요일,대전광역시 유성구 궁동,중상사고,0,1,0,0,차대차 - 기타,신호위반,건조,맑음,단일로 - 기타,승용,남,60세,상해없음,승용,남,49세,중상
2013031800100234,2013년 3월 18일 11시,월요일,대전광역시 동구 용운동,중상사고,0,1,0,0,차량단독 - 기타,안전운전불이행,습기,흐림,교차로 - 교차로부근,승합,남,35세,상해없음,,,,
2013031800100235,2013년 3월 18일 11시,월요일,대전광역시 서구 관저동,경상사고,0,0,1,0,차대차 - 정면충돌,중앙선침범,건조,흐림,단일로 - 기타,화물,남,41세,상해없음,승용,여,47세,경상
2013031800100301,2013년 3월 18일 13시,월요일,대전광역시 동구 용전동,경상사고,0,0,1,0,차대차 - 추돌 - 진행중,안전운전불이행,건조,맑음,단일로 - 기타,승용,남,58세,상해없음,승용,여,26세,경상
2013031800100361,2013년 3월 18일 15시,월요일,대전광역시 유성구 대정동,경상사고,0,0,1,0,차대사람 - 길가장자리구역통행중,안전운전불이행,건조,맑음,단일로 - 기타,승용,여,57세,상해없음,보행자,남,53세,경상
2013031800100398,2013년 3월 18일 16시,월요일,대전광역시 서구 갈마동,중상사고,0,1,0,0,차대사람 - 기타,중앙선침범,건조,맑음,단일로 - 기타,승용,여,45세,상해없음,보행자,여,76세,중상
2013031800100440,2013년 3월 18일 17시,월요일,대전광역시 대덕구 중리동,경상사고,0,0,1,0,차대차 - 측면직각충돌,안전거리미확보,건조,맑음,단일로 - 기타,화물,남,47세,상해없음,승용,남,32세,경상
2013031800100477,2013년 3월 18일 18시,월요일,대전광역시 중구 선화동,중상사고,0,1,0,0,차대차 - 측면직각충돌,안전운전불이행,건조,맑음,교차로 - 교차로안,승용,남,42세,상해없음,자전거,남,49세,중상
2013031800100513,2013년 3월 18일 19시,월요일,대전광역시 중구 대흥동,경상사고,0,0,1,0,차대차 - 추돌 - 진행중,안전거리미확보,건조,맑음,교차로 - 교차로부근,승용,남,49세,상해없음,승용,남,27세,경상
2013031800100514,2013년 3월 18일 19시,월요일,대전광역시 동구 용전동,경상사고,0,0,2,0,차대사람 - 횡단중,중앙선침범,건조,맑음,단일로 - 기타,승용,남,55세,상해없음,보행자,여,25세,경상
2013031800100540,2013년 3월 18일 20시,월요일,대전광역시 동구 원동,경상사고,0,0,1,0,차대차 - 추돌 - 진행중,안전운전불이행,건조,맑음,교차로 - 교차로부근,승용,남,52세,상해없음,승용,여,53세,경상
2013031800100602,2013년 3월 18일 22시,월요일,대전광역시 서구 갈마동,경상사고,0,0,1,0,차대사람 - 횡단중,중앙선침범,건조,기타,단일로 - 기타,승용,남,50세,상해없음,보행자,여,49세,경상
2013031800100631,2013년 3월 18일 23시,월요일,대전광역시 동구 가오동,경상사고,0,0,3,0,차대차 - 측면직각충돌,중앙선침범,건조,맑음,단일로 - 기타,승용,남,39세,상해없음,승용,남,34세,경상
2013031800100632,2013년 3월 18일 23시,월요일,대전광역시 동구 삼괴동,중상사고,0,1,0,0,차량단독 - 공작물충돌,안전운전불이행,습기,비,단일로 - 기타,승용,남,46세,상해없음,,,,
2013031800100633,2013년 3월 18일 23시,월요일,대전광역시 서구 복수동,경상사고,0,0,2,0,차대차 - 측면직각충돌,신호위반,건조,맑음,교차로 - 교차로안,승용,남,30세,상해없음,승용,남,39세,경상
2013031900100014,2013년 3월 19일 00시,화요일,대전광역시 동구 용전동,경상사고,0,0,1,0,차대차 - 측면직각충돌,안전운전불이행,건조,맑음,교차로 - 교차로안,승용,남,48세,상해없음,승용,남,27세,경상
2013031900100015,2013년 3월 19일 00시,화요일,대전광역시 서구 관저동,경상사고,0,0,4,0,차대차 - 측면직각충돌,교차로운행방법위반,건조,맑음,교차로 - 교차로안,승합,남,57세,상해없음,승용,남,36세,경상
2013031900100025,2013년 3월 19일 01시,화요일,대전광역시 서구 갈마동,경상사고,0,0,2,0,차대사람 - 기타,안전운전불이행,건조,흐림,교차로 - 교차로안,승용,남,27세,상해없음,보행자,남,30세,경상
2013031900100042,2013년 3월 19일 04시,화요일,대전광역시 서구 월평동,중상사고,0,2,0,0,차대차 - 정면충돌,중앙선침범,건조,흐림,단일로 - 기타,승용,남,19세,상해없음,화물,남,67세,중상
2013031900100068,2013년 3월 19일 06시,화요일,대전광역시 중구 대사동,중상사고,0,1,0,0,차대차 - 측면직각충돌,안전운전불이행,건조,맑음,단일로 - 기타,자전거,여,70세,중상,승합,여,48세,상해없음
2013031900100152,2013년 3월 19일 09시,화요일,대전광역시 중구 대흥동,경상사고,0,0,1,0,차량단독 - 기타,기타,건조,맑음,단일로 - 기타,승합,남,57세,상해없음,,,,
2013031900100229,2013년 3월 19일 12시,화요일,대전광역시 대덕구 오정동,중상사고,0,1,2,0,차대차 - 측면직각충돌,교차로운행방법위반,건조,맑음,교차로 - 교차로부근,승용,남,56세,상해없음,이륜,남,20세,중상
2013031900100253,2013년 3월 19일 13시,화요일,대전광역시 중구 선화동,경상사고,0,0,4,0,차대차 - 추돌 - 주정차중,안전운전불이행,건조,맑음,단일로 - 기타,승용,남,48세,상해없음,승합,남,55세,경상
2013031900100254,2013년 3월 19일 13시,화요일,대전광역시 중구 오류동,경상사고,0,0,1,0,차대차 - 측면직각충돌,안전거리미확보,건조,맑음,단일로 - 기타,승용,남,63세,상해없음,승합,남,48세,상해없음
2013031900100286,2013년 3월 19일 15시,화요일,대전광역시 동구 대별동,경상사고,0,0,16,0,차대차 - 추돌 - 진행중,안전운전불이행,건조,맑음,단일로 - 기타,승용,여,30세,상해없음,화물,남,51세,경상
2013031900100396,2013년 3월 19일 19시,화요일,대전광역시 동구 대성동,경상사고,0,0,1,0,차대차 - 기타,안전운전불이행,건조,맑음,단일로 - 기타,승용,남,54세,상해없음,승용,남,35세,경상
2013031900100409,2013년 3월 19일 19시,화요일,대전광역시 대덕구 목상동,중상사고,0,1,0,0,차대차 - 기타,신호위반,건조,맑음,교차로 - 교차로안,승용,남,31세,상해없음,이륜,남,42세,중상
2013031900100437,2013년 3월 19일 20시,화요일,대전광역시 대덕구 대화동,중상사고,0,1,3,0,차대차 - 추돌 - 주정차중,안전운전불이행,건조,맑음,교차로 - 교차로부근,화물,남,53세,상해없음,승용,여,54세,중상
2013031900100458,2013년 3월 19일 21시,화요일,대전광역시 유성구 방현동,경상사고,0,0,2,0,차대차 - 추돌 - 진행중,안전운전불이행,건조,맑음,단일로 - 기타,승용,여,57세,상해없음,승용,여,29세,경상
2013031900100489,2013년 3월 19일 22시,화요일,대전광역시 대덕구 신탄진동,경상사고,0,0,2,0,차대차 - 측면직각충돌,안전운전불이행,건조,맑음,단일로 - 기타,승합,남,47세,상해없음,승용,남,22세,경상
2013031900100490,2013년 3월 19일 22시,화요일,대전광역시 서구 둔산동,중상사고,0,2,2,0,차대차 - 기타,안전운전불이행,건조,맑음,교차로 - 교차로부근,승용,남,52세,상해없음,승용,남,46세,상해없음
2013031900100517,2013년 3월 19일 23시,화요일,대전광역시 동구 자양동,중상사고,0,1,0,0,차대차 - 추돌 - 진행중,안전운전불이행,건조,맑음,단일로 - 기타,승용,남,45세,상해없음,원동기,남,36세,중상
2013031900100518,2013년 3월 19일 23시,화요일,대전광역시 동구 삼성동,경상사고,0,0,1,0,차대차 - 측면직각충돌,신호위반,건조,맑음,교차로 - 교차로안,승용,남,28세,기타불명,승용,남,49세,경상
2013031900100519,2013년 3월 19일 23시,화요일,대전광역시 서구 용문동,중상사고,0,1,0,0,차대차 - 측면직각충돌,신호위반,건조,맑음,교차로 - 교차로안,승용,남,27세,상해없음,화물,남,28세,중상
2013032000100016,2013년 3월 20일 00시,수요일,대전광역시 유성구 봉명동,경상사고,0,0,1,0,차대사람 - 횡단중,안전운전불이행,건조,맑음,단일로 - 기타,승용,남,52세,상해없음,보행자,남,33세,경상
2013032000100032,2013년 3월 20일 01시,수요일,대전광역시 동구 효동,경상사고,0,0,1,0,차대차 - 추돌 - 주정차중,안전운전불이행,건조,맑음,교차로 - 교차로부근,승용,남,59세,상해없음,승용,여,28세,경상
2013032000100033,2013년 3월 20일 01시,수요일,대전광역시 유성구 봉명동,경상사고,0,0,1,0,차대차 - 측면직각충돌,안전운전불이행,건조,맑음,교차로 - 교차로안,승용,남,51세,상해없음,승용,남,51세,경상
2013032000100050,2013년 3월 20일 02시,수요일,대전광역시 중구 대흥동,경상사고,0,0,2,0,차대차 - 정면충돌,신호위반,건조,맑음,단일로 - 기타,승용,남,20세,상해없음,승용,남,33세,경상
2013032000100057,2013년 3월 20일 03시,수요일,대전광역시 서구 갈마동,경상사고,0,0,1,0,차대사람 - 기타,안전운전불이행,건조,맑음,단일로 - 기타,승용,남,44세,상해없음,보행자,남,30세,경상
2013032000100074,2013년 3월 20일 04시,수요일,대전광역시 대덕구 읍내동,경상사고,0,0,1,0,차대차 - 기타,안전운전불이행,건조,맑음,교차로 - 교차로안,승용,남,30세,상해없음,승용,남,29세,경상
2013032000100157,2013년 3월 20일 08시,수요일,대전광역시 동구 소제동,경상사고,0,0,1,0,차량단독 - 기타,안전운전불이행,건조,맑음,단일로 - 기타,승합,남,54세,상해없음,,,,
2013032000100186,2013년 3월 20일 09시,수요일,대전광역시 서구 둔산동,경상사고,0,0,1,0,차대차 - 기타,교차로운행방법위반,습기,비,교차로 - 교차로안,승용,남,28세,상해없음,승용,여,49세,경상
2013032000100283,2013년 3월 20일 13시,수요일,대전광역시 서구 복수동,경상사고,0,0,2,0,차대차 - 측면직각충돌,신호위반,건조,맑음,교차로 - 교차로안,승용,남,51세,경상,승용,남,46세,경상
2013032000100347,2013년 3월 20일 15시,수요일,대전광역시 동구 자양동,경상사고,0,0,1,0,차대차 - 추돌 - 진행중,안전거리미확보,건조,맑음,교차로 - 교차로안,승용,남,26세,상해없음,승용,남,59세,경상
2013032000100348,2013년 3월 20일 15시,수요일,대전광역시 서구 용문동,경상사고,0,0,2,0,차대차 - 측면직각충돌,안전거리미확보,건조,맑음,단일로 - 기타,화물,남,58세,상해없음,승용,여,52세,경상
2013032000100466,2013년 3월 20일 19시,수요일,대전광역시 서구 둔산동,중상사고,0,1,0,0,차대사람 - 기타,안전운전불이행,건조,맑음,단일로 - 기타,원동기,남,17세,중상,보행자,기타불명,기타불명,기타불명
2013032000100509,2013년 3월 20일 20시,수요일,대전광역시 동구 원동,중상사고,0,1,0,0,차대사람 - 횡단중,신호위반,건조,맑음,단일로 - 횡단보도상,승용,남,74세,상해없음,보행자,여,64세,중상
2013032000100536,2013년 3월 20일 21시,수요일,대전광역시 중구 유천동,중상사고,0,1,0,0,차대사람 - 기타,안전운전불이행,건조,맑음,단일로 - 기타,승용,남,25세,상해없음,보행자,여,17세,중상
2013032000100537,2013년 3월 20일 21시,수요일,대전광역시 유성구 죽동,경상사고,0,0,2,0,차대차 - 측면직각충돌,안전거리미확보,건조,맑음,교차로 - 교차로부근,승용,남,60세,상해없음,승용,남,36세,경상
2013032000100563,2013년 3월 20일 22시,수요일,대전광역시 대덕구 오정동,경상사고,0,0,1,0,차대차 - 측면직각충돌,신호위반,건조,맑음,교차로 - 교차로안,승용,남,42세,상해없음,승용,남,54세,경상
2013032000100564,2013년 3월 20일 22시,수요일,대전광역시 서구 둔산동,중상사고,0,1,0,0,차대차 - 측면직각충돌,신호위반,건조,맑음,교차로 - 교차로안,승용,여,27세,상해없음,이륜,남,32세,중상
2013032000100584,2013년 3월 20일 23시,수요일,대전광역시 유성구 원신흥동,중상사고,0,2,0,0,차대차 - 측면직각충돌,신호위반,건조,맑음,교차로 - 교차로안,승용,남,22세,상해없음,승용,남,49세,중상
2013032100100021,2013년 3월 21일 00시,목요일,대전광역시 중구 유천동,중상사고,0,1,0,0,차대차 - 추돌 - 진행중,안전운전불이행,건조,맑음,단일로 - 기타,승용,남,40세,상해없음,승용,여,32세,중상
2013032100100022,2013년 3월 21일 00시,목요일,대전광역시 서구 둔산동,경상사고,0,0,1,0,차대차 - 추돌 - 주정차중,안전운전불이행,건조,맑음,단일로 - 기타,승용,남,46세,상해없음,승용,남,28세,상해없음
2013032100100063,2013년 3월 21일 04시,목요일,대전광역시 서구 탄방동,경상사고,0,0,2,0,차대차 - 추돌 - 주정차중,안전운전불이행,건조,맑음,단일로 - 기타,승용,남,46세,상해없음,화물,남,31세,기타불명
2013032100100170,2013년 3월 21일 08시,목요일,대전광역시 대덕구 중리동,경상사고,0,0,1,0,차대사람 - 기타,안전운전불이행,건조,맑음,단일로 - 기타,승용,기타불명,기타불명,기타불명,보행자,여,16세,경상
2013032100100205,2013년 3월 21일 09시,목요일,대전광역시 동구 대동,경상사고,0,0,1,0,차량단독 - 기타,안전운전불이행,건조,맑음,교차로 - 교차로안,승용,남,51세,상해없음,,,,
2013032100100232,2013년 3월 21일 10시,목요일,대전광역시 동구 용전동,경상사고,0,0,1,0,차대차 - 추돌 - 주정차중,안전운전불이행,건조,맑음,교차로 - 교차로부근,승용,남,51세,상해없음,승용,여,39세,경상
2013032100100342,2013년 3월 21일 15시,목요일,대전광역시 서구 월평동,경상사고,0,0,2,0,차대차 - 측면직각충돌,신호위반,건조,맑음,교차로 - 교차로안,승용,여,56세,상해없음,승용,남,61세,경상
2013032100100343,2013년 3월 21일 15시,목요일,대전광역시 서구 갈마동,경상사고,0,0,1,0,차대사람 - 기타,안전운전불이행,건조,맑음,단일로 - 기타,승합,남,51세,상해없음,보행자,여,45세,경상
2013032100100402,2013년 3월 21일 17시,목요일,대전광역시 동구 가양동,경상사고,0,0,1,0,차대사람 - 횡단중,안전운전불이행,건조,맑음,단일로 - 횡단보도상,승용,남,66세,상해없음,보행자,남,13세,경상
2013032100100480,2013년 3월 21일 19시,목요일,대전광역시 동구 인동,경상사고,0,0,1,0,차대차 - 측면직각충돌,차로위반,건조,맑음,단일로 - 기타,승용,남,52세,상해없음,승용,여,50세,경상
2013032100100481,2013년 3월 21일 19시,목요일,대전광역시 동구 성남동,경상사고,0,0,2,0,차대차 - 추돌 - 주정차중,안전운전불이행,건조,맑음,단일로 - 기타,승용,기타불명,기타불명,기타불명,승용,남,25세,경상
2013032100100482,2013년 3월 21일 19시,목요일,대전광역시 동구 가양동,경상사고,0,0,2,0,차대차 - 추돌 - 진행중,안전운전불이행,건조,맑음,단일로 - 기타,승용,남,47세,상해없음,승용,남,32세,경상
2013032100100483,2013년 3월 21일 19시,목요일,대전광역시 동구 가양동,경상사고,0,0,1,0,차대사람 - 횡단중,안전운전불이행,건조,맑음,단일로 - 기타,승용,남,23세,상해없음,보행자,남,4세,경상
2013032100100550,2013년 3월 21일 21시,목요일,대전광역시 유성구 관평동,경상사고,0,0,2,0,차대차 - 기타,안전운전불이행,건조,맑음,교차로 - 교차로부근,승용,남,43세,상해없음,승용,남,36세,경상
2013032200100057,2013년 3월 22일 02시,금요일,대전광역시 유성구 봉명동,경상사고,0,0,1,0,차대차 - 기타,안전운전불이행,건조,맑음,단일로 - 기타,승용,남,24세,상해없음,화물,남,43세,경상
2013032200100126,2013년 3월 22일 07시,금요일,대전광역시 서구 용문동,중상사고,0,1,1,0,차대차 - 측면직각충돌,신호위반,건조,맑음,교차로 - 교차로안,화물,남,54세,상해없음,승용,남,51세,경상
2013032200100328,2013년 3월 22일 15시,금요일,대전광역시 동구 성남동,경상사고,0,0,1,0,차대차 - 추돌 - 진행중,안전거리미확보,건조,맑음,교차로 - 교차로안,승용,남,41세,상해없음,이륜,남,57세,경상
2013032200100362,2013년 3월 22일 16시,금요일,대전광역시 서구 둔산동,경상사고,0,0,1,0,차대차 - 추돌 - 진행중,안전거리미확보,건조,맑음,단일로 - 기타,승합,남,37세,상해없음,승용,여,60세,경상
2013032200100481,2013년 3월 22일 19시,금요일,대전광역시 대덕구 중리동,경상사고,0,0,1,0,차대차 - 측면직각충돌,중앙선침범,건조,맑음,교차로 - 교차로부근,승용,여,32세,상해없음,승용,여,35세,경상
2013032200100482,2013년 3월 22일 19시,금요일,대전광역시 서구 둔산동,경상사고,0,0,1,0,차대차 - 측면직각충돌,신호위반,건조,맑음,교차로 - 교차로안,승용,여,55세,상해없음,이륜,남,28세,경상