사고번호,사고일시,요일,시군구,사고내용,사망자수,중상자수,경상자수,부상신고자수,사고유형,법규위반,노면상태,기상상태,도로형태,가해운전자 차종,가해운전자 성별,가해운전자 연령,가해운전자 상해정도,피해운전자 차종,피해운전자 성별,피해운전자 연령,피해운전자 상해정도
2013042200100416,2013년 4월 22일 17시,월요일,대전광역시 서구 탄방동,경상사고,0,0,1,0,차대사람 - 기타,안전운전불이행,건조,맑음,단일로 - 기타,승용,남,51세,상해없음,보행자,남,7세,경상
2013042200100451,2013년 4월 22일 18시,월요일,대전광역시 동구 자양동,경상사고,0,0,1,0,차대차 - 측면직각충돌,안전운전불이행,건조,맑음,교차로 - 교차로안,승용,남,59세,상해없음,자전거,여,19세,경상
2013042200100489,2013년 4월 22일 19시,월요일,대전광역시 중구 유천동,경상사고,0,0,2,0,차대차 - 측면직각충돌,안전운전불이행,건조,맑음,교차로 - 교차로안,화물,남,58세,상해없음,화물,남,52세,경상
2013042200100519,2013년 4월 22일 20시,월요일,대전광역시 대덕구 읍내동,중상사고,0,1,2,0,차대차 - 추돌 - 진행중,안전거리미확보,건조,맑음,단일로 - 기타,승용,남,31세,중상,승용,남,50세,경상
2013042200100605,2013년 4월 22일 23시,월요일,대전광역시 서구 둔산동,경상사고,0,0,3,0,차대차 - 측면직각충돌,안전운전불이행,건조,맑음,단일로 - 기타,승용,기타불명,기타불명,기타불명,승용,여,29세,경상
2013042300100036,2013년 4월 23일 01시,화요일,대전광역시 유성구 봉명동,경상사고,0,0,1,0,차대차 - 기타,안전운전불이행,건조,맑음,단일로 - 기타,승용,남,71세,상해없음,승용,남,39세,경상
2013042300100054,2013년 4월 23일 03시,화요일,대전광역시 중구 대흥동,중상사고,0,1,0,0,차대차 - 추돌 - 주정차중,안전운전불이행,건조,맑음,단일로 - 기타,승용,남,28세,상해없음,화물,남,41세,기타불명
2013042300100055,2013년 4월 23일 03시,화요일,대전광역시 서구 월평동,중상사고,0,2,0,0,차대차 - 기타,안전거리미확보,건조,맑음,단일로 - 기타,화물,남,39세,중상,승용,남,41세,중상
2013042300100078,2013년 4월 23일 05시,화요일,대전광역시 중구 호동,중상사고,0,1,0,0,차량단독 - 기타,안전운전불이행,건조,맑음,단일로 - 기타,승용,여,17세,상해없음,,,,
2013042300100089,2013년 4월 23일 06시,화요일,대전광역시 동구 소제동,중상사고,0,1,0,0,차대차 - 측면직각충돌,안전운전불이행,건조,맑음,교차로 - 교차로안,승용,남,65세,상해없음,이륜,남,53세,중상
2013042300100110,2013년 4월 23일 07시,화요일,대전광역시 동구 홍도동,중상사고,0,4,1,0,차대차 - 정면충돌,중앙선침범,건조,맑음,단일로 - 기타,승용,남,19세,중상,승합,남,62세,중상
2013042300100205,2013년 4월 23일 10시,화요일,대전광역시 서구 도마동,경상사고,0,0,1,0,차대사람 - 차도통행중,안전운전불이행,습기,비,교차로 - 교차로안,승용,남,68세,상해없음,보행자,여,40세,경상
2013042300100219,2013년 4월 23일 11시,화요일,대전광역시 서구 용문동,경상사고,0,0,1,0,차대차 - 측면직각충돌,안전운전불이행,습기,비,단일로 - 기타,승용,여,34세,상해없음,승용,남,38세,경상
2013042300100220,2013년 4월 23일 11시,화요일,대전광역시 유성구 어은동,경상사고,0,0,1,0,차대차 - 기타,안전운전불이행,습기,비,교차로 - 교차로안,승용,여,50세,상해없음,이륜,남,60세,경상
2013042300100274,2013년 4월 23일 13시,화요일,대전광역시 유성구 봉명동,경상사고,0,0,1,0,차대차 - 측면직각충돌,안전운전불이행,습기,비,단일로 - 기타,승용,남,67세,상해없음,승용,남,40세,경상
2013042300100300,2013년 4월 23일 14시,화요일,대전광역시 서구 내동,중상사고,0,1,1,0,차대사람 - 보도통행중,신호위반,습기,비,교차로 - 교차로안,승용,남,24세,상해없음,보행자,남,12세,중상
2013042300100405,2013년 4월 23일 17시,화요일,대전광역시 동구 낭월동,중상사고,0,1,0,0,차량단독 - 기타,안전운전불이행,습기,비,단일로 - 기타,승합,남,51세,상해없음,,,,
2013042300100406,2013년 4월 23일 17시,화요일,대전광역시 서구 내동,경상사고,0,0,10,0,차대차 - 측면직각충돌,안전운전불이행,습기,비,단일로 - 기타,승용,남,41세,상해없음,승용,여,43세,경상
2013042300100407,2013년 4월 23일 17시,화요일,대전광역시 대덕구 중리동,경상사고,0,0,1,0,차대차 - 추돌 - 주정차중,안전운전불이행,습기,비,단일로 - 기타,승용,남,45세,상해없음,승용,여,37세,경상
2013042300100448,2013년 4월 23일 18시,화요일,대전광역시 유성구 송강동,경상사고,0,0,1,0,차대차 - 측면직각충돌,신호위반,습기,비,교차로 - 교차로안,이륜,남,41세,상해없음,승용,남,28세,경상
2013042300100508,2013년 4월 23일 19시,화요일,대전광역시 동구 원동,경상사고,0,0,1,0,차대차 - 추돌 - 진행중,안전거리미확보,습기,흐림,교차로 - 교차로안,승합,남,44세,상해없음,승용,남,49세,경상
2013042300100509,2013년 4월 23일 19시,화요일,대전광역시 서구 탄방동,경상사고,0,0,1,0,차대사람 - 횡단중,보행자보호의무위반,습기,비,단일로 - 횡단보도상,승용,남,50세,상해없음,보행자,여,27세,경상
2013042300100611,2013년 4월 23일 21시,화요일,대전광역시 동구 소제동,경상사고,0,0,1,1,차대차 - 측면직각충돌,안전운전불이행,건조,맑음,교차로 - 교차로안,승용,남,23세,상해없음,승용,남,64세,경상
2013042300100612,2013년 4월 23일 21시,화요일,대전광역시 동구 판암동,경상사고,0,0,2,0,차대차 - 측면직각충돌,안전운전불이행,건조,맑음,교차로 - 교차로안,승용,여,44세,경상,승합,남,35세,경상
2013042300100613,2013년 4월 23일 21시,화요일,대전광역시 유성구 원신흥동,경상사고,0,0,1,0,차대사람 - 횡단중,중앙선침범,습기,비,단일로 - 기타,승용,남,50세,상해없음,보행자,여,44세,경상
2013042300100657,2013년 4월 23일 22시,화요일,대전광역시 대덕구 와동,중상사고,0,1,0,0,차대사람 - 횡단중,신호위반,습기,비,교차로 - 교차로안,승용,남,58세,상해없음,보행자,여,50세,중상
2013042300100658,2013년 4월 23일 22시,화요일,대전광역시 서구 월평동,경상사고,0,0,2,0,차대차 - 추돌 - 주정차중,안전운전불이행,습기,비,단일로 - 기타,승용,남,59세,상해없음,승합,남,58세,경상
2013042300100700,2013년 4월 23일 23시,화요일,대전광역시 동구 소제동,경상사고,0,0,1,0,차대사람 - 기타,안전운전불이행,습기,흐림,기타 - 기타,승용,남,41세,상해없음,보행자,남,59세,경상
2013042300100701,2013년 4월 23일 23시,화요일,대전광역시 동구 대성동,중상사고,0,1,3,0,차대차 - 추돌 - 주정차중,안전운전불이행,건조,맑음,단일로 - 기타,승용,여,38세,상해없음,승용,남,56세,중상
2013042300100702,2013년 4월 23일 23시,화요일,대전광역시 서구 둔산동,중상사고,0,1,0,0,차대사람 - 횡단중,안전운전불이행,습기,비,단일로 - 횡단보도상,승용,남,54세,상해없음,보행자,여,17세,중상
2013042300100703,2013년 4월 23일 23시,화요일,대전광역시 유성구 관평동,중상사고,0,2,1,0,차대차 - 추돌 - 주정차중,안전운전불이행,습기,비,단일로 - 기타,승용,남,31세,상해없음,승용,남,43세,중상
2013042400100027,2013년 4월 24일 00시,수요일,대전광역시 서구 둔산동,경상사고,0,0,1,0,차대차 - 정면충돌,안전운전불이행,습기,비,단일로 - 기타,승용,여,27세,상해없음,승용,남,39세,경상
2013042400100048,2013년 4월 24일 01시,수요일,대전광역시 중구 부사동,중상사고,0,1,0,0,차대사람 - 기타,보행자보호의무위반,습기,비,교차로 - 교차로안,기타불명,기타불명,기타불명,기타불명,보행자,남,17세,중상
2013042400100074,2013년 4월 24일 03시,수요일,대전광역시 동구 삼성동,중상사고,0,1,1,0,차대차 - 추돌 - 주정차중,안전운전불이행,건조,맑음,교차로 - 교차로부근,승용,남,28세,상해없음,승용,남,55세,경상
2013042400100082,2013년 4월 24일 04시,수요일,대전광역시 서구 둔산동,중상사고,0,1,3,0,차대차 - 추돌 - 주정차중,안전운전불이행,습기,비,단일로 - 기타,승용,남,31세,상해없음,승용,남,58세,중상
2013042400100083,2013년 4월 24일 04시,수요일,대전광역시 서구 둔산동,중상사고,0,1,0,0,차대차 - 기타,안전거리미확보,습기,비,교차로 - 교차로안,기타불명,기타불명,기타불명,기타불명,승용,남,58세,중상
2013042400100199,2013년 4월 24일 10시,수요일,대전광역시 유성구 원촌동,경상사고,0,0,1,0,차대사람 - 기타,안전운전불이행,건조,맑음,단일로 - 기타,기타불명,기타불명,기타불명,기타불명,보행자,여,14세,경상
2013042400100275,2013년 4월 24일 13시,수요일,대전광역시 유성구 봉명동,경상사고,0,0,1,0,차대차 - 측면직각충돌,안전운전불이행,건조,맑음,단일로 - 횡단보도상,승용,여,55세,상해없음,자전거,남,62세,경상
2013042400100305,2013년 4월 24일 14시,수요일,대전광역시 동구 대동,경상사고,0,0,5,0,차대차 - 추돌 - 진행중,안전거리미확보,건조,맑음,교차로 - 교차로안,승용,남,54세,상해없음,승용,남,56세,경상
2013042400100468,2013년 4월 24일 18시,수요일,대전광역시 서구 흑석동,경상사고,0,0,2,0,차대차 - 추돌 - 진행중,안전운전불이행,건조,맑음,단일로 - 기타,화물,남,50세,상해없음,승용,남,74세,경상
2013042400100525,2013년 4월 24일 20시,수요일,대전광역시 대덕구 덕암동,경상사고,0,0,1,0,차대차 - 추돌 - 진행중,안전운전불이행,건조,맑음,단일로 - 기타,승용,남,54세,상해없음,승용,여,52세,경상
2013042400100553,2013년 4월 24일 21시,수요일,대전광역시 동구 소제동,경상사고,0,0,1,0,차대차 - 추돌 - 주정차중,안전운전불이행,건조,맑음,교차로 - 교차로부근,승용,남,33세,상해없음,승용,남,55세,경상
2013042400100575,2013년 4월 24일 22시,수요일,대전광역시 서구 도마동,경상사고,0,0,1,0,차대차 - 추돌 - 주정차중,안전운전불이행,건조,맑음,단일로 - 기타,승용,남,27세,상해없음,승용,남,34세,경상
2013042400100576,2013년 4월 24일 22시,수요일,대전광역시 대덕구 덕암동,경상사고,0,0,1,0,차대차 - 측면직각충돌,안전운전불이행,건조,맑음,교차로 - 교차로부근,화물,남,29세,상해없음,승용,남,48세,경상
2013042400100577,2013년 4월 24일 22시,수요일,대전광역시 서구 둔산동,중상사고,0,1,0,0,차대차 - 기타,안전운전불이행,건조,맑음,교차로 - 교차로안,승용,남,27세,상해없음,승용,남,43세,중상
2013042400100578,2013년 4월 24일 22시,수요일,대전광역시 유성구 상대동,경상사고,0,0,1,0,차대차 - 기타,신호위반,건조,맑음,단일로 - 횡단보도상,승용,여,41세,상해없음,자전거,남,18세,경상
2013042400100599,2013년 4월 24일 23시,수요일,대전광역시 서구 만년동,경상사고,0,0,1,0,차대차 - 기타,안전운전불이행,건조,맑음,단일로 - 기타,승용,남,33세,상해없음,화물,남,45세,경상
2013042500100021,2013년 4월 25일 00시,목요일,대전광역시 동구 가양동,경상사고,0,0,1,0,차대차 - 정면충돌,중앙선침범,건조,맑음,단일로 - 기타,승용,남,31세,상해없음,승용,남,61세,경상
2013042500100022,2013년 4월 25일 00시,목요일,대전광역시 서구 도마동,경상사고,0,0,1,0,차대차 - 정면충돌,신호위반,건조,맑음,교차로 - 교차로안,승용,남,29세,상해없음,승용,남,58세,경상
2013042500100023,2013년 4월 25일 00시,목요일,대전광역시 유성구 봉명동,경상사고,0,0,1,0,차대차 - 기타,안전운전불이행,건조,맑음,교차로 - 교차로안,승용,남,73세,상해없음,승용,남,55세,상해없음
2013042500100058,2013년 4월 25일 04시,목요일,대전광역시 서구 둔산동,경상사고,0,0,1,0,차대차 - 기타,안전운전불이행,건조,맑음,단일로 - 기타,승용,여,51세,상해없음,승용,여,31세,경상
2013042500100125,2013년 4월 25일 08시,목요일,대전광역시 유성구 궁동,경상사고,0,0,1,0,차량단독 - 기타,안전운전불이행,건조,맑음,단일로 - 기타,승합,남,57세,상해없음,,,,
2013042500100175,2013년 4월 25일 10시,목요일,대전광역시 서구 정림동,경상사고,0,0,1,0,차대차 - 추돌 - 주정차중,안전운전불이행,건조,맑음,단일로 - 기타,승용,남,38세,상해없음,승용,남,40세,경상
2013042500100286,2013년 4월 25일 14시,목요일,대전광역시 동구 가양동,경상사고,0,0,3,0,차대차 - 정면충돌,신호위반,건조,맑음,교차로 - 교차로안,승용,여,45세,상해없음,승용,남,57세,경상
2013042500100321,2013년 4월 25일 15시,목요일,대전광역시 중구 산성동,경상사고,0,0,1,0,차량단독 - 공작물충돌,안전운전불이행,건조,맑음,교차로 - 교차로안,승합,남,55세,상해없음,,,,
2013042500100322,2013년 4월 25일 15시,목요일,대전광역시 동구 용전동,중상사고,0,1,0,0,차대차 - 측면직각충돌,신호위반,건조,맑음,단일로 - 횡단보도부근,승용,남,22세,상해없음,승용,남,43세,중상
2013042500100355,2013년 4월 25일 16시,목요일,대전광역시 대덕구 송촌동,경상사고,0,0,1,0,차대사람 - 기타,안전운전불이행,건조,맑음,단일로 - 기타,승용,여,44세,상해없음,보행자,남,7세,경상
2013042500100385,2013년 4월 25일 17시,목요일,대전광역시 유성구 원내동,경상사고,0,0,1,0,차대사람 - 횡단중,보행자보호의무위반,건조,맑음,단일로 - 횡단보도상,승용,기타불명,기타불명,기타불명,보행자,남,16세,경상
2013042500100407,2013년 4월 25일 18시,목요일,대전광역시 대덕구 중리동,중상사고,0,1,0,0,차대차 - 측면직각충돌,안전운전불이행,건조,맑음,교차로 - 교차로안,승용,여,46세,중상,승용,남,32세,상해없음
2013042500100471,2013년 4월 25일 20시,목요일,대전광역시 동구 삼성동,경상사고,0,0,1,0,차대차 - 기타,안전거리미확보,건조,맑음,기타 - 기타,승합,남,48세,상해없음,승용,남,27세,경상
2013042500100509,2013년 4월 25일 21시,목요일,대전광역시 대덕구 덕암동,경상사고,0,0,1,0,차대사람 - 횡단중,보행자보호의무위반,건조,맑음,교차로 - 교차로안,승용,남,51세,상해없음,보행자,여,49세,경상
2013042500100537,2013년 4월 25일 22시,목요일,대전광역시 유성구 봉산동,경상사고,0,0,1,0,차대차 - 정면충돌,중앙선침범,건조,맑음,단일로 - 기타,승용,남,46세,상해없음,승용,남,32세,경상
2013042500100538,2013년 4월 25일 22시,목요일,대전광역시 유성구 교촌동,경상사고,0,0,1,0,차대차 - 추돌 - 주정차중,안전운전불이행,건조,맑음,교차로 - 교차로부근,승용,남,32세,상해없음,승합,남,35세,상해없음
2013042600100022,2013년 4월 26일 00시,금요일,대전광역시 동구 가오동,경상사고,0,0,1,0,차대차 - 측면직각충돌,신호위반,건조,맑음,교차로 - 교차로안,승용,남,38세,상해없음,승용,남,22세,경상
2013042600100164,2013년 4월 26일 08시,금요일,대전광역시 동구 삼성동,경상사고,0,0,2,0,차대차 - 기타,교차로운행방법위반,건조,맑음,교차로 - 교차로안,승용,남,48세,상해없음,승용,여,22세,경상
2013042600100301,2013년 4월 26일 13시,금요일,대전광역시 유성구 봉명동,경상사고,0,0,1,0,차량단독 - 기타,기타,건조,맑음,단일로 - 기타,승합,남,67세,상해없음,,,,
2013042600100334,2013년 4월 26일 14시,금요일,대전광역시 대덕구 중리동,중상사고,0,1,0,0,차대차 - 기타,신호위반,건조,맑음,교차로 - 교차로안,승용,여,31세,상해없음,이륜,남,38세,중상
2013042600100367,2013년 4월 26일 15시,금요일,대전광역시 서구 갈마동,경상사고,0,0,1,0,차대사람 - 횡단중,보행자보호의무위반,건조,맑음,단일로 - 횡단보도상,승용,남,61세,상해없음,보행자,남,7세,경상
2013042600100410,2013년 4월 26일 16시,금요일,대전광역시 동구 용전동,중상사고,0,1,0,0,차량단독 - 기타,안전거리미확보,건조,맑음,교차로 - 교차로부근,승합,남,50세,상해없음,,,,
2013042600100445,2013년 4월 26일 17시,금요일,대전광역시 서구 복수동,경상사고,0,0,1,0,차량단독 - 기타,안전운전불이행,건조,기타,교차로 - 교차로부근,승합,남,50세,상해없음,,,,
2013042600100483,2013년 4월 26일 18시,금요일,대전광역시 유성구 지족동,중상사고,0,1,0,0,차대사람 - 보도통행중,보행자보호의무위반,건조,맑음,단일로 - 기타,승용,여,60세,상해없음,보행자,남,8세,중상
2013042600100510,2013년 4월 26일 19시,금요일,대전광역시 중구 호동,부상신고사고,0,0,0,1,차대차 - 기타,교차로운행방법위반,건조,맑음,교차로 - 교차로안,자전거,남,14세,부상신고,승용,남,65세,상해없음
2013042600100511,2013년 4월 26일 19시,금요일,대전광역시 동구 소제동,경상사고,0,0,1,0,차대차 - 추돌 - 진행중,안전운전불이행,건조,맑음,교차로 - 교차로부근,승용,남,38세,상해없음,자전거,남,29세,경상
2013042700100019,2013년 4월 27일 00시,토요일,대전광역시 서구 월평동,경상사고,0,0,2,0,차대차 - 추돌 - 주정차중,안전운전불이행,건조,맑음,단일로 - 기타,승용,남,48세,상해없음,승용,남,31세,경상
2013042700100048,2013년 4월 27일 01시,토요일,대전광역시 유성구 도룡동,경상사고,0,0,2,0,차대차 - 기타,안전운전불이행,건조,맑음,교차로 - 교차로부근,화물,남,46세,상해없음,승용,남,55세,경상
2013042700100062,2013년 4월 27일 02시,토요일,대전광역시 동구 자양동,중상사고,0,2,0,0,차대차 - 측면직각충돌,안전운전불이행,건조,맑음,단일로 - 기타,승용,남,25세,상해없음,이륜,남,22세,중상
2013042700100063,2013년 4월 27일 02시,토요일,대전광역시 서구 탄방동,경상사고,0,0,3,0,차대차 - 정면충돌,중앙선침범,건조,맑음,단일로 - 기타,승용,남,34세,상해없음,승용,남,55세,경상
2013042700100081,2013년 4월 27일 03시,토요일,대전광역시 유성구 신성동,경상사고,0,0,1,0,차대차 - 추돌 - 주정차중,안전운전불이행,건조,맑음,단일로 - 기타,화물,남,30세,상해없음,승용,여,54세,경상
2013042700100082,2013년 4월 27일 03시,토요일,대전광역시 서구 월평동,중상사고,0,1,0,0,차량단독 - 공작물충돌,안전운전불이행,건조,맑음,단일로 - 기타,원동기,남,30세,중상,,,,
2013042700100149,2013년 4월 27일 07시,토요일,대전광역시 동구 가양동,경상사고,0,0,1,0,차대차 - 추돌 - 주정차중,안전운전불이행,건조,맑음,단일로 - 기타,승용,남,73세,상해없음,승합,남,41세,경상
2013042700100170,2013년 4월 27일 08시,토요일,대전광역시 대덕구 오정동,경상사고,0,0,1,0,차대사람 - 기타,안전운전불이행,건조,맑음,기타 - 기타,승용,남,54세,상해없음,보행자,남,28세,경상
2013042700100213,2013년 4월 27일 10시,토요일,대전광역시 동구 가오동,경상사고,0,0,4,0,차대차 - 추돌 - 주정차중,안전운전불이행,건조,맑음,기타 - 기타,승용,여,37세,경상,승용,여,55세,경상
2013042700100278,2013년 4월 27일 12시,토요일,대전광역시 서구 괴정동,경상사고,0,0,1,0,차대차 - 기타,안전운전불이행,건조,맑음,교차로 - 교차로안,승용,남,28세,상해없음,승용,남,40세,경상
2013042700100279,2013년 4월 27일 12시,토요일,대전광역시 서구 둔산동,경상사고,0,0,1,0,차대차 - 측면직각충돌,안전운전불이행,건조,맑음,교차로 - 교차로안,승용,여,50세,상해없음,승용,남,43세,경상
2013042700100341,2013년 4월 27일 14시,토요일,대전광역시 동구 원동,경상사고,0,0,1,0,차대사람 - 길가장자리구역통행중,안전운전불이행,건조,흐림,단일로 - 기타,승용,남,25세,상해없음,보행자,여,54세,경상
2013042700100456,2013년 4월 27일 17시,토요일,대전광역시 서구 도마동,경상사고,0,0,3,0,차대차 - 측면직각충돌,신호위반,건조,기타,교차로 - 교차로안,승용,남,55세,상해없음,승용,남,70세,경상
2013042700100457,2013년 4월 27일 17시,토요일,대전광역시 유성구 지족동,경상사고,0,0,1,0,차대차 - 기타,안전운전불이행,건조,맑음,단일로 - 기타,승용,기타불명,기타불명,기타불명,자전거,남,13세,경상
2013042700100607,2013년 4월 27일 21시,토요일,대전광역시 동구 가양동,경상사고,0,0,2,0,차대차 - 추돌 - 주정차중,안전운전불이행,건조,맑음,교차로 - 교차로부근,승용,남,35세,상해없음,승용,남,47세,경상
2013042700100608,2013년 4월 27일 21시,토요일,대전광역시 유성구 학하동,경상사고,0,0,1,0,차대차 - 추돌 - 주정차중,안전운전불이행,습기,흐림,단일로 - 기타,화물,남,52세,상해없음,화물,남,47세,경상
2013042700100637,2013년 4월 27일 22시,토요일,대전광역시 서구 괴정동,중상사고,0,1,0,0,차대차 - 기타,안전거리미확보,건조,맑음,단일로 - 기타,승용,남,30세,상해없음,자전거,남,38세,중상
2013042700100638,2013년 4월 27일 22시,토요일,대전광역시 서구 갈마동,경상사고,0,0,2,0,차대차 - 측면직각충돌,안전운전불이행,건조,맑음,단일로 - 기타,승용,남,43세,상해없음,승용,남,31세,경상
2013042800100024,2013년 4월 28일 00시,일요일,대전광역시 대덕구 오정동,중상사고,0,1,0,0,차대사람 - 기타,안전운전불이행,건조,맑음,단일로 - 기타,승용,남,70세,상해없음,보행자,남,47세,중상
2013042800100043,2013년 4월 28일 01시,일요일,대전광역시 서구 둔산동,경상사고,0,0,2,0,차대차 - 추돌 - 주정차중,안전운전불이행,건조,맑음,단일로 - 기타,승용,남,18세,상해없음,승용,남,23세,경상
2013042800100059,2013년 4월 28일 02시,일요일,대전광역시 중구 선화동,중상사고,0,1,2,0,차대차 - 측면직각충돌,안전운전불이행,건조,맑음,교차로 - 교차로안,승용,남,28세,상해없음,승용,남,68세,경상
2013042800100065,2013년 4월 28일 03시,일요일,대전광역시 유성구 송강동,경상사고,0,0,1,0,차대차 - 측면직각충돌,안전운전불이행,건조,맑음,교차로 - 교차로안,승용,남,48세,상해없음,승용,남,37세,경상
2013042800100106,2013년 4월 28일 06시,일요일,대전광역시 동구 정동,사망사고,1,0,1,0,차대차 - 측면직각충돌,신호위반,건조,맑음,교차로 - 교차로안,이륜,남,62세,사망,승합,여,57세,경상
2013042800100134,2013년 4월 28일 08시,일요일,대전광역시 대덕구 읍내동,중상사고,0,1,0,0,차대차 - 측면직각충돌,안전거리미확보,건조,맑음,단일로 - 기타,승용,남,29세,상해없음,원동기,남,72세,중상
2013042800100163,2013년 4월 28일 10시,일요일,대전광역시 중구 용두동,중상사고,0,1,2,0,차대차 - 측면직각충돌,신호위반,건조,맑음,교차로 - 교차로안,승용,남,54세,상해없음,승용,남,41세,중상
2013042800100214,2013년 4월 28일 12시,일요일,대전광역시 유성구 노은동,경상사고,0,0,2,0,차대차 - 측면직각충돌,신호위반,건조,맑음,교차로 - 교차로안,승용,남,24세,경상,승용,남,50세,경상
2013042800100215,2013년 4월 28일 12시,일요일,대전광역시 서구 월평동,경상사고,0,0,1,0,차대차 - 기타,안전운전불이행,건조,맑음,기타 - 기타,승용,남,51세,기타불명,이륜,남,51세,경상
2013042800100249,2013년 4월 28일 13시,일요일,대전광역시 동구 성남동,경상사고,0,0,1,0,차대사람 - 길가장자리구역통행중,보행자보호의무위반,건조,맑음,단일로 - 기타,승용,남,62세,상해없음,보행자,여,7세,경상
2013042800100250,2013년 4월 28일 13시,일요일,대전광역시 유성구 봉명동,경상사고,0,0,1,0,차대사람 - 횡단중,보행자보호의무위반,건조,맑음,교차로 - 교차로부근,승용,남,38세,상해없음,보행자,여,22세,경상
2013042800100284,2013년 4월 28일 14시,일요일,대전광역시 동구 대동,경상사고,0,0,1,0,차대차 - 추돌 - 주정차중,안전운전불이행,건조,맑음,단일로 - 기타,승용,남,29세,상해없음,승용,남,51세,경상
2013042800100464,2013년 4월 28일 20시,일요일,대전광역시 중구 태평동,경상사고,0,0,2,0,차대차 - 추돌 - 진행중,안전운전불이행,건조,맑음,교차로 - 교차로안,승용,기타불명,기타불명,기타불명,승용,남,62세,경상
2013042800100465,2013년 4월 28일 20시,일요일,대전광역시 대덕구 중리동,경상사고,0,0,1,0,차대차 - 추돌 - 주정차중,안전운전불이행,건조,맑음,교차로 - 교차로안,승용,남,33세,상해없음,화물,남,29세,경상
2013042800100495,2013년 4월 28일 21시,일요일,대전광역시 동구 가오동,경상사고,0,0,1,0,차대차 - 추돌 - 주정차중,차로위반,건조,맑음,교차로 - 교차로부근,승용,남,59세,상해없음,승용,남,53세,경상
2013042800100496,2013년 4월 28일 21시,일요일,대전광역시 서구 관저동,중상사고,0,1,0,0,차대사람 - 기타,안전운전불이행,건조,기타,단일로 - 기타,승용,남,66세,상해없음,보행자,여,19세,중상
2013042800100497,2013년 4월 28일 21시,일요일,대전광역시 서구 월평동,중상사고,0,1,0,0,차대차 - 추돌 - 주정차중,안전운전불이행,건조,맑음,교차로 - 교차로안,이륜,남,18세,상해없음,승용,남,34세,상해없음
2013042800100519,2013년 4월 28일 22시,일요일,대전광역시 유성구 구암동,중상사고,0,1,0,0,차대차 - 측면직각충돌,중앙선침범,건조,맑음,단일로 - 기타,승용,남,46세,상해없음,승용,여,53세,중상
2013042800100547,2013년 4월 28일 23시,일요일,대전광역시 동구 원동,경상사고,0,0,1,0,차대차 - 추돌 - 주정차중,안전운전불이행,건조,흐림,교차로 - 교차로부근,승용,남,48세,상해없음,승용,남,44세,경상
2013042800100548,2013년 4월 28일 23시,일요일,대전광역시 서구 괴정동,경상사고,0,0,1,0,차대사람 - 기타,안전운전불이행,건조,기타,교차로 - 교차로부근,이륜,남,37세,상해없음,보행자,여,28세,경상
2013042900100011,2013년 4월 29일 00시,월요일,대전광역시 중구 용두동,경상사고,0,0,1,0,차대차 - 정면충돌,신호위반,건조,맑음,교차로 - 교차로안,승용,남,35세,상해없음,승용,남,30세,경상
2013042900100064,2013년 4월 29일 06시,월요일,대전광역시 대덕구 연축동,사망사고,1,0,0,0,차량단독 - 공작물충돌,안전운전불이행,건조,흐림,단일로 - 기타,승용,남,55세,사망,,,,
2013042900100096,2013년 4월 29일 07시,월요일,대전광역시 동구 대동,중상사고,0,1,0,0,차대차 - 추돌 - 주정차중,안전운전불이행,습기,비,교차로 - 교차로부근,승용,남,68세,상해없음,승용,남,72세,상해없음
2013042900100135,2013년 4월 29일 08시,월요일,대전광역시 서구 월평동,경상사고,0,0,1,0,차대차 - 추돌 - 주정차중,안전운전불이행,습기,비,교차로 - 교차로부근,승용,여,28세,상해없음,승용,남,38세,경상
2013042900100170,2013년 4월 29일 09시,월요일,대전광역시 유성구 봉명동,사망사고,1,0,0,0,차대차 - 측면직각충돌,신호위반,습기,비,교차로 - 교차로안,승합,남,56세,상해없음,승용,남,69세,사망
2013042900100174,2013년 4월 29일 10시,월요일,대전광역시 동구 비룡동,중상사고,0,1,0,0,차량단독 - 공작물충돌,안전운전불이행,습기,비,교차로 - 교차로부근,승합,남,27세,상해없음,,,,
2013042900100184,2013년 4월 29일 10시,월요일,대전광역시 유성구 봉명동,경상사고,0,0,1,0,차대차 - 기타,신호위반,습기,비,교차로 - 교차로안,승용,여,30세,상해없음,승용,남,56세,경상
2013042900100242,2013년 4월 29일 12시,월요일,대전광역시 유성구 관평동,중상사고,0,1,0,0,차대차 - 측면직각충돌,교차로운행방법위반,습기,흐림,교차로 - 교차로안,승용,여,43세,상해없음,승용,여,37세,중상
2013042900100263,2013년 4월 29일 13시,월요일,대전광역시 서구 정림동,중상사고,0,1,0,0,차량단독 - 기타,안전운전불이행,건조,맑음,단일로 - 기타,승합,남,31세,상해없음,,,,
2013042900100264,2013년 4월 29일 13시,월요일,대전광역시 대덕구 석봉동,경상사고,0,0,1,0,차량단독 - 기타,기타,건조,맑음,단일로 - 기타,승합,남,46세,상해없음,,,,
2013042900100401,2013년 4월 29일 18시,월요일,대전광역시 대덕구 상서동,경상사고,0,0,1,0,차대차 - 추돌 - 주정차중,안전운전불이행,건조,맑음,교차로 - 교차로안,화물,남,35세,상해없음,화물,남,54세,경상