사고번호,사고일시,요일,시군구,사고내용,사망자수,중상자수,경상자수,부상신고자수,사고유형,법규위반,노면상태,기상상태,도로형태,가해운전자 차종,가해운전자 성별,가해운전자 연령,가해운전자 상해정도,피해운전자 차종,피해운전자 성별,피해운전자 연령,피해운전자 상해정도
2013042900100424,2013년 4월 29일 19시,월요일,대전광역시 중구 유천동,경상사고,0,0,1,0,차대차 - 측면직각충돌,중앙선침범,건조,흐림,교차로 - 교차로부근,승용,남,67세,상해없음,승용,남,27세,경상
2013042900100425,2013년 4월 29일 19시,월요일,대전광역시 대덕구 읍내동,중상사고,0,1,0,0,차대사람 - 길가장자리구역통행중,안전운전불이행,건조,맑음,단일로 - 기타,승합,남,39세,상해없음,보행자,남,59세,중상
2013042900100459,2013년 4월 29일 20시,월요일,대전광역시 동구 가양동,경상사고,0,0,2,0,차대차 - 측면직각충돌,교차로운행방법위반,건조,맑음,교차로 - 교차로안,승용,남,26세,상해없음,승용,여,25세,경상
2013042900100491,2013년 4월 29일 21시,월요일,대전광역시 중구 목동,경상사고,0,0,1,0,차대차 - 기타,안전운전불이행,건조,흐림,교차로 - 교차로부근,승용,남,46세,상해없음,원동기,남,19세,경상
2013042900100492,2013년 4월 29일 21시,월요일,대전광역시 서구 복수동,경상사고,0,0,2,0,차대차 - 측면직각충돌,교차로운행방법위반,건조,맑음,교차로 - 교차로안,승용,여,35세,상해없음,화물,남,29세,경상
2013042900100493,2013년 4월 29일 21시,월요일,대전광역시 대덕구 오정동,경상사고,0,0,2,0,차대차 - 추돌 - 주정차중,안전운전불이행,건조,맑음,단일로 - 기타,승용,남,25세,상해없음,승용,여,48세,경상
2013043000100019,2013년 4월 30일 00시,화요일,대전광역시 서구 가장동,경상사고,0,0,1,0,차대차 - 기타,안전운전불이행,건조,맑음,교차로 - 교차로부근,승용,남,55세,상해없음,승용,남,28세,상해없음
2013043000100100,2013년 4월 30일 07시,화요일,대전광역시 중구 용두동,경상사고,0,0,1,0,차량단독 - 기타,안전거리미확보,건조,맑음,교차로 - 교차로부근,승합,남,52세,상해없음,,,,
2013043000100101,2013년 4월 30일 07시,화요일,대전광역시 서구 괴정동,경상사고,0,0,1,0,차대차 - 측면직각충돌,신호위반,건조,맑음,교차로 - 교차로안,승용,남,63세,상해없음,승용,남,40세,경상
2013043000100102,2013년 4월 30일 07시,화요일,대전광역시 서구 도마동,중상사고,0,1,0,0,차대사람 - 횡단중,안전운전불이행,건조,맑음,교차로 - 교차로부근,화물,남,51세,상해없음,보행자,여,51세,중상
2013043000100103,2013년 4월 30일 07시,화요일,대전광역시 서구 탄방동,중상사고,0,1,0,0,차대사람 - 기타,안전운전불이행,건조,맑음,단일로 - 기타,승용,남,35세,상해없음,보행자,남,9세,중상
2013043000100136,2013년 4월 30일 08시,화요일,대전광역시 유성구 전민동,중상사고,0,1,0,0,차대사람 - 횡단중,안전운전불이행,건조,맑음,기타 - 기타,승용,남,25세,상해없음,보행자,여,51세,중상
2013043000100191,2013년 4월 30일 10시,화요일,대전광역시 중구 오류동,경상사고,0,0,1,0,차대차 - 추돌 - 주정차중,안전운전불이행,건조,맑음,단일로 - 기타,승용,여,34세,상해없음,승용,남,25세,경상
2013043000100217,2013년 4월 30일 11시,화요일,대전광역시 중구 유천동,중상사고,0,1,0,0,차량단독 - 기타,기타,건조,맑음,단일로 - 기타,승합,남,57세,상해없음,,,,
2013043000100247,2013년 4월 30일 12시,화요일,대전광역시 유성구 노은동,중상사고,0,2,1,0,차대차 - 측면직각충돌,신호위반,건조,맑음,교차로 - 교차로안,승용,남,59세,상해없음,승용,여,52세,중상
2013043000100272,2013년 4월 30일 13시,화요일,대전광역시 중구 선화동,중상사고,0,1,3,0,차대차 - 추돌 - 주정차중,안전운전불이행,건조,맑음,교차로 - 교차로부근,화물,남,46세,상해없음,승용,남,54세,경상
2013043000100336,2013년 4월 30일 15시,화요일,대전광역시 동구 삼성동,경상사고,0,0,1,0,차대사람 - 횡단중,보행자보호의무위반,건조,흐림,단일로 - 횡단보도상,승용,여,57세,상해없음,보행자,남,65세,경상
2013043000100337,2013년 4월 30일 15시,화요일,대전광역시 유성구 구암동,경상사고,0,0,1,0,차대차 - 추돌 - 주정차중,안전운전불이행,건조,맑음,단일로 - 기타,승합,남,51세,상해없음,승용,여,33세,경상
2013043000100379,2013년 4월 30일 16시,화요일,대전광역시 동구 판암동,경상사고,0,0,2,0,차대차 - 측면직각충돌,안전운전불이행,건조,맑음,단일로 - 기타,승용,여,38세,경상,화물,남,63세,상해없음
2013043000100380,2013년 4월 30일 16시,화요일,대전광역시 동구 대동,중상사고,0,1,0,0,차량단독 - 기타,기타,건조,맑음,단일로 - 기타,승합,남,57세,상해없음,,,,
2013043000100419,2013년 4월 30일 17시,화요일,대전광역시 중구 오류동,경상사고,0,0,1,0,차대사람 - 횡단중,안전운전불이행,건조,맑음,단일로 - 횡단보도상,승용,남,64세,상해없음,보행자,여,12세,경상
2013043000100420,2013년 4월 30일 17시,화요일,대전광역시 유성구 궁동,중상사고,0,1,0,0,차대차 - 측면직각충돌,안전거리미확보,건조,맑음,단일로 - 기타,승용,여,36세,상해없음,화물,남,32세,중상
2013043000100457,2013년 4월 30일 18시,화요일,대전광역시 유성구 금고동,중상사고,0,1,0,0,차대사람 - 횡단중,안전운전불이행,건조,맑음,단일로 - 기타,승용,여,45세,상해없음,보행자,남,52세,중상
2013043000100489,2013년 4월 30일 19시,화요일,대전광역시 대덕구 비래동,중상사고,0,2,7,4,차대차 - 정면충돌,중앙선침범,건조,맑음,단일로 - 기타,승용,남,53세,상해없음,승합,남,44세,중상
2013043000100519,2013년 4월 30일 20시,화요일,대전광역시 대덕구 신대동,중상사고,0,2,2,0,차대차 - 추돌 - 진행중,안전운전불이행,건조,맑음,단일로 - 기타,화물,남,44세,상해없음,승용,남,45세,경상
2013043000100597,2013년 4월 30일 22시,화요일,대전광역시 유성구 교촌동,중상사고,0,1,0,0,차대차 - 추돌 - 진행중,안전거리미확보,건조,맑음,교차로 - 교차로부근,화물,남,48세,상해없음,승용,남,31세,중상
2013043000100625,2013년 4월 30일 23시,화요일,대전광역시 서구 갈마동,경상사고,0,0,1,0,차대차 - 추돌 - 진행중,안전운전불이행,건조,맑음,교차로 - 교차로부근,승용,남,38세,상해없음,승용,남,26세,경상
2013050100100026,2013년 5월 1일 00시,수요일,대전광역시 중구 오류동,중상사고,0,1,0,0,차대사람 - 횡단중,안전운전불이행,건조,맑음,단일로 - 기타,승용,남,64세,상해없음,보행자,남,22세,중상
2013050100100027,2013년 5월 1일 00시,수요일,대전광역시 동구 용운동,경상사고,0,0,1,0,차대차 - 측면직각충돌,안전거리미확보,건조,맑음,단일로 - 기타,원동기,남,24세,상해없음,원동기,남,20세,경상
2013050100100028,2013년 5월 1일 00시,수요일,대전광역시 서구 월평동,경상사고,0,0,3,0,차대차 - 기타,중앙선침범,건조,맑음,단일로 - 기타,승용,남,35세,상해없음,승용,남,61세,경상
2013050100100061,2013년 5월 1일 01시,수요일,대전광역시 서구 둔산동,경상사고,0,0,2,0,차대차 - 추돌 - 주정차중,안전운전불이행,건조,맑음,교차로 - 교차로부근,승용,남,32세,상해없음,승용,남,49세,경상
2013050100100074,2013년 5월 1일 02시,수요일,대전광역시 동구 자양동,경상사고,0,0,1,0,차대차 - 측면직각충돌,안전운전불이행,건조,맑음,단일로 - 기타,승용,남,23세,상해없음,원동기,남,18세,경상
2013050100100123,2013년 5월 1일 06시,수요일,대전광역시 유성구 상대동,중상사고,0,1,0,0,차대사람 - 기타,안전운전불이행,건조,맑음,단일로 - 기타,승용,남,59세,상해없음,보행자,남,36세,중상
2013050100100177,2013년 5월 1일 08시,수요일,대전광역시 중구 문화동,경상사고,0,0,1,0,차대차 - 측면직각충돌,신호위반,건조,맑음,교차로 - 교차로안,승용,남,19세,상해없음,승용,여,50세,경상
2013050100100240,2013년 5월 1일 11시,수요일,대전광역시 중구 사정동,경상사고,0,0,2,0,차대차 - 측면직각충돌,안전거리미확보,건조,맑음,단일로 - 기타,승용,남,32세,상해없음,승용,남,58세,경상
2013050100100241,2013년 5월 1일 11시,수요일,대전광역시 동구 용전동,경상사고,0,0,1,0,차량단독 - 기타,기타,건조,맑음,단일로 - 기타,승합,남,47세,상해없음,,,,
2013050100100415,2013년 5월 1일 17시,수요일,대전광역시 중구 침산동,중상사고,0,1,0,0,차량단독 - 공작물충돌,안전운전불이행,건조,맑음,단일로 - 기타,승용,남,53세,중상,,,,
2013050100100465,2013년 5월 1일 18시,수요일,대전광역시 동구 홍도동,중상사고,0,1,0,0,차대사람 - 차도통행중,안전운전불이행,건조,맑음,단일로 - 기타,이륜,남,43세,상해없음,보행자,남,8세,중상
2013050100100466,2013년 5월 1일 18시,수요일,대전광역시 대덕구 오정동,경상사고,0,0,2,0,차대차 - 추돌 - 주정차중,안전운전불이행,건조,맑음,단일로 - 기타,원동기,남,52세,경상,승용,남,67세,경상
2013050100100540,2013년 5월 1일 20시,수요일,대전광역시 중구 태평동,중상사고,0,1,0,0,차대사람 - 횡단중,안전운전불이행,습기,비,단일로 - 횡단보도상,승용,남,54세,상해없음,보행자,여,62세,중상
2013050100100541,2013년 5월 1일 20시,수요일,대전광역시 중구 태평동,경상사고,0,0,1,0,차대차 - 추돌 - 주정차중,안전운전불이행,습기,비,교차로 - 교차로안,승합,남,48세,상해없음,승용,남,54세,경상
2013050100100542,2013년 5월 1일 20시,수요일,대전광역시 동구 소제동,중상사고,0,1,0,0,차대사람 - 횡단중,안전운전불이행,건조,맑음,단일로 - 기타,승용,남,72세,상해없음,보행자,남,53세,중상
2013050100100543,2013년 5월 1일 20시,수요일,대전광역시 유성구 구암동,경상사고,0,0,1,0,차대사람 - 횡단중,신호위반,습기,비,교차로 - 교차로부근,승용,여,42세,상해없음,보행자,여,64세,경상
2013050100100570,2013년 5월 1일 21시,수요일,대전광역시 유성구 상대동,경상사고,0,0,1,0,차대차 - 측면직각충돌,중앙선침범,건조,맑음,단일로 - 기타,승용,여,52세,상해없음,승용,여,23세,경상
2013050100100599,2013년 5월 1일 22시,수요일,대전광역시 중구 옥계동,중상사고,0,2,0,0,차대차 - 추돌 - 진행중,안전운전불이행,건조,맑음,교차로 - 교차로부근,승용,남,47세,상해없음,승용,남,49세,중상
2013050100100624,2013년 5월 1일 23시,수요일,대전광역시 중구 옥계동,중상사고,0,1,0,0,차대사람 - 횡단중,안전운전불이행,건조,맑음,단일로 - 기타,승용,남,41세,상해없음,보행자,남,70세,중상
2013050200100018,2013년 5월 2일 01시,목요일,대전광역시 서구 가장동,중상사고,0,1,1,0,차대차 - 측면직각충돌,신호위반,건조,맑음,교차로 - 교차로안,화물,남,55세,중상,승용,남,31세,경상
2013050200100123,2013년 5월 2일 08시,목요일,대전광역시 중구 목동,중상사고,0,1,0,0,차대사람 - 횡단중,안전운전불이행,건조,맑음,교차로 - 교차로안,승용,남,60세,상해없음,보행자,여,63세,중상
2013050200100290,2013년 5월 2일 14시,목요일,대전광역시 중구 문화동,경상사고,0,0,1,0,차대차 - 측면직각충돌,안전운전불이행,건조,맑음,기타 - 기타,화물,남,34세,상해없음,승용,남,61세,경상
2013050200100345,2013년 5월 2일 16시,목요일,대전광역시 서구 괴정동,경상사고,0,0,9,0,차대차 - 추돌 - 주정차중,안전운전불이행,건조,맑음,교차로 - 교차로부근,승용,남,74세,상해없음,승합,남,46세,경상
2013050200100393,2013년 5월 2일 17시,목요일,대전광역시 서구 정림동,경상사고,0,0,1,0,차대차 - 추돌 - 주정차중,안전운전불이행,건조,맑음,단일로 - 기타,승용,남,53세,상해없음,승용,여,51세,경상
2013050200100500,2013년 5월 2일 20시,목요일,대전광역시 중구 태평동,경상사고,0,0,2,0,차대차 - 측면직각충돌,교차로운행방법위반,건조,맑음,교차로 - 교차로안,승용,남,54세,상해없음,승용,남,28세,경상
2013050200100501,2013년 5월 2일 20시,목요일,대전광역시 동구 홍도동,경상사고,0,0,1,0,차대차 - 측면직각충돌,안전거리미확보,건조,맑음,단일로 - 기타,승용,남,43세,상해없음,승용,남,58세,경상
2013050200100535,2013년 5월 2일 21시,목요일,대전광역시 동구 용운동,중상사고,0,1,2,0,차대차 - 측면직각충돌,중앙선침범,건조,맑음,단일로 - 기타,승용,남,58세,상해없음,이륜,남,50세,중상
2013050200100567,2013년 5월 2일 22시,목요일,대전광역시 유성구 관평동,중상사고,0,1,1,0,차대차 - 측면직각충돌,중앙선침범,건조,맑음,교차로 - 교차로부근,승용,남,46세,상해없음,승용,남,65세,중상
2013050300100026,2013년 5월 3일 00시,금요일,대전광역시 대덕구 오정동,경상사고,0,0,1,0,차대사람 - 횡단중,안전운전불이행,건조,맑음,단일로 - 기타,승용,남,39세,상해없음,보행자,남,13세,상해없음
2013050300100027,2013년 5월 3일 00시,금요일,대전광역시 유성구 궁동,경상사고,0,0,1,0,차대사람 - 횡단중,신호위반,건조,맑음,교차로 - 교차로부근,승용,남,20세,상해없음,보행자,남,33세,경상
2013050300100028,2013년 5월 3일 00시,금요일,대전광역시 서구 월평동,중상사고,0,1,0,0,차대사람 - 기타,안전운전불이행,건조,맑음,단일로 - 기타,승용,남,60세,상해없음,보행자,남,29세,중상
2013050300100041,2013년 5월 3일 01시,금요일,대전광역시 중구 유천동,사망사고,1,0,0,0,차대사람 - 횡단중,안전운전불이행,건조,맑음,교차로 - 교차로부근,승용,남,45세,상해없음,보행자,남,54세,사망
2013050300100167,2013년 5월 3일 08시,금요일,대전광역시 동구 홍도동,중상사고,0,1,0,0,차대차 - 측면직각충돌,안전운전불이행,건조,맑음,교차로 - 교차로안,승용,남,38세,상해없음,자전거,남,45세,중상
2013050300100168,2013년 5월 3일 08시,금요일,대전광역시 동구 원동,중상사고,0,1,0,0,차대사람 - 차도통행중,신호위반,건조,맑음,단일로 - 기타,이륜,남,42세,상해없음,보행자,여,41세,중상
2013050300100197,2013년 5월 3일 09시,금요일,대전광역시 동구 용전동,경상사고,0,0,3,0,차대차 - 측면직각충돌,안전운전불이행,건조,맑음,교차로 - 교차로부근,승용,남,54세,상해없음,승합,남,34세,경상
2013050300100223,2013년 5월 3일 10시,금요일,대전광역시 서구 도마동,경상사고,0,0,1,0,차대차 - 측면직각충돌,안전운전불이행,건조,맑음,단일로 - 기타,승용,남,49세,상해없음,승용,남,45세,경상
2013050300100269,2013년 5월 3일 12시,금요일,대전광역시 동구 대성동,경상사고,0,0,2,0,차대차 - 측면직각충돌,중앙선침범,건조,맑음,단일로 - 기타,승용,남,51세,상해없음,원동기,남,60세,경상
2013050300100306,2013년 5월 3일 13시,금요일,대전광역시 서구 탄방동,경상사고,0,0,1,0,차대차 - 추돌 - 진행중,안전운전불이행,건조,맑음,교차로 - 교차로안,승용,여,39세,상해없음,승용,여,53세,경상
2013050300100334,2013년 5월 3일 14시,금요일,대전광역시 서구 둔산동,중상사고,0,1,0,0,차대차 - 추돌 - 주정차중,안전운전불이행,건조,맑음,단일로 - 기타,승용,남,24세,상해없음,승용,여,42세,중상
2013050300100434,2013년 5월 3일 17시,금요일,대전광역시 서구 갈마동,경상사고,0,0,1,0,차대차 - 추돌 - 진행중,안전운전불이행,건조,맑음,단일로 - 기타,승용,남,45세,상해없음,승용,남,45세,경상
2013050300100435,2013년 5월 3일 17시,금요일,대전광역시 서구 월평동,경상사고,0,0,1,0,차대사람 - 횡단중,보행자보호의무위반,건조,맑음,교차로 - 교차로안,승합,남,58세,상해없음,보행자,여,31세,경상
2013050300100475,2013년 5월 3일 18시,금요일,대전광역시 중구 오류동,경상사고,0,0,1,0,차대차 - 기타,안전운전불이행,건조,맑음,교차로 - 교차로안,승용,남,62세,상해없음,승용,남,29세,상해없음
2013050300100476,2013년 5월 3일 18시,금요일,대전광역시 서구 관저동,중상사고,0,1,0,0,차대사람 - 차도통행중,안전운전불이행,건조,맑음,단일로 - 기타,승용,여,31세,상해없음,보행자,남,55세,중상
2013050300100517,2013년 5월 3일 19시,금요일,대전광역시 대덕구 신대동,중상사고,0,4,0,1,차대차 - 추돌 - 주정차중,안전운전불이행,건조,맑음,단일로 - 교량,승용,남,67세,상해없음,승용,여,33세,중상
2013050300100556,2013년 5월 3일 20시,금요일,대전광역시 서구 내동,경상사고,0,0,1,0,차대차 - 추돌 - 진행중,안전운전불이행,습기,비,교차로 - 교차로부근,화물,남,50세,상해없음,승용,남,29세,경상
2013050300100557,2013년 5월 3일 20시,금요일,대전광역시 대덕구 중리동,중상사고,0,1,0,0,차대사람 - 횡단중,안전운전불이행,습기,비,단일로 - 기타,승용,여,51세,상해없음,보행자,남,45세,중상
2013050300100600,2013년 5월 3일 21시,금요일,대전광역시 유성구 관평동,경상사고,0,0,2,0,차대차 - 기타,안전운전불이행,습기,비,교차로 - 교차로안,승용,남,28세,상해없음,승용,남,26세,경상
2013050300100601,2013년 5월 3일 21시,금요일,대전광역시 서구 둔산동,경상사고,0,0,1,0,차대차 - 추돌 - 진행중,안전운전불이행,습기,비,단일로 - 기타,승용,남,45세,상해없음,승용,남,61세,경상
2013050300100602,2013년 5월 3일 21시,금요일,대전광역시 서구 월평동,경상사고,0,0,2,0,차대차 - 기타,교차로운행방법위반,습기,비,교차로 - 교차로안,승용,여,30세,상해없음,승용,남,37세,경상
2013050300100647,2013년 5월 3일 22시,금요일,대전광역시 동구 가양동,경상사고,0,0,1,0,차대차 - 추돌 - 주정차중,안전운전불이행,건조,맑음,교차로 - 교차로부근,승용,여,34세,상해없음,승용,남,28세,경상
2013050300100648,2013년 5월 3일 22시,금요일,대전광역시 동구 가양동,경상사고,0,0,1,0,차대차 - 추돌 - 진행중,교차로운행방법위반,건조,맑음,교차로 - 교차로부근,승용,남,44세,상해없음,원동기,남,23세,경상
2013050300100649,2013년 5월 3일 22시,금요일,대전광역시 유성구 봉명동,경상사고,0,0,1,0,차대차 - 기타,안전운전불이행,건조,맑음,단일로 - 기타,승용,남,37세,상해없음,승용,남,49세,경상
2013050300100690,2013년 5월 3일 23시,금요일,대전광역시 서구 탄방동,경상사고,0,0,2,0,차대사람 - 기타,안전운전불이행,건조,맑음,단일로 - 기타,자전거,남,22세,상해없음,보행자,여,32세,경상
2013050400100029,2013년 5월 4일 00시,토요일,대전광역시 중구 태평동,경상사고,0,0,1,0,차대차 - 측면직각충돌,중앙선침범,습기,흐림,단일로 - 기타,승용,남,55세,상해없음,이륜,남,39세,경상
2013050400100051,2013년 5월 4일 01시,토요일,대전광역시 중구 유천동,경상사고,0,0,1,0,차대차 - 추돌 - 진행중,안전운전불이행,건조,맑음,단일로 - 기타,승용,남,64세,상해없음,승용,남,56세,경상
2013050400100104,2013년 5월 4일 05시,토요일,대전광역시 서구 둔산동,중상사고,0,3,0,0,차대차 - 기타,안전운전불이행,건조,맑음,교차로 - 교차로부근,승용,남,41세,상해없음,승용,여,43세,중상
2013050400100120,2013년 5월 4일 06시,토요일,대전광역시 동구 용전동,경상사고,0,0,1,0,차대차 - 측면직각충돌,교차로운행방법위반,건조,맑음,교차로 - 교차로안,승용,남,51세,상해없음,승용,남,33세,경상
2013050400100199,2013년 5월 4일 10시,토요일,대전광역시 서구 용문동,경상사고,0,0,1,0,차대사람 - 기타,안전운전불이행,건조,맑음,단일로 - 기타,승합,남,21세,상해없음,보행자,여,37세,경상
2013050400100230,2013년 5월 4일 11시,토요일,대전광역시 동구 성남동,경상사고,0,0,1,0,차대차 - 기타,안전운전불이행,건조,맑음,교차로 - 교차로안,화물,남,31세,상해없음,승용,남,65세,경상
2013050400100231,2013년 5월 4일 11시,토요일,대전광역시 유성구 도룡동,경상사고,0,0,1,0,차대차 - 추돌 - 진행중,중앙선침범,건조,맑음,단일로 - 기타,승용,남,70세,상해없음,승용,남,44세,경상
2013050400100288,2013년 5월 4일 13시,토요일,대전광역시 서구 둔산동,경상사고,0,0,1,0,차대사람 - 길가장자리구역통행중,안전운전불이행,건조,맑음,단일로 - 기타,승용,남,29세,상해없음,보행자,남,32세,경상
2013050400100289,2013년 5월 4일 13시,토요일,대전광역시 서구 둔산동,중상사고,0,1,0,0,차대차 - 측면직각충돌,안전거리미확보,건조,맑음,단일로 - 기타,승용,남,47세,상해없음,원동기,남,24세,중상
2013050400100331,2013년 5월 4일 14시,토요일,대전광역시 중구 문화동,경상사고,0,0,1,0,차대차 - 측면직각충돌,안전거리미확보,건조,맑음,단일로 - 기타,승용,남,28세,상해없음,이륜,남,58세,경상
2013050400100373,2013년 5월 4일 15시,토요일,대전광역시 중구 태평동,중상사고,0,1,0,0,차대사람 - 횡단중,안전운전불이행,건조,맑음,단일로 - 기타,승용,여,35세,상해없음,보행자,남,71세,중상
2013050400100374,2013년 5월 4일 15시,토요일,대전광역시 동구 용운동,중상사고,0,1,0,0,차대사람 - 횡단중,안전운전불이행,건조,맑음,단일로 - 기타,승용,남,38세,상해없음,보행자,여,50세,중상
2013050400100441,2013년 5월 4일 17시,토요일,대전광역시 유성구 반석동,경상사고,0,0,1,0,차대사람 - 길가장자리구역통행중,안전운전불이행,건조,맑음,단일로 - 기타,승용,여,52세,상해없음,보행자,여,70세,경상
2013050400100470,2013년 5월 4일 18시,토요일,대전광역시 중구 안영동,경상사고,0,0,2,0,차대차 - 추돌 - 주정차중,안전운전불이행,건조,맑음,미분류 - 미분류,승용,남,29세,상해없음,승용,남,64세,경상
2013050400100471,2013년 5월 4일 18시,토요일,대전광역시 서구 둔산동,경상사고,0,0,1,0,차대사람 - 길가장자리구역통행중,안전운전불이행,건조,맑음,단일로 - 기타,승용,남,25세,상해없음,보행자,여,23세,경상
2013050400100472,2013년 5월 4일 18시,토요일,대전광역시 유성구 구성동,중상사고,0,1,1,0,차대차 - 기타,안전운전불이행,건조,맑음,단일로 - 교량,자전거,여,24세,경상,자전거,여,10세,중상
2013050400100503,2013년 5월 4일 19시,토요일,대전광역시 동구 판암동,중상사고,0,1,0,0,차대사람 - 기타,안전운전불이행,건조,맑음,교차로 - 교차로부근,승합,남,49세,상해없음,보행자,여,59세,중상
2013050400100579,2013년 5월 4일 21시,토요일,대전광역시 서구 월평동,경상사고,0,0,1,0,차대차 - 추돌 - 주정차중,안전운전불이행,건조,맑음,단일로 - 기타,승용,기타불명,기타불명,기타불명,승용,여,49세,경상
2013050400100617,2013년 5월 4일 23시,토요일,대전광역시 유성구 노은동,중상사고,0,1,0,0,차대차 - 측면직각충돌,신호위반,건조,맑음,단일로 - 횡단보도상,승용,남,46세,상해없음,자전거,여,17세,중상
2013050500100017,2013년 5월 5일 00시,일요일,대전광역시 대덕구 송촌동,경상사고,0,0,1,0,차대차 - 추돌 - 주정차중,안전운전불이행,건조,맑음,단일로 - 기타,승용,남,29세,상해없음,승용,남,54세,경상
2013050500100051,2013년 5월 5일 02시,일요일,대전광역시 동구 천동,중상사고,0,1,0,0,차대차 - 추돌 - 진행중,안전거리미확보,건조,맑음,단일로 - 기타,승용,남,50세,상해없음,원동기,남,52세,중상
2013050500100130,2013년 5월 5일 08시,일요일,대전광역시 동구 중동,경상사고,0,0,1,0,차대차 - 측면직각충돌,신호위반,건조,맑음,교차로 - 교차로안,승용,남,69세,상해없음,승용,남,63세,상해없음
2013050500100147,2013년 5월 5일 09시,일요일,대전광역시 동구 용전동,경상사고,0,0,1,0,차대차 - 측면직각충돌,중앙선침범,건조,맑음,단일로 - 기타,자전거,남,21세,경상,승합,남,43세,상해없음
2013050500100172,2013년 5월 5일 10시,일요일,대전광역시 동구 용전동,경상사고,0,0,3,0,차대차 - 추돌 - 진행중,안전운전불이행,건조,맑음,단일로 - 기타,승용,남,71세,상해없음,승용,남,24세,경상
2013050500100214,2013년 5월 5일 12시,일요일,대전광역시 동구 용전동,경상사고,0,0,1,0,차대사람 - 횡단중,안전운전불이행,건조,맑음,교차로 - 교차로부근,승용,남,49세,상해없음,보행자,남,12세,경상
2013050500100242,2013년 5월 5일 13시,일요일,대전광역시 동구 성남동,경상사고,0,0,3,0,차대차 - 추돌 - 진행중,안전운전불이행,건조,맑음,단일로 - 기타,승용,남,70세,상해없음,승용,남,47세,상해없음
2013050500100273,2013년 5월 5일 14시,일요일,대전광역시 유성구 어은동,경상사고,0,0,2,0,차대차 - 기타,안전운전불이행,건조,맑음,단일로 - 기타,승합,남,57세,상해없음,승용,남,26세,경상
2013050500100353,2013년 5월 5일 16시,일요일,대전광역시 중구 사정동,경상사고,0,0,1,0,차대차 - 추돌 - 진행중,안전운전불이행,건조,맑음,단일로 - 기타,승용,남,58세,상해없음,승용,남,37세,경상
2013050500100400,2013년 5월 5일 17시,일요일,대전광역시 동구 자양동,경상사고,0,0,1,0,차대차 - 기타,신호위반,건조,맑음,단일로 - 기타,원동기,남,18세,상해없음,승용,남,23세,경상
2013050500100432,2013년 5월 5일 18시,일요일,대전광역시 대덕구 신탄진동,경상사고,0,0,1,0,차대차 - 추돌 - 진행중,안전운전불이행,건조,맑음,교차로 - 교차로부근,승용,남,53세,상해없음,승용,남,32세,상해없음
2013050500100467,2013년 5월 5일 19시,일요일,대전광역시 서구 관저동,중상사고,0,1,0,0,차대차 - 기타,교차로운행방법위반,건조,맑음,교차로 - 교차로안,승용,남,20세,상해없음,이륜,남,34세,중상
2013050500100504,2013년 5월 5일 20시,일요일,대전광역시 중구 문화동,경상사고,0,0,2,0,차대차 - 측면직각충돌,안전운전불이행,건조,맑음,단일로 - 기타,승용,남,50세,상해없음,승합,남,54세,경상
2013050500100525,2013년 5월 5일 21시,일요일,대전광역시 서구 도마동,경상사고,0,0,2,0,차대차 - 정면충돌,중앙선침범,건조,맑음,교차로 - 교차로안,승용,남,23세,상해없음,승용,남,58세,경상
2013050500100526,2013년 5월 5일 21시,일요일,대전광역시 유성구 갑동,경상사고,0,0,1,0,차량단독 - 전도전복,기타,건조,맑음,단일로 - 기타,승합,남,57세,상해없음,,,,
2013050500100548,2013년 5월 5일 22시,일요일,대전광역시 동구 자양동,경상사고,0,0,1,0,차대차 - 기타,안전운전불이행,건조,맑음,단일로 - 기타,이륜,남,22세,기타불명,승용,남,29세,경상
2013050500100549,2013년 5월 5일 22시,일요일,대전광역시 서구 둔산동,경상사고,0,0,2,0,차대사람 - 길가장자리구역통행중,안전운전불이행,건조,맑음,단일로 - 기타,승용,남,21세,상해없음,보행자,여,23세,경상
2013050500100550,2013년 5월 5일 22시,일요일,대전광역시 서구 둔산동,경상사고,0,0,1,0,차대사람 - 보도통행중,안전운전불이행,건조,맑음,교차로 - 교차로안,승용,남,26세,상해없음,보행자,남,25세,경상
2013050500100568,2013년 5월 5일 23시,일요일,대전광역시 동구 용전동,중상사고,0,1,4,0,차대차 - 기타,안전거리미확보,건조,맑음,단일로 - 기타,승용,남,26세,상해없음,승용,남,58세,경상
2013050600100016,2013년 5월 6일 00시,월요일,대전광역시 동구 원동,중상사고,0,1,0,0,차량단독 - 기타,안전운전불이행,건조,맑음,기타 - 기타,승용,남,34세,상해없음,,,,
2013050600100017,2013년 5월 6일 00시,월요일,대전광역시 대덕구 비래동,중상사고,0,1,0,0,차대차 - 측면직각충돌,직진우회전진행방해,건조,맑음,교차로 - 교차로안,화물,남,58세,상해없음,승용,여,50세,중상
2013050600100018,2013년 5월 6일 00시,월요일,대전광역시 서구 탄방동,경상사고,0,0,2,0,차대차 - 측면직각충돌,신호위반,건조,맑음,교차로 - 교차로안,승용,남,47세,상해없음,승용,여,47세,경상
2013050600100046,2013년 5월 6일 04시,월요일,대전광역시 대덕구 중리동,경상사고,0,0,1,0,차대사람 - 기타,안전운전불이행,건조,맑음,교차로 - 교차로안,승용,남,57세,상해없음,보행자,남,33세,경상