사고번호,사고일시,요일,시군구,사고내용,사망자수,중상자수,경상자수,부상신고자수,사고유형,법규위반,노면상태,기상상태,도로형태,가해운전자 차종,가해운전자 성별,가해운전자 연령,가해운전자 상해정도,피해운전자 차종,피해운전자 성별,피해운전자 연령,피해운전자 상해정도
2013050600100090,2013년 5월 6일 07시,월요일,대전광역시 동구 대동,경상사고,0,0,1,0,차대차 - 추돌 - 진행중,안전거리미확보,건조,맑음,단일로 - 횡단보도부근,승용,남,31세,상해없음,승용,남,60세,경상
2013050600100129,2013년 5월 6일 08시,월요일,대전광역시 동구 대동,경상사고,0,0,1,0,차대차 - 측면직각충돌,신호위반,건조,맑음,교차로 - 교차로안,승용,여,39세,상해없음,승용,여,49세,경상
2013050600100130,2013년 5월 6일 08시,월요일,대전광역시 유성구 송강동,경상사고,0,0,1,0,차대차 - 추돌 - 주정차중,안전운전불이행,건조,맑음,단일로 - 기타,승용,남,55세,상해없음,승용,여,30세,경상
2013050600100179,2013년 5월 6일 10시,월요일,대전광역시 서구 괴정동,경상사고,0,0,4,0,차대차 - 추돌 - 진행중,안전운전불이행,건조,맑음,교차로 - 교차로부근,승합,남,42세,상해없음,승용,남,50세,경상
2013050600100180,2013년 5월 6일 10시,월요일,대전광역시 서구 둔산동,경상사고,0,0,5,0,차대차 - 추돌 - 진행중,과속,건조,맑음,단일로 - 기타,승용,남,31세,상해없음,승합,남,46세,경상
2013050600100202,2013년 5월 6일 11시,월요일,대전광역시 유성구 용산동,경상사고,0,0,1,0,차대차 - 추돌 - 주정차중,안전운전불이행,건조,맑음,단일로 - 기타,승용,남,43세,상해없음,화물,남,32세,경상
2013050600100262,2013년 5월 6일 13시,월요일,대전광역시 대덕구 중리동,중상사고,0,1,1,0,차대차 - 추돌 - 주정차중,안전운전불이행,건조,맑음,단일로 - 기타,건설기계,남,44세,상해없음,승용,남,43세,경상
2013050600100320,2013년 5월 6일 15시,월요일,대전광역시 중구 산성동,경상사고,0,0,1,0,차대사람 - 기타,보행자보호의무위반,건조,맑음,단일로 - 횡단보도상,건설기계,남,57세,상해없음,보행자,여,51세,경상
2013050600100321,2013년 5월 6일 15시,월요일,대전광역시 서구 변동,경상사고,0,0,1,0,차대사람 - 횡단중,보행자보호의무위반,건조,맑음,단일로 - 횡단보도상,승용,여,26세,상해없음,보행자,여,12세,경상
2013050600100355,2013년 5월 6일 16시,월요일,대전광역시 서구 둔산동,중상사고,0,1,0,0,차대사람 - 길가장자리구역통행중,안전운전불이행,건조,맑음,단일로 - 기타,승용,여,34세,상해없음,보행자,남,31세,중상
2013050600100390,2013년 5월 6일 17시,월요일,대전광역시 대덕구 읍내동,경상사고,0,0,1,0,차대차 - 추돌 - 주정차중,안전운전불이행,건조,맑음,단일로 - 기타,승용,남,40세,상해없음,승용,남,64세,경상
2013050600100480,2013년 5월 6일 20시,월요일,대전광역시 중구 오류동,경상사고,0,0,2,0,차대차 - 추돌 - 진행중,안전운전불이행,건조,맑음,교차로 - 교차로안,승용,기타불명,기타불명,기타불명,승용,남,56세,경상
2013050600100481,2013년 5월 6일 20시,월요일,대전광역시 대덕구 대화동,경상사고,0,0,2,0,차대차 - 측면직각충돌,신호위반,건조,맑음,교차로 - 교차로안,승용,남,52세,상해없음,승용,여,54세,경상
2013050600100482,2013년 5월 6일 20시,월요일,대전광역시 서구 탄방동,경상사고,0,0,2,0,차대차 - 기타,안전거리미확보,건조,맑음,단일로 - 기타,승용,남,23세,상해없음,승용,남,36세,경상
2013050600100511,2013년 5월 6일 21시,월요일,대전광역시 중구 문창동,중상사고,0,1,0,0,차대사람 - 기타,안전운전불이행,건조,맑음,단일로 - 기타,승용,남,29세,상해없음,보행자,여,57세,중상
2013050600100540,2013년 5월 6일 22시,월요일,대전광역시 동구 소제동,경상사고,0,0,2,0,차대차 - 기타,안전거리미확보,건조,맑음,단일로 - 기타,승용,남,27세,상해없음,승합,남,41세,경상
2013050600100541,2013년 5월 6일 22시,월요일,대전광역시 서구 관저동,경상사고,0,0,1,0,차대차 - 측면직각충돌,직진우회전진행방해,건조,흐림,교차로 - 교차로안,승용,남,33세,상해없음,승용,여,23세,경상
2013050700100016,2013년 5월 7일 00시,화요일,대전광역시 서구 갈마동,경상사고,0,0,1,0,차대차 - 추돌 - 주정차중,안전운전불이행,건조,맑음,교차로 - 교차로부근,기타불명,기타불명,기타불명,기타불명,원동기,남,41세,경상
2013050700100098,2013년 5월 7일 07시,화요일,대전광역시 대덕구 송촌동,경상사고,0,0,2,0,차대차 - 측면직각충돌,안전운전불이행,건조,맑음,교차로 - 교차로안,승용,여,38세,상해없음,승용,남,31세,경상
2013050700100170,2013년 5월 7일 09시,화요일,대전광역시 중구 태평동,사망사고,1,0,0,0,차대사람 - 기타,안전운전불이행,건조,맑음,교차로 - 교차로부근,승용,여,73세,상해없음,보행자,여,82세,사망
2013050700100171,2013년 5월 7일 09시,화요일,대전광역시 중구 중촌동,경상사고,0,0,5,0,차대차 - 추돌 - 진행중,안전운전불이행,건조,맑음,교차로 - 교차로부근,승용,남,23세,상해없음,승용,여,52세,경상
2013050700100197,2013년 5월 7일 10시,화요일,대전광역시 중구 유천동,중상사고,0,1,0,0,차대차 - 측면직각충돌,중앙선침범,건조,맑음,단일로 - 기타,화물,남,57세,상해없음,원동기,남,35세,중상
2013050700100264,2013년 5월 7일 13시,화요일,대전광역시 중구 오류동,경상사고,0,0,1,0,차대차 - 측면직각충돌,중앙선침범,건조,맑음,단일로 - 기타,승용,남,52세,상해없음,승용,여,56세,경상
2013050700100265,2013년 5월 7일 13시,화요일,대전광역시 서구 둔산동,중상사고,0,1,0,0,차대차 - 기타,기타,건조,맑음,단일로 - 기타,승용,남,46세,상해없음,이륜,남,22세,중상
2013050700100302,2013년 5월 7일 14시,화요일,대전광역시 서구 탄방동,경상사고,0,0,1,0,차대차 - 측면직각충돌,안전거리미확보,건조,맑음,단일로 - 기타,승용,기타불명,기타불명,기타불명,승용,여,36세,경상
2013050700100356,2013년 5월 7일 16시,화요일,대전광역시 중구 문창동,경상사고,0,0,1,0,차대사람 - 횡단중,안전운전불이행,건조,맑음,교차로 - 교차로부근,승용,남,58세,상해없음,보행자,여,4세,경상
2013050700100450,2013년 5월 7일 19시,화요일,대전광역시 중구 옥계동,경상사고,0,0,1,0,차대사람 - 횡단중,보행자보호의무위반,건조,맑음,단일로 - 횡단보도상,화물,남,41세,상해없음,보행자,여,74세,경상
2013050700100451,2013년 5월 7일 19시,화요일,대전광역시 대덕구 비래동,경상사고,0,0,1,0,차대차 - 측면직각충돌,신호위반,건조,맑음,교차로 - 교차로부근,화물,남,60세,상해없음,화물,남,44세,경상
2013050700100472,2013년 5월 7일 20시,화요일,대전광역시 중구 문화동,경상사고,0,0,1,0,차대차 - 추돌 - 진행중,안전운전불이행,건조,맑음,단일로 - 기타,승용,남,40세,상해없음,승용,여,22세,경상
2013050700100473,2013년 5월 7일 20시,화요일,대전광역시 서구 탄방동,경상사고,0,0,3,0,차대차 - 측면직각충돌,직진우회전진행방해,건조,맑음,교차로 - 교차로부근,승용,남,35세,상해없음,승용,여,33세,경상
2013050700100506,2013년 5월 7일 21시,화요일,대전광역시 중구 유천동,중상사고,0,1,0,0,차대사람 - 횡단중,안전운전불이행,건조,맑음,단일로 - 기타,승용,남,42세,상해없음,보행자,남,43세,중상
2013050700100507,2013년 5월 7일 21시,화요일,대전광역시 중구 은행동,중상사고,0,1,1,0,차대차 - 기타,신호위반,건조,맑음,교차로 - 교차로안,승용,여,40세,상해없음,승용,남,48세,중상
2013050700100508,2013년 5월 7일 21시,화요일,대전광역시 서구 정림동,중상사고,0,1,1,1,차대차 - 정면충돌,중앙선침범,건조,맑음,단일로 - 교량,승용,남,41세,부상신고,승용,남,50세,중상
2013050700100551,2013년 5월 7일 23시,화요일,대전광역시 중구 태평동,경상사고,0,0,2,0,차대차 - 추돌 - 주정차중,안전운전불이행,건조,맑음,단일로 - 기타,승용,남,31세,상해없음,승용,여,29세,경상
2013050800100023,2013년 5월 8일 00시,수요일,대전광역시 동구 홍도동,경상사고,0,0,2,0,차대차 - 측면직각충돌,안전운전불이행,건조,맑음,교차로 - 교차로부근,승용,남,54세,상해없음,승합,남,29세,경상
2013050800100024,2013년 5월 8일 00시,수요일,대전광역시 유성구 관평동,경상사고,0,0,1,0,차대차 - 추돌 - 주정차중,안전운전불이행,건조,맑음,교차로 - 교차로부근,승용,남,45세,상해없음,승용,여,35세,경상
2013050800100044,2013년 5월 8일 01시,수요일,대전광역시 서구 둔산동,중상사고,0,1,1,0,차대차 - 추돌 - 주정차중,안전운전불이행,건조,맑음,교차로 - 교차로부근,승용,남,33세,상해없음,승용,남,39세,중상
2013050800100193,2013년 5월 8일 09시,수요일,대전광역시 중구 유천동,중상사고,0,1,1,0,차대차 - 측면직각충돌,신호위반,건조,맑음,교차로 - 교차로안,승용,남,76세,상해없음,원동기,남,67세,중상
2013050800100218,2013년 5월 8일 10시,수요일,대전광역시 동구 자양동,중상사고,0,1,0,0,차대차 - 측면직각충돌,안전운전불이행,건조,맑음,교차로 - 교차로안,승용,남,67세,상해없음,원동기,남,70세,중상
2013050800100219,2013년 5월 8일 10시,수요일,대전광역시 유성구 궁동,부상신고사고,0,0,0,1,차대차 - 기타,안전운전불이행,건조,맑음,단일로 - 기타,이륜,남,53세,부상신고,승용,여,55세,상해없음
2013050800100331,2013년 5월 8일 14시,수요일,대전광역시 동구 상소동,경상사고,0,0,1,0,차대차 - 기타,안전운전불이행,건조,맑음,단일로 - 기타,화물,기타불명,기타불명,기타불명,원동기,남,29세,경상
2013050800100360,2013년 5월 8일 15시,수요일,대전광역시 대덕구 오정동,경상사고,0,0,1,0,차대차 - 측면직각충돌,안전운전불이행,건조,맑음,교차로 - 교차로안,승용,남,51세,상해없음,승용,남,37세,상해없음
2013050800100433,2013년 5월 8일 17시,수요일,대전광역시 유성구 지족동,경상사고,0,0,1,0,차대차 - 기타,안전운전불이행,건조,맑음,교차로 - 교차로부근,승용,여,34세,상해없음,자전거,남,6세,경상
2013050800100434,2013년 5월 8일 17시,수요일,대전광역시 유성구 반석동,경상사고,0,0,1,0,차대차 - 추돌 - 주정차중,안전운전불이행,건조,맑음,교차로 - 교차로부근,승용,남,77세,상해없음,승용,남,26세,경상
2013050800100514,2013년 5월 8일 19시,수요일,대전광역시 중구 유천동,중상사고,0,1,0,0,차대사람 - 횡단중,안전운전불이행,건조,흐림,교차로 - 교차로부근,화물,남,33세,상해없음,보행자,남,41세,중상
2013050800100515,2013년 5월 8일 19시,수요일,대전광역시 중구 태평동,중상사고,0,1,0,0,차대사람 - 보도통행중,보행자보호의무위반,건조,맑음,교차로 - 교차로부근,승용,여,54세,상해없음,보행자,남,53세,중상
2013050800100560,2013년 5월 8일 20시,수요일,대전광역시 중구 선화동,경상사고,0,0,1,0,차대차 - 측면직각충돌,중앙선침범,건조,맑음,단일로 - 횡단보도부근,승용,남,65세,상해없음,원동기,남,19세,경상
2013050800100561,2013년 5월 8일 20시,수요일,대전광역시 중구 선화동,경상사고,0,0,1,0,차대차 - 측면직각충돌,안전운전불이행,건조,맑음,단일로 - 기타,승용,남,46세,상해없음,승용,남,37세,경상
2013050800100562,2013년 5월 8일 20시,수요일,대전광역시 동구 소제동,경상사고,0,0,1,0,차대차 - 측면직각충돌,신호위반,건조,맑음,교차로 - 교차로안,승용,여,46세,상해없음,승용,여,48세,경상
2013050800100563,2013년 5월 8일 20시,수요일,대전광역시 유성구 구암동,중상사고,0,1,1,0,차대차 - 기타,신호위반,건조,맑음,교차로 - 교차로안,승용,남,30세,상해없음,승용,여,54세,경상
2013050800100637,2013년 5월 8일 22시,수요일,대전광역시 유성구 봉명동,중상사고,0,1,0,0,차대차 - 기타,신호위반,건조,맑음,교차로 - 교차로안,승용,남,20세,상해없음,승용,남,56세,중상
2013050800100638,2013년 5월 8일 22시,수요일,대전광역시 서구 둔산동,경상사고,0,0,1,0,차대사람 - 길가장자리구역통행중,안전운전불이행,건조,맑음,단일로 - 기타,이륜,기타불명,기타불명,기타불명,보행자,여,24세,경상
2013050900100025,2013년 5월 9일 01시,목요일,대전광역시 대덕구 법동,경상사고,0,0,1,0,차대차 - 측면직각충돌,안전운전불이행,건조,맑음,교차로 - 교차로안,승합,남,45세,상해없음,승용,남,47세,경상
2013050900100037,2013년 5월 9일 02시,목요일,대전광역시 대덕구 송촌동,경상사고,0,0,4,0,차대차 - 측면직각충돌,교차로운행방법위반,건조,맑음,교차로 - 교차로안,승용,남,42세,상해없음,승용,남,35세,경상
2013050900100064,2013년 5월 9일 06시,목요일,대전광역시 유성구 구성동,중상사고,0,1,1,0,차대차 - 기타,신호위반,건조,맑음,교차로 - 교차로안,화물,남,55세,중상,화물,남,37세,경상
2013050900100122,2013년 5월 9일 08시,목요일,대전광역시 중구 은행동,경상사고,0,0,1,0,차대차 - 측면직각충돌,기타,건조,맑음,단일로 - 기타,승용,남,44세,상해없음,원동기,남,21세,경상
2013050900100123,2013년 5월 9일 08시,목요일,대전광역시 동구 하소동,중상사고,0,1,0,0,차대차 - 정면충돌,중앙선침범,건조,맑음,단일로 - 기타,승용,남,41세,상해없음,원동기,남,41세,중상
2013050900100236,2013년 5월 9일 12시,목요일,대전광역시 서구 갈마동,경상사고,0,0,1,0,차대차 - 측면직각충돌,안전운전불이행,습기,비,단일로 - 기타,기타불명,기타불명,기타불명,기타불명,승용,여,25세,경상
2013050900100262,2013년 5월 9일 13시,목요일,대전광역시 서구 도마동,중상사고,0,1,0,0,차대사람 - 기타,안전운전불이행,건조,흐림,단일로 - 기타,화물,남,52세,상해없음,보행자,남,59세,중상
2013050900100263,2013년 5월 9일 13시,목요일,대전광역시 대덕구 송촌동,경상사고,0,0,1,0,차대차 - 측면직각충돌,신호위반,건조,맑음,교차로 - 교차로안,승용,여,39세,상해없음,승용,여,42세,경상
2013050900100294,2013년 5월 9일 14시,목요일,대전광역시 동구 대성동,중상사고,0,1,0,0,차대차 - 정면충돌,중앙선침범,건조,맑음,단일로 - 기타,승용,남,66세,상해없음,화물,남,53세,중상
2013050900100295,2013년 5월 9일 14시,목요일,대전광역시 서구 만년동,경상사고,0,0,1,0,차대차 - 기타,안전운전불이행,건조,맑음,교차로 - 교차로부근,승용,남,29세,상해없음,승합,남,54세,상해없음
2013050900100324,2013년 5월 9일 15시,목요일,대전광역시 중구 대흥동,경상사고,0,0,2,0,차대차 - 측면직각충돌,신호위반,건조,맑음,교차로 - 교차로안,승용,남,59세,상해없음,승용,남,58세,경상
2013050900100388,2013년 5월 9일 17시,목요일,대전광역시 중구 태평동,경상사고,0,0,2,0,차대차 - 추돌 - 주정차중,안전운전불이행,건조,맑음,교차로 - 교차로부근,승용,여,45세,상해없음,승용,여,45세,경상
2013050900100435,2013년 5월 9일 18시,목요일,대전광역시 유성구 반석동,경상사고,0,0,1,0,차대차 - 추돌 - 주정차중,안전운전불이행,건조,흐림,교차로 - 교차로부근,승용,남,43세,상해없음,승용,남,35세,경상
2013050900100547,2013년 5월 9일 21시,목요일,대전광역시 서구 둔산동,경상사고,0,0,2,0,차대차 - 추돌 - 주정차중,안전운전불이행,습기,비,교차로 - 교차로부근,승용,남,26세,상해없음,승용,남,35세,경상
2013050900100608,2013년 5월 9일 22시,목요일,대전광역시 서구 관저동,경상사고,0,0,2,0,차대차 - 기타,안전운전불이행,습기,비,단일로 - 기타,승용,남,37세,상해없음,승용,남,50세,경상
2013050900100609,2013년 5월 9일 22시,목요일,대전광역시 유성구 관평동,중상사고,0,1,0,0,차대차 - 기타,안전운전불이행,습기,비,단일로 - 기타,이륜,남,33세,중상,화물,남,31세,상해없음
2013050900100675,2013년 5월 9일 23시,목요일,대전광역시 유성구 봉명동,중상사고,0,1,0,0,차대차 - 측면직각충돌,안전운전불이행,습기,비,교차로 - 교차로안,승용,남,43세,상해없음,승용,남,50세,상해없음
2013051000100041,2013년 5월 10일 00시,금요일,대전광역시 서구 만년동,중상사고,0,2,0,0,차대사람 - 기타,보행자보호의무위반,습기,비,단일로 - 횡단보도상,승용,남,31세,상해없음,보행자,남,18세,중상
2013051000100081,2013년 5월 10일 01시,금요일,대전광역시 중구 유천동,경상사고,0,0,2,0,차대차 - 추돌 - 주정차중,안전거리미확보,습기,비,교차로 - 교차로부근,승합,남,39세,상해없음,승용,남,38세,상해없음
2013051000100082,2013년 5월 10일 01시,금요일,대전광역시 동구 용전동,중상사고,0,1,0,0,차대차 - 측면직각충돌,신호위반,습기,흐림,교차로 - 교차로안,승용,남,21세,상해없음,승용,남,53세,중상
2013051000100083,2013년 5월 10일 01시,금요일,대전광역시 서구 월평동,중상사고,0,1,0,0,차대사람 - 횡단중,보행자보호의무위반,습기,비,단일로 - 횡단보도상,승용,남,54세,상해없음,보행자,남,22세,중상
2013051000100099,2013년 5월 10일 02시,금요일,대전광역시 동구 삼성동,사망사고,1,0,0,0,차대사람 - 횡단중,신호위반,습기,비,단일로 - 횡단보도상,승용,남,26세,상해없음,보행자,남,62세,사망
2013051000100100,2013년 5월 10일 02시,금요일,대전광역시 유성구 장대동,중상사고,0,1,0,0,차대차 - 측면직각충돌,신호위반,습기,비,교차로 - 교차로안,승용,남,26세,상해없음,승용,남,29세,중상
2013051000100101,2013년 5월 10일 02시,금요일,대전광역시 서구 둔산동,경상사고,0,0,1,0,차대차 - 측면직각충돌,신호위반,건조,맑음,교차로 - 교차로안,승용,여,55세,상해없음,승용,남,25세,경상
2013051000100125,2013년 5월 10일 03시,금요일,대전광역시 서구 월평동,경상사고,0,0,1,0,차대차 - 측면직각충돌,안전운전불이행,습기,비,단일로 - 기타,승용,여,44세,상해없음,승용,남,57세,상해없음
2013051000100199,2013년 5월 10일 07시,금요일,대전광역시 대덕구 읍내동,중상사고,0,1,0,0,차대차 - 추돌 - 주정차중,안전운전불이행,습기,흐림,단일로 - 기타,화물,남,62세,상해없음,승합,남,40세,중상
2013051000100251,2013년 5월 10일 08시,금요일,대전광역시 동구 삼성동,경상사고,0,0,1,0,차대차 - 측면직각충돌,안전운전불이행,건조,맑음,단일로 - 횡단보도상,승용,여,27세,상해없음,자전거,남,14세,경상
2013051000100293,2013년 5월 10일 09시,금요일,대전광역시 중구 중촌동,중상사고,0,1,0,0,차대차 - 측면직각충돌,안전운전불이행,습기,비,교차로 - 교차로안,승용,남,49세,상해없음,승용,남,44세,중상
2013051000100294,2013년 5월 10일 09시,금요일,대전광역시 동구 용운동,중상사고,0,1,0,0,차량단독 - 기타,기타,습기,비,단일로 - 기타,승합,남,52세,상해없음,,,,
2013051000100295,2013년 5월 10일 09시,금요일,대전광역시 서구 관저동,경상사고,0,0,1,0,차대차 - 기타,안전운전불이행,건조,맑음,단일로 - 기타,화물,남,37세,상해없음,승용,여,48세,경상
2013051000100296,2013년 5월 10일 09시,금요일,대전광역시 대덕구 중리동,경상사고,0,0,1,0,차대차 - 측면직각충돌,안전거리미확보,습기,비,단일로 - 기타,승용,남,46세,상해없음,승합,남,47세,상해없음
2013051000100319,2013년 5월 10일 10시,금요일,대전광역시 유성구 복용동,중상사고,0,1,0,0,차대차 - 추돌 - 진행중,안전운전불이행,건조,맑음,단일로 - 기타,승용,남,43세,상해없음,승용,여,54세,중상
2013051000100407,2013년 5월 10일 14시,금요일,대전광역시 대덕구 목상동,중상사고,0,1,0,0,차대사람 - 기타,안전운전불이행,건조,맑음,단일로 - 기타,승용,남,35세,상해없음,보행자,남,31세,중상
2013051000100475,2013년 5월 10일 16시,금요일,대전광역시 중구 선화동,중상사고,0,1,1,0,차대차 - 측면직각충돌,직진우회전진행방해,건조,맑음,교차로 - 교차로안,승용,남,31세,상해없음,승용,남,57세,경상
2013051000100545,2013년 5월 10일 18시,금요일,대전광역시 동구 삼성동,경상사고,0,0,1,0,차대차 - 측면직각충돌,직진우회전진행방해,건조,맑음,교차로 - 교차로안,승용,남,29세,상해없음,승용,남,26세,경상
2013051000100546,2013년 5월 10일 18시,금요일,대전광역시 대덕구 송촌동,중상사고,0,1,1,0,차대차 - 추돌 - 진행중,안전운전불이행,건조,맑음,교차로 - 교차로부근,승용,여,47세,상해없음,승용,남,53세,중상
2013051000100547,2013년 5월 10일 18시,금요일,대전광역시 서구 둔산동,경상사고,0,0,1,0,차대차 - 측면직각충돌,안전운전불이행,건조,맑음,단일로 - 기타,승용,기타불명,기타불명,기타불명,자전거,남,11세,경상
2013051000100624,2013년 5월 10일 20시,금요일,대전광역시 서구 가장동,경상사고,0,0,2,0,차대차 - 측면직각충돌,차로위반,건조,맑음,교차로 - 교차로안,승용,여,20세,상해없음,승용,여,37세,경상
2013051000100688,2013년 5월 10일 22시,금요일,대전광역시 서구 월평동,중상사고,0,2,5,0,차대차 - 추돌 - 진행중,안전거리미확보,건조,맑음,교차로 - 교차로부근,승용,남,52세,상해없음,승합,남,35세,중상
2013051000100712,2013년 5월 10일 23시,금요일,대전광역시 중구 산성동,중상사고,0,1,0,0,차대차 - 측면직각충돌,신호위반,건조,맑음,교차로 - 교차로안,승용,남,21세,상해없음,원동기,남,22세,중상
2013051100100035,2013년 5월 11일 00시,토요일,대전광역시 서구 둔산동,중상사고,0,1,0,0,차대사람 - 횡단중,안전운전불이행,건조,맑음,단일로 - 기타,화물,남,54세,상해없음,보행자,남,16세,중상
2013051100100057,2013년 5월 11일 01시,토요일,대전광역시 유성구 전민동,경상사고,0,0,1,0,차대차 - 측면직각충돌,안전운전불이행,건조,맑음,단일로 - 기타,승용,남,32세,상해없음,이륜,남,31세,경상
2013051100100100,2013년 5월 11일 03시,토요일,대전광역시 동구 삼괴동,중상사고,0,1,0,0,차량단독 - 공작물충돌,안전운전불이행,습기,흐림,단일로 - 기타,승용,남,24세,상해없음,,,,
2013051100100101,2013년 5월 11일 03시,토요일,대전광역시 대덕구 오정동,중상사고,0,1,1,0,차대차 - 추돌 - 진행중,안전운전불이행,건조,흐림,단일로 - 기타,승용,남,35세,중상,화물,남,42세,경상
2013051100100125,2013년 5월 11일 04시,토요일,대전광역시 서구 둔산동,중상사고,0,1,0,0,차량단독 - 기타,안전운전불이행,건조,맑음,단일로 - 기타,원동기,남,18세,상해없음,,,,
2013051100100149,2013년 5월 11일 05시,토요일,대전광역시 서구 둔산동,경상사고,0,0,1,0,차대사람 - 기타,안전운전불이행,건조,맑음,단일로 - 기타,승용,여,22세,상해없음,보행자,여,26세,경상
2013051100100163,2013년 5월 11일 06시,토요일,대전광역시 중구 태평동,경상사고,0,0,1,0,차대차 - 측면직각충돌,신호위반,건조,맑음,교차로 - 교차로안,승용,기타불명,기타불명,기타불명,이륜,남,48세,경상
2013051100100183,2013년 5월 11일 07시,토요일,대전광역시 서구 월평동,경상사고,0,0,1,0,차대차 - 측면직각충돌,신호위반,건조,맑음,교차로 - 교차로안,건설기계,남,53세,상해없음,승용,남,44세,경상
2013051100100255,2013년 5월 11일 10시,토요일,대전광역시 대덕구 오정동,경상사고,0,0,2,0,차대차 - 정면충돌,중앙선침범,건조,맑음,교차로 - 교차로안,승용,남,53세,상해없음,화물,남,39세,경상
2013051100100338,2013년 5월 11일 12시,토요일,대전광역시 중구 대사동,중상사고,0,1,0,0,차대사람 - 횡단중,안전운전불이행,건조,맑음,단일로 - 기타,승용,남,53세,상해없음,보행자,남,14세,중상
2013051100100339,2013년 5월 11일 12시,토요일,대전광역시 동구 홍도동,경상사고,0,0,1,0,차대차 - 측면직각충돌,안전운전불이행,건조,맑음,교차로 - 교차로안,화물,남,49세,상해없음,승용,남,29세,경상
2013051100100473,2013년 5월 11일 16시,토요일,대전광역시 대덕구 오정동,경상사고,0,0,1,0,차대사람 - 횡단중,보행자보호의무위반,건조,맑음,교차로 - 교차로안,화물,남,53세,상해없음,보행자,남,75세,경상
2013051100100520,2013년 5월 11일 17시,토요일,대전광역시 서구 정림동,경상사고,0,0,1,0,차대차 - 추돌 - 주정차중,안전운전불이행,건조,맑음,단일로 - 기타,승용,남,51세,상해없음,승합,여,45세,경상
2013051100100521,2013년 5월 11일 17시,토요일,대전광역시 대덕구 법동,부상신고사고,0,0,0,1,차대차 - 기타,안전운전불이행,건조,맑음,기타 - 기타,화물,남,57세,상해없음,자전거,남,7세,부상신고
2013051100100586,2013년 5월 11일 19시,토요일,대전광역시 동구 판암동,중상사고,0,1,0,0,차대차 - 기타,신호위반,건조,맑음,교차로 - 교차로부근,화물,남,53세,상해없음,이륜,남,40세,중상
2013051100100629,2013년 5월 11일 20시,토요일,대전광역시 서구 둔산동,경상사고,0,0,1,0,차대사람 - 차도통행중,안전운전불이행,건조,맑음,단일로 - 기타,승용,여,36세,상해없음,보행자,남,31세,경상
2013051200100056,2013년 5월 12일 02시,일요일,대전광역시 중구 유천동,경상사고,0,0,1,0,차대사람 - 횡단중,안전운전불이행,건조,맑음,단일로 - 기타,승용,남,58세,상해없음,보행자,남,31세,경상
2013051200100057,2013년 5월 12일 02시,일요일,대전광역시 대덕구 송촌동,경상사고,0,0,1,0,차대사람 - 보도통행중,안전운전불이행,건조,맑음,단일로 - 기타,승용,남,44세,상해없음,보행자,남,35세,경상
2013051200100058,2013년 5월 12일 02시,일요일,대전광역시 서구 둔산동,경상사고,0,0,1,0,차대차 - 기타,교차로운행방법위반,건조,맑음,교차로 - 교차로안,승용,여,31세,상해없음,승용,남,73세,경상
2013051200100068,2013년 5월 12일 03시,일요일,대전광역시 서구 월평동,경상사고,0,0,1,0,차대차 - 측면직각충돌,안전운전불이행,건조,맑음,단일로 - 기타,승용,남,33세,상해없음,승용,남,53세,경상
2013051200100119,2013년 5월 12일 08시,일요일,대전광역시 대덕구 중리동,경상사고,0,0,1,0,차대차 - 추돌 - 주정차중,안전운전불이행,건조,맑음,단일로 - 기타,승용,여,23세,상해없음,승용,남,36세,경상
2013051200100120,2013년 5월 12일 08시,일요일,대전광역시 유성구 봉명동,경상사고,0,0,1,0,차량단독 - 기타,안전운전불이행,건조,맑음,교차로 - 교차로부근,승용,남,55세,상해없음,,,,
2013051200100153,2013년 5월 12일 10시,일요일,대전광역시 대덕구 상서동,중상사고,0,1,0,0,차대차 - 추돌 - 주정차중,안전운전불이행,건조,맑음,교차로 - 교차로부근,승용,남,25세,상해없음,승용,남,30세,중상
2013051200100154,2013년 5월 12일 10시,일요일,대전광역시 유성구 방동,경상사고,0,0,2,0,차대차 - 기타,안전운전불이행,건조,맑음,단일로 - 기타,승용,남,25세,상해없음,승합,남,41세,상해없음
2013051200100172,2013년 5월 12일 11시,일요일,대전광역시 동구 정동,경상사고,0,0,1,0,차대차 - 추돌 - 진행중,안전거리미확보,건조,맑음,단일로 - 기타,승합,남,57세,상해없음,승용,여,54세,경상
2013051200100173,2013년 5월 12일 11시,일요일,대전광역시 서구 탄방동,경상사고,0,0,1,0,차대차 - 기타,안전운전불이행,건조,맑음,단일로 - 횡단보도상,승용,남,56세,상해없음,자전거,여,36세,경상
2013051200100189,2013년 5월 12일 12시,일요일,대전광역시 중구 중촌동,경상사고,0,0,1,0,차대차 - 측면직각충돌,신호위반,건조,맑음,교차로 - 교차로안,승용,남,54세,상해없음,원동기,남,18세,경상
2013051200100190,2013년 5월 12일 12시,일요일,대전광역시 동구 용전동,경상사고,0,0,1,0,차대차 - 측면직각충돌,안전운전불이행,건조,맑음,교차로 - 교차로부근,승용,남,76세,상해없음,승용,여,48세,경상
2013051200100246,2013년 5월 12일 14시,일요일,대전광역시 동구 용전동,경상사고,0,0,2,0,차대차 - 추돌 - 진행중,안전운전불이행,건조,맑음,단일로 - 기타,승용,남,59세,상해없음,승용,남,41세,경상