사고번호,사고일시,요일,시군구,사고내용,사망자수,중상자수,경상자수,부상신고자수,사고유형,법규위반,노면상태,기상상태,도로형태,가해운전자 차종,가해운전자 성별,가해운전자 연령,가해운전자 상해정도,피해운전자 차종,피해운전자 성별,피해운전자 연령,피해운전자 상해정도
2013051900100531,2013년 5월 19일 20시,일요일,대전광역시 서구 도마동,경상사고,0,0,1,0,차대사람 - 기타,안전운전불이행,건조,맑음,단일로 - 기타,승용,남,20세,상해없음,보행자,남,20세,경상
2013051900100532,2013년 5월 19일 20시,일요일,대전광역시 유성구 봉명동,경상사고,0,0,2,0,차대사람 - 횡단중,보행자보호의무위반,건조,맑음,단일로 - 횡단보도상,승용,기타불명,기타불명,기타불명,보행자,남,16세,경상
2013051900100565,2013년 5월 19일 21시,일요일,대전광역시 유성구 원내동,경상사고,0,0,1,0,차대차 - 측면직각충돌,안전운전불이행,건조,맑음,단일로 - 기타,화물,남,50세,상해없음,승용,남,63세,경상
2013051900100586,2013년 5월 19일 22시,일요일,대전광역시 대덕구 석봉동,중상사고,0,1,0,0,차대차 - 측면직각충돌,불법유턴,건조,맑음,단일로 - 기타,승용,남,37세,상해없음,이륜,남,16세,중상
2013051900100587,2013년 5월 19일 22시,일요일,대전광역시 서구 탄방동,경상사고,0,0,2,0,차대차 - 추돌 - 주정차중,안전운전불이행,건조,맑음,교차로 - 교차로부근,승용,남,32세,상해없음,승용,남,28세,경상
2013051900100606,2013년 5월 19일 23시,일요일,대전광역시 서구 용문동,경상사고,0,0,1,0,차대차 - 기타,안전운전불이행,건조,맑음,교차로 - 교차로안,승용,남,56세,상해없음,자전거,남,27세,경상
2013052000100011,2013년 5월 20일 00시,월요일,대전광역시 서구 탄방동,경상사고,0,0,1,0,차대사람 - 길가장자리구역통행중,안전운전불이행,건조,맑음,단일로 - 기타,승용,남,38세,상해없음,보행자,남,19세,경상
2013052000100021,2013년 5월 20일 01시,월요일,대전광역시 서구 정림동,경상사고,0,0,1,0,차대차 - 정면충돌,중앙선침범,건조,맑음,단일로 - 교량,승용,여,28세,상해없음,승용,남,38세,경상
2013052000100041,2013년 5월 20일 04시,월요일,대전광역시 동구 성남동,중상사고,0,1,0,0,차대차 - 추돌 - 진행중,안전운전불이행,건조,맑음,교차로 - 교차로부근,승용,기타불명,기타불명,기타불명,승용,남,25세,중상
2013052000100051,2013년 5월 20일 05시,월요일,대전광역시 유성구 관평동,중상사고,0,1,0,0,차량단독 - 공작물충돌,안전운전불이행,건조,맑음,단일로 - 기타,승용,남,26세,상해없음,,,,
2013052000100061,2013년 5월 20일 06시,월요일,대전광역시 서구 월평동,경상사고,0,0,3,0,차대차 - 추돌 - 주정차중,안전운전불이행,건조,맑음,교차로 - 교차로부근,승용,남,56세,상해없음,승용,남,47세,경상
2013052000100083,2013년 5월 20일 07시,월요일,대전광역시 중구 산성동,중상사고,0,1,0,0,차대차 - 측면직각충돌,신호위반,건조,맑음,교차로 - 교차로안,화물,남,50세,상해없음,승용,남,31세,중상
2013052000100084,2013년 5월 20일 07시,월요일,대전광역시 서구 월평동,중상사고,0,1,0,0,차대차 - 추돌 - 진행중,안전운전불이행,건조,맑음,교차로 - 교차로안,승용,남,50세,상해없음,승용,남,51세,상해없음
2013052000100113,2013년 5월 20일 08시,월요일,대전광역시 중구 선화동,경상사고,0,0,2,0,차대차 - 추돌 - 진행중,안전거리미확보,건조,맑음,단일로 - 횡단보도부근,승용,여,51세,상해없음,승용,남,46세,경상
2013052000100114,2013년 5월 20일 08시,월요일,대전광역시 유성구 전민동,경상사고,0,0,1,0,차대사람 - 횡단중,신호위반,건조,맑음,교차로 - 교차로안,승용,여,35세,상해없음,보행자,여,26세,경상
2013052000100158,2013년 5월 20일 10시,월요일,대전광역시 동구 정동,중상사고,0,1,0,0,차대차 - 기타,안전거리미확보,건조,맑음,단일로 - 기타,승합,남,53세,상해없음,원동기,남,79세,중상
2013052000100159,2013년 5월 20일 10시,월요일,대전광역시 동구 인동,경상사고,0,0,1,0,차량단독 - 기타,기타,건조,맑음,단일로 - 기타,승합,남,52세,상해없음,,,,
2013052000100192,2013년 5월 20일 11시,월요일,대전광역시 서구 도마동,중상사고,0,1,5,0,차대차 - 기타,교차로운행방법위반,건조,맑음,단일로 - 기타,승합,여,36세,상해없음,승합,남,53세,상해없음
2013052000100270,2013년 5월 20일 14시,월요일,대전광역시 중구 문화동,경상사고,0,0,1,0,차대차 - 기타,안전운전불이행,건조,맑음,기타 - 기타,승용,남,57세,상해없음,승용,남,44세,경상
2013052000100271,2013년 5월 20일 14시,월요일,대전광역시 서구 둔산동,경상사고,0,0,1,0,차대차 - 기타,신호위반,건조,맑음,교차로 - 교차로안,승용,남,70세,상해없음,승용,남,30세,경상
2013052000100318,2013년 5월 20일 15시,월요일,대전광역시 동구 중동,중상사고,0,1,0,0,차대차 - 측면직각충돌,신호위반,건조,맑음,교차로 - 교차로안,승용,남,33세,상해없음,원동기,남,71세,중상
2013052000100399,2013년 5월 20일 17시,월요일,대전광역시 서구 둔산동,경상사고,0,0,1,0,차대차 - 기타,안전운전불이행,건조,맑음,기타 - 기타,원동기,남,29세,상해없음,승용,여,24세,경상
2013052000100439,2013년 5월 20일 18시,월요일,대전광역시 중구 태평동,중상사고,0,1,0,0,차대사람 - 기타,안전운전불이행,건조,맑음,기타 - 기타,승합,남,44세,상해없음,보행자,여,58세,중상
2013052000100440,2013년 5월 20일 18시,월요일,대전광역시 서구 용문동,중상사고,0,1,0,0,차대사람 - 보도통행중,보행자보호의무위반,건조,맑음,교차로 - 교차로부근,승용,여,53세,상해없음,보행자,남,28세,중상
2013052000100465,2013년 5월 20일 19시,월요일,대전광역시 동구 용전동,중상사고,0,1,0,0,차대사람 - 횡단중,보행자보호의무위반,건조,맑음,단일로 - 횡단보도상,승용,남,52세,상해없음,보행자,여,23세,중상
2013052000100466,2013년 5월 20일 19시,월요일,대전광역시 동구 용전동,중상사고,0,1,0,0,차대사람 - 차도통행중,안전운전불이행,건조,맑음,교차로 - 교차로안,승용,남,52세,상해없음,보행자,남,59세,중상
2013052000100589,2013년 5월 20일 23시,월요일,대전광역시 중구 옥계동,중상사고,0,2,0,0,차대사람 - 횡단중,안전운전불이행,건조,맑음,단일로 - 기타,승용,남,31세,상해없음,보행자,여,42세,중상
2013052000100590,2013년 5월 20일 23시,월요일,대전광역시 유성구 장대동,경상사고,0,0,2,0,차대차 - 정면충돌,안전운전불이행,건조,맑음,교차로 - 교차로안,승용,남,22세,상해없음,승용,남,44세,경상
2013052100100013,2013년 5월 21일 00시,화요일,대전광역시 동구 자양동,경상사고,0,0,1,0,차대차 - 측면직각충돌,안전운전불이행,건조,맑음,교차로 - 교차로안,승용,남,55세,상해없음,이륜,남,35세,경상
2013052100100041,2013년 5월 21일 02시,화요일,대전광역시 유성구 봉명동,중상사고,0,1,2,0,차대차 - 추돌 - 주정차중,안전운전불이행,건조,맑음,교차로 - 교차로부근,승용,남,22세,상해없음,승용,남,29세,중상
2013052100100047,2013년 5월 21일 03시,화요일,대전광역시 서구 월평동,경상사고,0,0,1,0,차대차 - 추돌 - 주정차중,안전운전불이행,건조,맑음,교차로 - 교차로부근,승용,남,50세,상해없음,승용,남,43세,경상
2013052100100201,2013년 5월 21일 10시,화요일,대전광역시 서구 가수원동,중상사고,0,1,0,0,차대차 - 추돌 - 주정차중,안전운전불이행,건조,기타,교차로 - 교차로부근,승용,여,33세,기타불명,승합,남,48세,중상
2013052100100202,2013년 5월 21일 10시,화요일,대전광역시 서구 갈마동,중상사고,0,1,0,0,차대사람 - 차도통행중,안전운전불이행,건조,맑음,교차로 - 교차로안,승용,남,39세,상해없음,보행자,여,21세,중상
2013052100100252,2013년 5월 21일 12시,화요일,대전광역시 중구 선화동,중상사고,0,1,0,0,차대차 - 측면직각충돌,불법유턴,건조,맑음,단일로 - 기타,이륜,남,35세,상해없음,이륜,남,63세,중상
2013052100100383,2013년 5월 21일 16시,화요일,대전광역시 동구 홍도동,경상사고,0,0,1,0,차대사람 - 차도통행중,안전운전불이행,건조,맑음,단일로 - 기타,승용,남,18세,상해없음,보행자,여,22세,경상
2013052100100433,2013년 5월 21일 17시,화요일,대전광역시 중구 태평동,경상사고,0,0,1,0,차대차 - 측면직각충돌,안전운전불이행,건조,맑음,단일로 - 기타,승용,남,55세,상해없음,자전거,남,17세,경상
2013052100100484,2013년 5월 21일 18시,화요일,대전광역시 동구 하소동,중상사고,0,1,0,0,차대차 - 측면직각충돌,안전운전불이행,건조,맑음,단일로 - 기타,승용,남,51세,상해없음,화물,남,52세,중상
2013052100100485,2013년 5월 21일 18시,화요일,대전광역시 서구 내동,중상사고,0,1,0,0,차대사람 - 기타,안전운전불이행,건조,맑음,단일로 - 기타,승용,여,53세,상해없음,보행자,여,65세,중상
2013052100100486,2013년 5월 21일 18시,화요일,대전광역시 서구 월평동,경상사고,0,0,1,0,차대차 - 기타,안전운전불이행,건조,맑음,단일로 - 기타,승용,남,60세,상해없음,승용,여,45세,경상
2013052100100515,2013년 5월 21일 19시,화요일,대전광역시 중구 중촌동,중상사고,0,1,0,0,차대사람 - 횡단중,안전운전불이행,건조,맑음,단일로 - 기타,화물,남,48세,상해없음,보행자,남,79세,중상
2013052100100545,2013년 5월 21일 20시,화요일,대전광역시 서구 괴정동,중상사고,0,1,0,0,차대사람 - 기타,안전운전불이행,건조,맑음,단일로 - 기타,이륜,남,56세,상해없음,보행자,여,60세,중상
2013052100100644,2013년 5월 21일 23시,화요일,대전광역시 대덕구 덕암동,중상사고,0,1,2,0,차대차 - 추돌 - 진행중,안전운전불이행,건조,맑음,교차로 - 교차로부근,화물,남,50세,상해없음,승용,남,28세,경상
2013052100100645,2013년 5월 21일 23시,화요일,대전광역시 서구 월평동,경상사고,0,0,4,0,차대차 - 기타,안전운전불이행,건조,맑음,단일로 - 기타,승용,남,51세,상해없음,승용,여,46세,경상
2013052200100018,2013년 5월 22일 00시,수요일,대전광역시 동구 자양동,경상사고,0,0,1,0,차대차 - 추돌 - 주정차중,안전운전불이행,건조,맑음,단일로 - 기타,승용,남,24세,상해없음,승용,남,19세,상해없음
2013052200100035,2013년 5월 22일 01시,수요일,대전광역시 서구 괴정동,중상사고,0,2,0,0,차대차 - 기타,안전운전불이행,건조,맑음,교차로 - 교차로부근,승용,남,38세,상해없음,승용,여,56세,중상
2013052200100115,2013년 5월 22일 07시,수요일,대전광역시 서구 가수원동,경상사고,0,0,1,0,차대사람 - 기타,안전운전불이행,건조,맑음,교차로 - 교차로부근,승용,남,44세,상해없음,보행자,여,12세,경상
2013052200100116,2013년 5월 22일 07시,수요일,대전광역시 서구 갈마동,경상사고,0,0,1,0,차대차 - 기타,중앙선침범,건조,맑음,교차로 - 교차로부근,승용,여,25세,상해없음,승용,남,27세,경상
2013052200100148,2013년 5월 22일 08시,수요일,대전광역시 대덕구 읍내동,중상사고,0,1,0,0,차대차 - 기타,안전운전불이행,건조,맑음,교차로 - 교차로안,승용,남,35세,상해없음,자전거,남,27세,중상
2013052200100183,2013년 5월 22일 09시,수요일,대전광역시 중구 용두동,중상사고,0,1,0,0,차대차 - 측면직각충돌,안전운전불이행,건조,맑음,교차로 - 교차로부근,승용,남,55세,상해없음,자전거,남,49세,중상
2013052200100290,2013년 5월 22일 13시,수요일,대전광역시 서구 가장동,경상사고,0,0,4,0,차대차 - 추돌 - 진행중,안전운전불이행,건조,맑음,교차로 - 교차로부근,승용,남,54세,경상,승용,여,56세,경상
2013052200100318,2013년 5월 22일 14시,수요일,대전광역시 동구 용전동,중상사고,0,1,0,0,차대사람 - 기타,기타,건조,맑음,기타 - 기타,승용,남,31세,상해없음,보행자,여,58세,중상
2013052200100363,2013년 5월 22일 15시,수요일,대전광역시 동구 판암동,경상사고,0,0,1,0,차대차 - 추돌 - 진행중,안전거리미확보,건조,맑음,단일로 - 기타,승용,여,52세,상해없음,승합,남,49세,상해없음
2013052200100399,2013년 5월 22일 16시,수요일,대전광역시 동구 효평동,경상사고,0,0,3,0,차대차 - 기타,중앙선침범,건조,맑음,단일로 - 기타,승용,남,62세,상해없음,승용,남,46세,경상
2013052200100400,2013년 5월 22일 16시,수요일,대전광역시 동구 가오동,중상사고,0,1,0,0,차대사람 - 횡단중,안전운전불이행,건조,맑음,단일로 - 횡단보도부근,승용,남,44세,상해없음,보행자,여,85세,중상
2013052200100470,2013년 5월 22일 18시,수요일,대전광역시 유성구 원내동,중상사고,0,1,0,0,차대차 - 측면직각충돌,신호위반,건조,맑음,교차로 - 교차로안,원동기,여,58세,중상,승용,남,37세,상해없음
2013052200100500,2013년 5월 22일 19시,수요일,대전광역시 서구 변동,경상사고,0,0,1,0,차대차 - 측면직각충돌,교차로운행방법위반,건조,맑음,교차로 - 교차로안,승용,남,57세,상해없음,승용,남,38세,경상
2013052200100501,2013년 5월 22일 19시,수요일,대전광역시 서구 변동,경상사고,0,0,1,0,차대사람 - 횡단중,안전운전불이행,건조,맑음,단일로 - 기타,승용,남,70세,상해없음,보행자,남,71세,경상
2013052200100544,2013년 5월 22일 20시,수요일,대전광역시 중구 태평동,경상사고,0,0,1,0,차대차 - 측면직각충돌,안전운전불이행,건조,맑음,교차로 - 교차로부근,화물,남,64세,상해없음,자전거,남,9세,경상
2013052200100545,2013년 5월 22일 20시,수요일,대전광역시 유성구 반석동,경상사고,0,0,1,0,차대차 - 측면직각충돌,안전거리미확보,건조,맑음,교차로 - 교차로부근,승용,여,29세,상해없음,승용,남,37세,경상
2013052200100610,2013년 5월 22일 22시,수요일,대전광역시 서구 갈마동,경상사고,0,0,1,0,차대차 - 측면직각충돌,안전운전불이행,건조,맑음,단일로 - 횡단보도부근,승용,기타불명,기타불명,기타불명,승용,남,32세,경상
2013052200100641,2013년 5월 22일 23시,수요일,대전광역시 중구 중촌동,경상사고,0,0,2,0,차대차 - 측면직각충돌,안전운전불이행,건조,맑음,단일로 - 기타,이륜,남,18세,상해없음,승용,여,35세,경상
2013052200100642,2013년 5월 22일 23시,수요일,대전광역시 유성구 덕명동,경상사고,0,0,1,0,차대차 - 측면직각충돌,직진우회전진행방해,건조,맑음,교차로 - 교차로안,원동기,남,19세,상해없음,승용,남,59세,경상
2013052300100046,2013년 5월 23일 02시,목요일,대전광역시 중구 태평동,중상사고,0,1,2,0,차대차 - 측면직각충돌,안전운전불이행,건조,흐림,교차로 - 교차로안,승용,남,57세,중상,승용,남,36세,경상
2013052300100047,2013년 5월 23일 02시,목요일,대전광역시 서구 월평동,경상사고,0,0,4,0,차대차 - 정면충돌,신호위반,건조,맑음,교차로 - 교차로안,화물,남,26세,상해없음,승용,남,30세,경상
2013052300100048,2013년 5월 23일 02시,목요일,대전광역시 서구 둔산동,중상사고,0,1,1,0,차대차 - 측면직각충돌,중앙선침범,건조,맑음,교차로 - 교차로부근,승용,남,29세,경상,화물,남,40세,중상
2013052300100112,2013년 5월 23일 07시,목요일,대전광역시 동구 인동,경상사고,0,0,1,0,차량단독 - 기타,안전운전불이행,건조,맑음,단일로 - 기타,승합,남,51세,상해없음,,,,
2013052300100195,2013년 5월 23일 10시,목요일,대전광역시 유성구 원내동,경상사고,0,0,1,0,차대사람 - 기타,안전운전불이행,건조,맑음,단일로 - 기타,화물,기타불명,기타불명,기타불명,보행자,남,16세,경상
2013052300100279,2013년 5월 23일 13시,목요일,대전광역시 동구 성남동,경상사고,0,0,1,0,차대사람 - 기타,안전운전불이행,건조,맑음,교차로 - 교차로부근,이륜,남,72세,상해없음,보행자,남,73세,경상
2013052300100380,2013년 5월 23일 16시,목요일,대전광역시 중구 오류동,경상사고,0,0,1,0,차대차 - 측면직각충돌,안전거리미확보,건조,맑음,단일로 - 기타,승합,남,46세,상해없음,승합,남,34세,경상
2013052300100465,2013년 5월 23일 18시,목요일,대전광역시 유성구 반석동,중상사고,0,1,0,0,차대차 - 기타,신호위반,건조,맑음,교차로 - 교차로안,승용,남,46세,상해없음,승용,여,31세,중상
2013052300100492,2013년 5월 23일 19시,목요일,대전광역시 대덕구 미호동,중상사고,0,1,3,0,차대차 - 정면충돌,안전운전불이행,건조,맑음,단일로 - 기타,화물,남,52세,상해없음,승용,남,48세,경상
2013052300100493,2013년 5월 23일 19시,목요일,대전광역시 대덕구 오정동,중상사고,0,1,0,0,차대사람 - 횡단중,안전운전불이행,건조,맑음,단일로 - 기타,승용,남,37세,상해없음,보행자,남,73세,중상
2013052300100494,2013년 5월 23일 19시,목요일,대전광역시 서구 월평동,경상사고,0,0,2,0,차대사람 - 기타,안전운전불이행,건조,맑음,단일로 - 기타,승용,남,25세,상해없음,보행자,남,41세,경상
2013052300100519,2013년 5월 23일 20시,목요일,대전광역시 동구 대동,경상사고,0,0,2,0,차대차 - 측면직각충돌,신호위반,건조,맑음,교차로 - 교차로안,승용,남,44세,상해없음,승용,남,55세,경상
2013052300100520,2013년 5월 23일 20시,목요일,대전광역시 서구 둔산동,경상사고,0,0,1,0,차대차 - 기타,안전운전불이행,건조,맑음,단일로 - 기타,승용,남,40세,상해없음,승용,여,34세,경상
2013052300100578,2013년 5월 23일 22시,목요일,대전광역시 중구 문화동,경상사고,0,0,1,0,차대차 - 추돌 - 주정차중,안전운전불이행,건조,맑음,단일로 - 기타,화물,남,65세,상해없음,승용,남,50세,상해없음
2013052300100579,2013년 5월 23일 22시,목요일,대전광역시 대덕구 송촌동,경상사고,0,0,2,0,차대차 - 측면직각충돌,안전운전불이행,건조,맑음,단일로 - 기타,승용,남,42세,상해없음,승용,남,27세,경상
2013052400100036,2013년 5월 24일 01시,금요일,대전광역시 중구 용두동,경상사고,0,0,5,0,차대차 - 측면직각충돌,안전거리미확보,건조,맑음,단일로 - 기타,승용,여,49세,상해없음,승용,남,40세,경상
2013052400100043,2013년 5월 24일 02시,금요일,대전광역시 유성구 봉명동,중상사고,0,1,0,0,차대차 - 기타,안전운전불이행,건조,맑음,단일로 - 기타,승용,여,28세,상해없음,자전거,남,55세,중상
2013052400100093,2013년 5월 24일 06시,금요일,대전광역시 중구 부사동,중상사고,0,1,0,0,차대차 - 정면충돌,중앙선침범,건조,맑음,단일로 - 기타,화물,여,53세,상해없음,승용,여,60세,중상
2013052400100123,2013년 5월 24일 07시,금요일,대전광역시 동구 정동,경상사고,0,0,2,0,차대차 - 추돌 - 주정차중,안전운전불이행,건조,맑음,교차로 - 교차로부근,승용,남,54세,상해없음,승용,남,22세,경상
2013052400100124,2013년 5월 24일 07시,금요일,대전광역시 대덕구 송촌동,경상사고,0,0,2,0,차대사람 - 횡단중,안전운전불이행,건조,맑음,교차로 - 교차로부근,승용,남,54세,상해없음,보행자,여,16세,경상
2013052400100170,2013년 5월 24일 08시,금요일,대전광역시 유성구 봉명동,경상사고,0,0,4,6,차대차 - 기타,안전거리미확보,건조,맑음,단일로 - 기타,승용,남,25세,상해없음,승합,남,46세,경상
2013052400100224,2013년 5월 24일 10시,금요일,대전광역시 서구 월평동,경상사고,0,0,1,0,차대차 - 추돌 - 주정차중,안전거리미확보,건조,맑음,교차로 - 교차로부근,승합,남,47세,상해없음,승용,남,55세,경상
2013052400100289,2013년 5월 24일 13시,금요일,대전광역시 중구 용두동,중상사고,0,1,1,0,차대차 - 기타,신호위반,건조,맑음,교차로 - 교차로안,승용,여,44세,상해없음,승합,남,35세,경상
2013052400100484,2013년 5월 24일 18시,금요일,대전광역시 서구 관저동,경상사고,0,0,1,0,차대사람 - 기타,안전운전불이행,건조,맑음,단일로 - 기타,승용,남,61세,상해없음,보행자,여,6세,경상
2013052400100485,2013년 5월 24일 18시,금요일,대전광역시 서구 둔산동,경상사고,0,0,1,0,차대차 - 추돌 - 진행중,안전운전불이행,건조,맑음,교차로 - 교차로안,승용,남,47세,상해없음,승용,여,58세,경상
2013052400100521,2013년 5월 24일 19시,금요일,대전광역시 대덕구 중리동,중상사고,0,1,0,0,차대차 - 측면직각충돌,안전운전불이행,건조,맑음,교차로 - 교차로안,승용,남,54세,상해없음,자전거,남,24세,중상
2013052400100554,2013년 5월 24일 20시,금요일,대전광역시 동구 신흥동,경상사고,0,0,1,0,차대차 - 추돌 - 진행중,안전거리미확보,건조,맑음,단일로 - 기타,화물,남,44세,상해없음,승용,여,56세,경상
2013052400100555,2013년 5월 24일 20시,금요일,대전광역시 유성구 봉명동,경상사고,0,0,1,0,차대차 - 추돌 - 주정차중,안전운전불이행,건조,맑음,교차로 - 교차로안,승용,남,41세,상해없음,승용,남,25세,경상
2013052400100624,2013년 5월 24일 22시,금요일,대전광역시 동구 가양동,경상사고,0,0,1,0,차대차 - 기타,안전운전불이행,건조,맑음,교차로 - 교차로안,승합,남,46세,상해없음,이륜,여,53세,경상
2013052500100025,2013년 5월 25일 00시,토요일,대전광역시 서구 정림동,경상사고,0,0,4,0,차대차 - 측면직각충돌,신호위반,건조,맑음,교차로 - 교차로안,승용,남,50세,상해없음,승용,남,61세,경상
2013052500100026,2013년 5월 25일 00시,토요일,대전광역시 서구 월평동,경상사고,0,0,1,0,차대사람 - 횡단중,안전운전불이행,건조,맑음,단일로 - 횡단보도상,승용,남,40세,상해없음,보행자,남,14세,경상
2013052500100027,2013년 5월 25일 00시,토요일,대전광역시 서구 갈마동,경상사고,0,0,2,0,차대차 - 측면직각충돌,신호위반,건조,맑음,교차로 - 교차로안,승용,남,21세,상해없음,승용,남,47세,경상
2013052500100028,2013년 5월 25일 00시,토요일,대전광역시 서구 탄방동,경상사고,0,0,6,0,차대차 - 측면직각충돌,신호위반,건조,맑음,교차로 - 교차로안,승용,여,21세,상해없음,승용,남,42세,경상
2013052500100052,2013년 5월 25일 01시,토요일,대전광역시 대덕구 대화동,경상사고,0,0,1,0,차대차 - 측면직각충돌,안전운전불이행,건조,맑음,교차로 - 교차로안,승용,남,38세,상해없음,승용,남,25세,경상
2013052500100078,2013년 5월 25일 02시,토요일,대전광역시 유성구 구암동,경상사고,0,0,1,0,차대사람 - 기타,안전운전불이행,건조,맑음,교차로 - 교차로부근,승용,여,23세,상해없음,보행자,남,40세,경상
2013052500100199,2013년 5월 25일 08시,토요일,대전광역시 동구 비룡동,사망사고,1,1,0,0,차량단독 - 도로외이탈 - 기타,안전운전불이행,건조,맑음,단일로 - 기타,승용,남,59세,중상,,,,
2013052500100229,2013년 5월 25일 09시,토요일,대전광역시 대덕구 법동,경상사고,0,0,1,0,차량단독 - 기타,안전운전불이행,건조,맑음,단일로 - 기타,승합,남,48세,상해없음,,,,
2013052500100266,2013년 5월 25일 10시,토요일,대전광역시 유성구 송강동,경상사고,0,0,4,0,차대차 - 기타,안전운전불이행,건조,맑음,교차로 - 교차로부근,승용,남,58세,상해없음,승용,여,37세,경상
2013052500100336,2013년 5월 25일 12시,토요일,대전광역시 서구 둔산동,경상사고,0,0,2,0,차대차 - 측면직각충돌,안전운전불이행,건조,맑음,단일로 - 기타,승용,기타불명,기타불명,기타불명,승용,남,29세,경상
2013052500100366,2013년 5월 25일 13시,토요일,대전광역시 중구 문창동,경상사고,0,0,1,0,차대사람 - 길가장자리구역통행중,안전운전불이행,건조,맑음,단일로 - 교량,승용,기타불명,기타불명,기타불명,보행자,남,40세,경상
2013052500100367,2013년 5월 25일 13시,토요일,대전광역시 유성구 노은동,경상사고,0,0,2,0,차대차 - 기타,안전운전불이행,건조,맑음,단일로 - 기타,승용,여,44세,상해없음,승용,남,36세,경상
2013052500100410,2013년 5월 25일 14시,토요일,대전광역시 동구 가양동,경상사고,0,0,1,0,차대사람 - 기타,안전운전불이행,건조,맑음,교차로 - 교차로부근,승용,남,71세,상해없음,보행자,여,85세,경상
2013052500100441,2013년 5월 25일 15시,토요일,대전광역시 중구 유천동,중상사고,0,1,0,0,차대차 - 측면직각충돌,신호위반,건조,맑음,교차로 - 교차로안,승용,남,34세,상해없음,승용,여,52세,중상
2013052500100521,2013년 5월 25일 17시,토요일,대전광역시 중구 중촌동,경상사고,0,0,1,0,차대차 - 측면직각충돌,신호위반,건조,맑음,교차로 - 교차로안,승용,남,56세,상해없음,원동기,남,17세,경상
2013052500100522,2013년 5월 25일 17시,토요일,대전광역시 중구 중촌동,경상사고,0,0,1,0,차대사람 - 길가장자리구역통행중,안전운전불이행,건조,맑음,교차로 - 교차로부근,승용,남,48세,상해없음,보행자,남,64세,경상
2013052500100523,2013년 5월 25일 17시,토요일,대전광역시 동구 자양동,경상사고,0,0,1,0,차대차 - 측면직각충돌,중앙선침범,건조,맑음,단일로 - 기타,승용,남,25세,상해없음,승용,남,58세,경상
2013052500100524,2013년 5월 25일 17시,토요일,대전광역시 동구 용전동,경상사고,0,0,1,0,차대차 - 추돌 - 주정차중,안전운전불이행,건조,맑음,단일로 - 기타,승용,여,22세,상해없음,승용,남,69세,경상
2013052500100525,2013년 5월 25일 17시,토요일,대전광역시 대덕구 중리동,경상사고,0,0,1,0,차대사람 - 횡단중,안전운전불이행,건조,맑음,단일로 - 기타,승용,여,24세,상해없음,보행자,남,39세,경상
2013052500100562,2013년 5월 25일 18시,토요일,대전광역시 동구 성남동,경상사고,0,0,1,0,차대차 - 측면직각충돌,신호위반,건조,맑음,교차로 - 교차로안,화물,남,61세,상해없음,승용,남,62세,경상
2013052500100563,2013년 5월 25일 18시,토요일,대전광역시 대덕구 석봉동,경상사고,0,0,5,0,차대차 - 측면직각충돌,안전거리미확보,건조,맑음,교차로 - 교차로부근,승용,남,38세,경상,승용,남,48세,경상
2013052500100564,2013년 5월 25일 18시,토요일,대전광역시 서구 둔산동,경상사고,0,0,1,0,차대차 - 측면직각충돌,신호위반,건조,맑음,단일로 - 횡단보도상,승용,남,51세,상해없음,자전거,남,20세,경상
2013052500100688,2013년 5월 25일 22시,토요일,대전광역시 서구 둔산동,중상사고,0,1,2,0,차대차 - 측면직각충돌,신호위반,건조,맑음,교차로 - 교차로안,승용,남,58세,상해없음,이륜,남,21세,경상
2013052500100718,2013년 5월 25일 23시,토요일,대전광역시 동구 가양동,경상사고,0,0,1,0,차대차 - 측면직각충돌,안전운전불이행,건조,맑음,교차로 - 교차로안,이륜,남,45세,상해없음,자전거,남,14세,경상
2013052600100019,2013년 5월 26일 00시,일요일,대전광역시 중구 중촌동,중상사고,0,1,0,0,차대차 - 기타,신호위반,건조,맑음,교차로 - 교차로안,자전거,남,21세,중상,승용,남,51세,상해없음
2013052600100039,2013년 5월 26일 01시,일요일,대전광역시 중구 유천동,경상사고,0,0,1,0,차대차 - 측면직각충돌,중앙선침범,건조,맑음,교차로 - 교차로부근,화물,기타불명,기타불명,기타불명,승용,남,55세,경상
2013052600100059,2013년 5월 26일 02시,일요일,대전광역시 동구 용전동,경상사고,0,0,3,0,차대차 - 추돌 - 주정차중,안전운전불이행,건조,맑음,교차로 - 교차로부근,승용,남,29세,상해없음,승용,남,22세,경상
2013052600100060,2013년 5월 26일 02시,일요일,대전광역시 서구 둔산동,경상사고,0,0,1,0,차대사람 - 기타,안전운전불이행,건조,맑음,단일로 - 기타,승용,남,18세,상해없음,보행자,남,27세,경상
2013052600100090,2013년 5월 26일 04시,일요일,대전광역시 중구 은행동,경상사고,0,0,1,0,차대차 - 기타,신호위반,건조,맑음,교차로 - 교차로안,원동기,남,18세,상해없음,승용,남,31세,상해없음
2013052600100101,2013년 5월 26일 05시,일요일,대전광역시 중구 선화동,중상사고,0,1,0,0,차대차 - 기타,안전운전불이행,건조,맑음,교차로 - 교차로안,승용,남,30세,상해없음,원동기,남,52세,중상
2013052600100102,2013년 5월 26일 05시,일요일,대전광역시 서구 가수원동,중상사고,0,1,0,0,차량단독 - 공작물충돌,안전운전불이행,건조,맑음,단일로 - 기타,승용,여,33세,상해없음,,,,