사고번호,사고일시,요일,시군구,사고내용,사망자수,중상자수,경상자수,부상신고자수,사고유형,법규위반,노면상태,기상상태,도로형태,가해운전자 차종,가해운전자 성별,가해운전자 연령,가해운전자 상해정도,피해운전자 차종,피해운전자 성별,피해운전자 연령,피해운전자 상해정도
2013060100100570,2013년 6월 1일 20시,토요일,대전광역시 서구 관저동,경상사고,0,0,2,0,차대차 - 추돌 - 주정차중,안전운전불이행,건조,맑음,단일로 - 기타,승용,남,43세,상해없음,승용,남,54세,경상
2013060100100623,2013년 6월 1일 22시,토요일,대전광역시 동구 삼성동,경상사고,0,0,2,0,차대차 - 측면직각충돌,교차로운행방법위반,건조,맑음,교차로 - 교차로안,승용,남,26세,상해없음,승용,남,47세,경상
2013060100100624,2013년 6월 1일 22시,토요일,대전광역시 동구 가양동,경상사고,0,0,1,0,차대차 - 기타,안전거리미확보,건조,맑음,단일로 - 기타,승용,남,51세,기타불명,승용,남,30세,경상
2013060100100625,2013년 6월 1일 22시,토요일,대전광역시 대덕구 중리동,중상사고,0,1,0,0,차대차 - 측면직각충돌,안전운전불이행,건조,맑음,단일로 - 기타,승용,여,44세,상해없음,자전거,남,63세,중상
2013060100100655,2013년 6월 1일 23시,토요일,대전광역시 대덕구 덕암동,경상사고,0,0,4,0,차대차 - 측면직각충돌,안전운전불이행,건조,맑음,교차로 - 교차로안,승용,남,57세,상해없음,승용,남,30세,경상
2013060200100027,2013년 6월 2일 00시,일요일,대전광역시 동구 중동,경상사고,0,0,3,0,차대차 - 측면직각충돌,신호위반,건조,맑음,교차로 - 교차로안,승용,남,25세,상해없음,승용,남,22세,경상
2013060200100028,2013년 6월 2일 00시,일요일,대전광역시 대덕구 송촌동,중상사고,0,1,0,0,차대사람 - 보도통행중,안전운전불이행,건조,맑음,교차로 - 교차로안,승합,남,29세,상해없음,보행자,남,43세,중상
2013060200100094,2013년 6월 2일 04시,일요일,대전광역시 서구 용문동,경상사고,0,0,2,0,차대차 - 추돌 - 주정차중,안전운전불이행,건조,맑음,단일로 - 기타,승용,남,22세,상해없음,승용,남,62세,경상
2013060200100095,2013년 6월 2일 04시,일요일,대전광역시 유성구 봉명동,경상사고,0,0,1,0,차대차 - 추돌 - 주정차중,안전운전불이행,건조,맑음,단일로 - 기타,승용,남,26세,상해없음,승용,남,26세,경상
2013060200100255,2013년 6월 2일 13시,일요일,대전광역시 동구 자양동,경상사고,0,0,1,0,차대사람 - 횡단중,신호위반,건조,맑음,교차로 - 교차로안,자전거,남,30세,상해없음,보행자,남,79세,경상
2013060200100285,2013년 6월 2일 14시,일요일,대전광역시 서구 복수동,중상사고,0,1,0,0,차대차 - 측면직각충돌,안전운전불이행,건조,맑음,단일로 - 횡단보도부근,이륜,남,28세,상해없음,이륜,남,33세,중상
2013060200100308,2013년 6월 2일 15시,일요일,대전광역시 서구 관저동,경상사고,0,0,1,0,차대차 - 기타,안전운전불이행,건조,맑음,단일로 - 기타,승용,남,56세,상해없음,자전거,남,9세,경상
2013060200100375,2013년 6월 2일 17시,일요일,대전광역시 중구 산성동,경상사고,0,0,1,0,차대차 - 추돌 - 주정차중,안전거리미확보,건조,맑음,단일로 - 기타,원동기,남,31세,상해없음,승용,남,50세,경상
2013060200100436,2013년 6월 2일 19시,일요일,대전광역시 서구 도마동,중상사고,0,1,1,0,차대차 - 측면직각충돌,중앙선침범,건조,맑음,교차로 - 교차로부근,화물,남,52세,중상,승용,여,50세,경상
2013060200100510,2013년 6월 2일 22시,일요일,대전광역시 유성구 봉명동,중상사고,0,1,0,0,차대사람 - 기타,안전운전불이행,건조,맑음,단일로 - 기타,승용,남,52세,상해없음,보행자,남,54세,중상
2013060200100536,2013년 6월 2일 23시,일요일,대전광역시 중구 산성동,경상사고,0,0,2,0,차대차 - 측면직각충돌,안전운전불이행,건조,맑음,교차로 - 교차로안,승용,남,51세,상해없음,승용,남,54세,상해없음
2013060300100011,2013년 6월 3일 00시,월요일,대전광역시 중구 태평동,경상사고,0,0,4,0,차대차 - 추돌 - 진행중,안전거리미확보,건조,맑음,단일로 - 기타,원동기,남,55세,상해없음,승용,남,35세,경상
2013060300100060,2013년 6월 3일 06시,월요일,대전광역시 동구 가양동,중상사고,0,1,2,0,차대차 - 기타,안전운전불이행,건조,맑음,단일로 - 기타,승용,남,61세,상해없음,승용,남,63세,경상
2013060300100061,2013년 6월 3일 06시,월요일,대전광역시 서구 월평동,중상사고,0,1,0,0,차대차 - 기타,안전운전불이행,건조,맑음,단일로 - 기타,승용,남,30세,상해없음,승용,남,48세,중상
2013060300100087,2013년 6월 3일 07시,월요일,대전광역시 서구 갈마동,중상사고,0,1,0,0,차대차 - 기타,안전운전불이행,건조,맑음,단일로 - 횡단보도상,승용,남,59세,상해없음,자전거,여,44세,중상
2013060300100166,2013년 6월 3일 09시,월요일,대전광역시 동구 대별동,경상사고,0,0,1,0,차대사람 - 차도통행중,안전운전불이행,건조,맑음,교차로 - 교차로부근,화물,남,41세,상해없음,보행자,남,78세,경상
2013060300100167,2013년 6월 3일 09시,월요일,대전광역시 동구 소제동,경상사고,0,0,1,0,차대차 - 추돌 - 진행중,안전운전불이행,건조,맑음,교차로 - 교차로부근,승합,남,70세,상해없음,이륜,남,67세,경상
2013060300100194,2013년 6월 3일 10시,월요일,대전광역시 중구 대흥동,중상사고,0,1,1,0,차대차 - 추돌 - 진행중,안전거리미확보,건조,맑음,교차로 - 교차로부근,승합,남,52세,상해없음,승용,남,33세,경상
2013060300100243,2013년 6월 3일 12시,월요일,대전광역시 동구 인동,경상사고,0,0,1,0,차대차 - 추돌 - 주정차중,안전운전불이행,건조,맑음,교차로 - 교차로부근,화물,남,55세,상해없음,승용,남,58세,상해없음
2013060300100274,2013년 6월 3일 13시,월요일,대전광역시 중구 문화동,중상사고,0,1,0,0,차대사람 - 보도통행중,신호위반,건조,맑음,단일로 - 횡단보도상,원동기,남,62세,상해없음,보행자,여,65세,중상
2013060300100275,2013년 6월 3일 13시,월요일,대전광역시 동구 홍도동,중상사고,0,1,0,0,차대차 - 측면직각충돌,불법유턴,건조,맑음,단일로 - 기타,승용,남,15세,상해없음,승용,남,43세,중상
2013060300100371,2013년 6월 3일 16시,월요일,대전광역시 중구 산성동,중상사고,0,1,0,0,차대차 - 측면직각충돌,안전운전불이행,건조,맑음,단일로 - 기타,승용,여,62세,상해없음,원동기,남,68세,중상
2013060300100434,2013년 6월 3일 18시,월요일,대전광역시 중구 유천동,경상사고,0,0,1,0,차대차 - 측면직각충돌,신호위반,건조,맑음,교차로 - 교차로안,승합,남,53세,상해없음,승용,남,31세,경상
2013060300100435,2013년 6월 3일 18시,월요일,대전광역시 동구 대동,경상사고,0,0,1,0,차대차 - 기타,안전운전불이행,건조,맑음,단일로 - 기타,자전거,기타불명,기타불명,기타불명,승합,남,51세,상해없음
2013060300100468,2013년 6월 3일 19시,월요일,대전광역시 대덕구 송촌동,경상사고,0,0,1,0,차대차 - 측면직각충돌,안전거리미확보,건조,맑음,단일로 - 기타,승용,여,28세,상해없음,이륜,여,45세,경상
2013060300100512,2013년 6월 3일 20시,월요일,대전광역시 중구 문화동,경상사고,0,0,2,0,차대차 - 기타,신호위반,건조,맑음,단일로 - 기타,승용,남,31세,상해없음,승용,남,31세,경상
2013060300100513,2013년 6월 3일 20시,월요일,대전광역시 동구 판암동,경상사고,0,0,1,0,차대차 - 정면충돌,안전운전불이행,건조,맑음,단일로 - 횡단보도상,원동기,여,45세,상해없음,자전거,남,17세,경상
2013060300100545,2013년 6월 3일 21시,월요일,대전광역시 대덕구 중리동,경상사고,0,0,2,0,차대차 - 추돌 - 진행중,안전운전불이행,건조,맑음,교차로 - 교차로안,승용,여,38세,상해없음,승용,남,43세,경상
2013060300100604,2013년 6월 3일 23시,월요일,대전광역시 서구 괴정동,경상사고,0,0,2,0,차대차 - 추돌 - 주정차중,안전운전불이행,건조,맑음,단일로 - 기타,승용,남,40세,상해없음,승용,남,31세,경상
2013060300100605,2013년 6월 3일 23시,월요일,대전광역시 대덕구 중리동,경상사고,0,0,3,0,차대차 - 추돌 - 주정차중,안전운전불이행,건조,맑음,단일로 - 기타,승용,남,30세,상해없음,승용,남,60세,경상
2013060400100031,2013년 6월 4일 01시,화요일,대전광역시 서구 탄방동,중상사고,0,1,0,0,차대차 - 추돌 - 진행중,신호위반,건조,맑음,교차로 - 교차로안,승용,남,41세,상해없음,승합,남,38세,중상
2013060400100052,2013년 6월 4일 03시,화요일,대전광역시 동구 성남동,중상사고,0,1,0,0,차대사람 - 기타,안전운전불이행,건조,맑음,교차로 - 교차로부근,승용,남,22세,상해없음,보행자,남,26세,중상
2013060400100113,2013년 6월 4일 07시,화요일,대전광역시 동구 대동,경상사고,0,0,1,0,차량단독 - 기타,안전운전불이행,건조,맑음,단일로 - 기타,승합,남,44세,상해없음,,,,
2013060400100155,2013년 6월 4일 08시,화요일,대전광역시 서구 갈마동,경상사고,0,0,1,0,차대차 - 기타,안전운전불이행,건조,맑음,단일로 - 기타,승용,남,61세,상해없음,자전거,남,25세,경상
2013060400100176,2013년 6월 4일 09시,화요일,대전광역시 서구 괴정동,경상사고,0,0,2,0,차대차 - 추돌 - 주정차중,안전운전불이행,건조,맑음,단일로 - 기타,승용,남,18세,상해없음,승용,남,51세,경상
2013060400100280,2013년 6월 4일 13시,화요일,대전광역시 서구 둔산동,중상사고,0,1,0,0,차대차 - 기타,신호위반,건조,맑음,교차로 - 교차로안,자전거,남,20세,중상,승합,남,46세,상해없음
2013060400100325,2013년 6월 4일 15시,화요일,대전광역시 중구 부사동,경상사고,0,0,1,0,차대차 - 측면직각충돌,신호위반,건조,맑음,교차로 - 교차로안,승용,남,59세,상해없음,승용,여,49세,경상
2013060400100401,2013년 6월 4일 17시,화요일,대전광역시 서구 둔산동,중상사고,0,1,0,0,차대차 - 측면직각충돌,신호위반,건조,맑음,교차로 - 교차로안,승용,여,47세,상해없음,자전거,남,25세,중상
2013060400100441,2013년 6월 4일 18시,화요일,대전광역시 서구 탄방동,경상사고,0,0,1,2,차대차 - 기타,안전거리미확보,건조,맑음,교차로 - 교차로안,승용,남,51세,상해없음,승용,남,40세,상해없음
2013060400100513,2013년 6월 4일 20시,화요일,대전광역시 동구 성남동,사망사고,1,0,0,0,차대사람 - 횡단중,안전운전불이행,건조,맑음,교차로 - 교차로부근,화물,남,67세,상해없음,보행자,남,63세,사망
2013060400100557,2013년 6월 4일 22시,화요일,대전광역시 동구 자양동,경상사고,0,0,1,0,차대차 - 측면직각충돌,안전운전불이행,건조,맑음,교차로 - 교차로안,승용,여,20세,상해없음,승합,남,52세,경상
2013060400100558,2013년 6월 4일 22시,화요일,대전광역시 서구 내동,경상사고,0,0,2,0,차대차 - 추돌 - 주정차중,안전운전불이행,건조,맑음,교차로 - 교차로부근,승용,남,52세,상해없음,승용,여,53세,경상
2013060500100041,2013년 6월 5일 01시,수요일,대전광역시 중구 태평동,중상사고,0,1,1,0,차대차 - 측면직각충돌,신호위반,건조,흐림,교차로 - 교차로안,승용,남,44세,상해없음,승용,남,53세,경상
2013060500100042,2013년 6월 5일 01시,수요일,대전광역시 서구 둔산동,중상사고,0,1,0,0,차대차 - 추돌 - 진행중,안전운전불이행,건조,맑음,기타 - 기타,자전거,남,16세,기타불명,자전거,남,31세,중상
2013060500100067,2013년 6월 5일 04시,수요일,대전광역시 중구 문화동,경상사고,0,0,1,0,차대차 - 측면직각충돌,신호위반,건조,흐림,교차로 - 교차로안,승용,남,51세,상해없음,승용,남,28세,경상
2013060500100068,2013년 6월 5일 04시,수요일,대전광역시 동구 가양동,경상사고,0,0,1,0,차대차 - 측면직각충돌,안전운전불이행,건조,맑음,교차로 - 교차로안,승용,남,20세,상해없음,승용,남,54세,경상
2013060500100192,2013년 6월 5일 09시,수요일,대전광역시 유성구 원내동,경상사고,0,0,1,0,차량단독 - 기타,기타,건조,맑음,단일로 - 기타,승합,남,56세,상해없음,,,,
2013060500100237,2013년 6월 5일 11시,수요일,대전광역시 동구 낭월동,중상사고,0,1,2,0,차대차 - 추돌 - 주정차중,안전거리미확보,건조,맑음,교차로 - 교차로부근,승용,남,77세,상해없음,승용,남,39세,경상
2013060500100238,2013년 6월 5일 11시,수요일,대전광역시 대덕구 송촌동,경상사고,0,0,2,0,차대차 - 추돌 - 주정차중,안전운전불이행,건조,맑음,단일로 - 기타,승용,남,78세,상해없음,승용,남,40세,경상
2013060500100287,2013년 6월 5일 13시,수요일,대전광역시 서구 도마동,경상사고,0,0,1,0,차대차 - 추돌 - 진행중,안전거리미확보,건조,기타,교차로 - 교차로부근,승합,남,47세,상해없음,승용,남,47세,경상
2013060500100370,2013년 6월 5일 16시,수요일,대전광역시 동구 대동,중상사고,0,1,0,0,차대사람 - 횡단중,보행자보호의무위반,건조,맑음,단일로 - 횡단보도상,승용,남,36세,상해없음,보행자,여,71세,중상
2013060500100470,2013년 6월 5일 19시,수요일,대전광역시 유성구 노은동,경상사고,0,0,1,0,차대차 - 추돌 - 주정차중,안전운전불이행,건조,맑음,교차로 - 교차로부근,승용,남,60세,상해없음,승용,남,35세,경상
2013060500100571,2013년 6월 5일 22시,수요일,대전광역시 서구 도마동,경상사고,0,0,1,0,차대차 - 추돌 - 주정차중,안전거리미확보,건조,맑음,단일로 - 기타,승용,기타불명,기타불명,기타불명,승용,여,26세,상해없음
2013060500100572,2013년 6월 5일 22시,수요일,대전광역시 대덕구 오정동,경상사고,0,0,2,0,차대차 - 측면직각충돌,안전운전불이행,건조,맑음,교차로 - 교차로부근,승합,남,35세,상해없음,승용,여,34세,상해없음
2013060600100037,2013년 6월 6일 01시,목요일,대전광역시 유성구 장대동,경상사고,0,0,1,0,차대차 - 기타,안전운전불이행,건조,맑음,단일로 - 기타,승용,남,17세,상해없음,승용,남,36세,경상
2013060600100103,2013년 6월 6일 05시,목요일,대전광역시 대덕구 목상동,경상사고,0,0,2,0,차대차 - 추돌 - 주정차중,안전운전불이행,건조,맑음,교차로 - 교차로부근,승용,남,38세,상해없음,화물,남,28세,경상
2013060600100139,2013년 6월 6일 07시,목요일,대전광역시 서구 둔산동,경상사고,0,0,1,0,차대차 - 기타,안전운전불이행,건조,맑음,단일로 - 기타,화물,남,32세,상해없음,승용,남,45세,경상
2013060600100140,2013년 6월 6일 07시,목요일,대전광역시 유성구 장대동,경상사고,0,0,1,0,차대사람 - 횡단중,중앙선침범,건조,맑음,단일로 - 횡단보도상,승용,남,18세,상해없음,보행자,남,47세,경상
2013060600100207,2013년 6월 6일 10시,목요일,대전광역시 중구 선화동,중상사고,0,1,0,0,차대차 - 측면직각충돌,안전운전불이행,건조,맑음,교차로 - 교차로부근,승용,남,24세,상해없음,자전거,남,29세,중상
2013060600100262,2013년 6월 6일 12시,목요일,대전광역시 중구 문화동,경상사고,0,0,1,0,차대차 - 측면직각충돌,안전거리미확보,건조,맑음,교차로 - 교차로안,승용,남,63세,상해없음,승용,남,34세,경상
2013060600100381,2013년 6월 6일 16시,목요일,대전광역시 동구 홍도동,중상사고,0,1,0,0,차대차 - 측면직각충돌,안전거리미확보,건조,맑음,교차로 - 교차로안,기타불명,기타불명,기타불명,기타불명,자전거,남,80세,중상
2013060600100528,2013년 6월 6일 21시,목요일,대전광역시 동구 소제동,중상사고,0,1,0,0,차대차 - 측면직각충돌,안전운전불이행,건조,맑음,단일로 - 기타,승용,남,51세,상해없음,자전거,남,60세,중상
2013060600100529,2013년 6월 6일 21시,목요일,대전광역시 서구 월평동,경상사고,0,0,1,0,차대차 - 정면충돌,기타,건조,맑음,단일로 - 기타,승용,여,45세,상해없음,자전거,남,20세,경상
2013060600100545,2013년 6월 6일 22시,목요일,대전광역시 대덕구 이현동,중상사고,0,2,0,0,차대차 - 기타,안전운전불이행,건조,맑음,교차로 - 교차로안,기타불명,기타불명,기타불명,기타불명,승용,남,30세,중상
2013060700100013,2013년 6월 7일 00시,금요일,대전광역시 서구 월평동,경상사고,0,0,3,0,차대차 - 측면직각충돌,신호위반,건조,맑음,교차로 - 교차로안,승용,남,60세,상해없음,승용,남,32세,경상
2013060700100031,2013년 6월 7일 02시,금요일,대전광역시 서구 복수동,경상사고,0,0,1,0,차대차 - 측면직각충돌,신호위반,건조,흐림,교차로 - 교차로안,승용,남,40세,상해없음,승용,여,45세,경상
2013060700100032,2013년 6월 7일 02시,금요일,대전광역시 유성구 화암동,경상사고,0,0,1,0,차대차 - 추돌 - 주정차중,안전거리미확보,건조,맑음,교차로 - 교차로부근,승용,남,41세,상해없음,승용,남,41세,경상
2013060700100129,2013년 6월 7일 08시,금요일,대전광역시 서구 변동,경상사고,0,0,1,0,차대차 - 측면직각충돌,안전운전불이행,건조,맑음,교차로 - 교차로부근,승용,남,42세,상해없음,승용,남,60세,경상
2013060700100168,2013년 6월 7일 09시,금요일,대전광역시 동구 삼성동,중상사고,0,2,1,0,차대차 - 추돌 - 주정차중,안전운전불이행,건조,맑음,단일로 - 기타,화물,남,44세,상해없음,승용,남,39세,상해없음
2013060700100197,2013년 6월 7일 10시,금요일,대전광역시 대덕구 덕암동,사망사고,1,0,0,0,차대사람 - 기타,안전운전불이행,건조,맑음,단일로 - 기타,승합,남,43세,상해없음,보행자,여,1세,사망
2013060700100227,2013년 6월 7일 11시,금요일,대전광역시 동구 가양동,경상사고,0,0,1,0,차대사람 - 길가장자리구역통행중,기타,건조,맑음,단일로 - 기타,승용,남,46세,상해없음,보행자,여,54세,경상
2013060700100228,2013년 6월 7일 11시,금요일,대전광역시 유성구 노은동,중상사고,0,1,0,0,차대차 - 측면직각충돌,신호위반,건조,맑음,교차로 - 교차로안,승합,남,54세,상해없음,승용,남,42세,중상
2013060700100248,2013년 6월 7일 12시,금요일,대전광역시 중구 유천동,경상사고,0,0,1,0,차대차 - 측면직각충돌,중앙선침범,건조,맑음,단일로 - 기타,승용,남,76세,상해없음,승용,여,44세,경상
2013060700100272,2013년 6월 7일 13시,금요일,대전광역시 중구 문화동,중상사고,0,1,0,0,차대차 - 측면직각충돌,안전운전불이행,건조,맑음,교차로 - 교차로부근,특수,남,33세,상해없음,승용,남,27세,중상
2013060700100273,2013년 6월 7일 13시,금요일,대전광역시 동구 삼성동,경상사고,0,0,1,0,차대차 - 측면직각충돌,차로위반,건조,맑음,단일로 - 기타,승용,남,54세,상해없음,승용,남,27세,경상
2013060700100274,2013년 6월 7일 13시,금요일,대전광역시 서구 관저동,중상사고,0,2,0,0,차대차 - 측면직각충돌,차로위반,건조,맑음,단일로 - 기타,승용,남,55세,상해없음,이륜,남,58세,중상
2013060700100275,2013년 6월 7일 13시,금요일,대전광역시 유성구 송강동,경상사고,0,0,1,0,차량단독 - 기타,기타,건조,맑음,단일로 - 기타,승합,남,52세,상해없음,,,,
2013060700100319,2013년 6월 7일 14시,금요일,대전광역시 서구 변동,경상사고,0,0,1,0,차대차 - 측면직각충돌,차로위반,건조,맑음,단일로 - 기타,승합,남,48세,상해없음,승용,남,25세,경상
2013060700100359,2013년 6월 7일 15시,금요일,대전광역시 중구 문화동,중상사고,0,1,2,0,차대차 - 측면직각충돌,신호위반,건조,맑음,교차로 - 교차로안,승용,여,65세,상해없음,승용,남,55세,경상
2013060700100360,2013년 6월 7일 15시,금요일,대전광역시 동구 판암동,경상사고,0,0,1,0,차대사람 - 길가장자리구역통행중,안전운전불이행,건조,맑음,단일로 - 기타,승용,남,67세,상해없음,보행자,여,56세,경상
2013060700100388,2013년 6월 7일 16시,금요일,대전광역시 서구 둔산동,중상사고,0,1,0,0,차대차 - 측면직각충돌,신호위반,건조,맑음,교차로 - 교차로부근,승용,여,53세,상해없음,이륜,남,16세,중상
2013060700100472,2013년 6월 7일 18시,금요일,대전광역시 중구 산성동,경상사고,0,0,1,0,차대사람 - 횡단중,보행자보호의무위반,건조,맑음,단일로 - 기타,승합,남,45세,상해없음,보행자,여,8세,경상
2013060700100473,2013년 6월 7일 18시,금요일,대전광역시 중구 오류동,경상사고,0,0,1,0,차대차 - 측면직각충돌,안전거리미확보,건조,맑음,단일로 - 기타,승용,남,31세,상해없음,승용,남,65세,경상
2013060700100474,2013년 6월 7일 18시,금요일,대전광역시 대덕구 오정동,경상사고,0,0,1,0,차대차 - 측면직각충돌,신호위반,건조,맑음,교차로 - 교차로안,승용,남,29세,상해없음,화물,남,43세,경상
2013060700100475,2013년 6월 7일 18시,금요일,대전광역시 유성구 학하동,경상사고,0,0,1,0,차대사람 - 기타,안전운전불이행,건조,맑음,단일로 - 기타,승용,여,37세,상해없음,보행자,남,3세,경상
2013060700100551,2013년 6월 7일 20시,금요일,대전광역시 동구 홍도동,경상사고,0,0,2,0,차대차 - 추돌 - 진행중,안전운전불이행,건조,맑음,단일로 - 기타,승용,기타불명,기타불명,기타불명,승용,남,50세,경상
2013060700100552,2013년 6월 7일 20시,금요일,대전광역시 서구 관저동,중상사고,0,2,1,0,차대차 - 추돌 - 진행중,안전운전불이행,건조,맑음,교차로 - 교차로부근,승용,남,30세,상해없음,승용,남,33세,중상
2013060700100655,2013년 6월 7일 23시,금요일,대전광역시 유성구 지족동,중상사고,0,2,2,0,차대차 - 기타,중앙선침범,건조,맑음,단일로 - 기타,승용,남,51세,상해없음,승용,남,54세,중상
2013060800100022,2013년 6월 8일 00시,토요일,대전광역시 대덕구 오정동,중상사고,0,1,0,0,차대차 - 측면직각충돌,중앙선침범,건조,맑음,단일로 - 기타,승용,남,54세,상해없음,이륜,남,27세,중상
2013060800100047,2013년 6월 8일 01시,토요일,대전광역시 동구 용전동,경상사고,0,0,1,0,차대차 - 측면직각충돌,안전운전불이행,습기,흐림,단일로 - 기타,승용,남,63세,상해없음,승용,남,38세,경상
2013060800100063,2013년 6월 8일 02시,토요일,대전광역시 대덕구 문평동,중상사고,0,1,0,0,차대차 - 측면직각충돌,신호위반,건조,맑음,교차로 - 교차로안,승용,남,42세,중상,특수,남,45세,상해없음
2013060800100082,2013년 6월 8일 03시,토요일,대전광역시 중구 산성동,경상사고,0,0,1,0,차대차 - 측면직각충돌,중앙선침범,건조,맑음,단일로 - 기타,승용,남,29세,상해없음,승용,남,54세,경상
2013060800100147,2013년 6월 8일 07시,토요일,대전광역시 유성구 교촌동,경상사고,0,0,1,0,차대차 - 기타,안전운전불이행,건조,맑음,단일로 - 기타,승합,남,52세,상해없음,승용,남,54세,상해없음
2013060800100262,2013년 6월 8일 11시,토요일,대전광역시 중구 오류동,중상사고,0,1,0,0,차대사람 - 횡단중,신호위반,건조,맑음,단일로 - 횡단보도상,승용,여,44세,상해없음,보행자,여,56세,중상
2013060800100296,2013년 6월 8일 12시,토요일,대전광역시 유성구 봉명동,중상사고,0,4,1,0,차량단독 - 기타,안전운전불이행,건조,맑음,단일로 - 교량,승합,남,47세,상해없음,,,,
2013060800100297,2013년 6월 8일 12시,토요일,대전광역시 유성구 봉명동,경상사고,0,0,1,0,차대차 - 추돌 - 진행중,안전거리미확보,건조,맑음,단일로 - 기타,승용,남,40세,상해없음,승용,남,59세,경상
2013060800100420,2013년 6월 8일 16시,토요일,대전광역시 서구 월평동,중상사고,0,1,2,0,차대차 - 추돌 - 진행중,안전거리미확보,건조,맑음,단일로 - 기타,승용,여,45세,경상,승용,남,35세,중상
2013060800100421,2013년 6월 8일 16시,토요일,대전광역시 서구 둔산동,경상사고,0,0,1,0,차대차 - 측면직각충돌,안전운전불이행,건조,맑음,단일로 - 기타,승용,여,54세,상해없음,승용,여,41세,경상
2013060800100472,2013년 6월 8일 18시,토요일,대전광역시 대덕구 중리동,경상사고,0,0,1,0,차대차 - 측면직각충돌,중앙선침범,건조,맑음,단일로 - 기타,승용,여,38세,상해없음,승용,남,33세,경상
2013060800100528,2013년 6월 8일 20시,토요일,대전광역시 유성구 덕명동,중상사고,0,1,0,0,차대사람 - 횡단중,안전운전불이행,건조,맑음,교차로 - 교차로안,화물,남,57세,상해없음,보행자,남,16세,중상
2013060800100607,2013년 6월 8일 23시,토요일,대전광역시 유성구 봉명동,경상사고,0,0,1,0,차대차 - 추돌 - 주정차중,안전운전불이행,건조,맑음,교차로 - 교차로부근,승용,남,42세,상해없음,승용,남,48세,경상
2013060900100057,2013년 6월 9일 02시,일요일,대전광역시 서구 용문동,중상사고,0,1,0,0,차대차 - 기타,중앙선침범,건조,맑음,교차로 - 교차로부근,승용,여,29세,상해없음,이륜,남,21세,중상
2013060900100215,2013년 6월 9일 12시,일요일,대전광역시 유성구 궁동,경상사고,0,0,1,0,차대사람 - 길가장자리구역통행중,안전운전불이행,건조,맑음,단일로 - 기타,승용,기타불명,기타불명,기타불명,보행자,여,79세,경상
2013060900100241,2013년 6월 9일 13시,일요일,대전광역시 서구 도마동,중상사고,0,1,0,0,차대차 - 측면직각충돌,안전운전불이행,건조,맑음,단일로 - 기타,승합,남,53세,상해없음,승용,남,65세,상해없음
2013060900100259,2013년 6월 9일 14시,일요일,대전광역시 서구 관저동,경상사고,0,0,2,0,차대차 - 기타,안전운전불이행,건조,맑음,단일로 - 기타,승용,남,73세,상해없음,승용,남,51세,경상
2013060900100484,2013년 6월 9일 22시,일요일,대전광역시 동구 자양동,경상사고,0,0,2,0,차대차 - 추돌 - 진행중,안전거리미확보,건조,맑음,교차로 - 교차로안,승용,남,51세,상해없음,승용,남,24세,경상
2013060900100485,2013년 6월 9일 22시,일요일,대전광역시 대덕구 오정동,경상사고,0,0,1,0,차대차 - 추돌 - 진행중,안전운전불이행,건조,맑음,교차로 - 교차로부근,승용,남,62세,상해없음,이륜,남,48세,경상
2013060900100486,2013년 6월 9일 22시,일요일,대전광역시 유성구 원내동,부상신고사고,0,0,0,1,차대차 - 측면직각충돌,신호위반,건조,맑음,교차로 - 교차로안,이륜,남,18세,부상신고,승용,남,30세,상해없음
2013060900100509,2013년 6월 9일 23시,일요일,대전광역시 서구 가수원동,경상사고,0,0,4,0,차대차 - 추돌 - 주정차중,안전운전불이행,건조,맑음,단일로 - 기타,화물,남,52세,상해없음,특수,남,38세,기타불명
2013061000100018,2013년 6월 10일 00시,월요일,대전광역시 서구 도마동,경상사고,0,0,1,0,차대차 - 측면직각충돌,불법유턴,건조,맑음,단일로 - 기타,승용,남,23세,상해없음,승용,여,44세,경상
2013061000100081,2013년 6월 10일 06시,월요일,대전광역시 대덕구 신일동,경상사고,0,0,1,0,차대차 - 측면직각충돌,신호위반,건조,맑음,교차로 - 교차로안,건설기계,남,58세,상해없음,승용,남,51세,경상
2013061000100118,2013년 6월 10일 07시,월요일,대전광역시 유성구 탑립동,경상사고,0,0,1,0,차대차 - 기타,안전운전불이행,건조,맑음,단일로 - 기타,특수,남,31세,상해없음,승용,여,52세,경상
2013061000100119,2013년 6월 10일 07시,월요일,대전광역시 유성구 노은동,경상사고,0,0,2,0,차대차 - 측면직각충돌,안전운전불이행,건조,맑음,교차로 - 교차로부근,승용,남,40세,경상,승합,남,35세,상해없음
2013061000100174,2013년 6월 10일 08시,월요일,대전광역시 서구 도마동,경상사고,0,0,3,0,차대차 - 측면직각충돌,신호위반,건조,맑음,교차로 - 교차로안,승용,여,49세,경상,승용,남,67세,경상
2013061000100175,2013년 6월 10일 08시,월요일,대전광역시 서구 둔산동,경상사고,0,0,2,0,차대차 - 측면직각충돌,안전운전불이행,건조,맑음,단일로 - 기타,화물,남,53세,상해없음,승용,남,27세,경상
2013061000100212,2013년 6월 10일 09시,월요일,대전광역시 유성구 전민동,중상사고,0,1,0,0,차대차 - 측면직각충돌,안전운전불이행,건조,맑음,단일로 - 기타,승용,여,43세,상해없음,승용,여,38세,중상
2013061000100237,2013년 6월 10일 10시,월요일,대전광역시 중구 산성동,중상사고,0,1,0,0,차대차 - 측면직각충돌,신호위반,건조,맑음,교차로 - 교차로안,승용,남,61세,상해없음,원동기,남,43세,중상