사고번호,사고일시,요일,시군구,사고내용,사망자수,중상자수,경상자수,부상신고자수,사고유형,법규위반,노면상태,기상상태,도로형태,가해운전자 차종,가해운전자 성별,가해운전자 연령,가해운전자 상해정도,피해운전자 차종,피해운전자 성별,피해운전자 연령,피해운전자 상해정도
2013061000100238,2013년 6월 10일 10시,월요일,대전광역시 서구 만년동,중상사고,0,1,0,0,차대차 - 측면직각충돌,안전운전불이행,건조,맑음,교차로 - 교차로부근,승용,기타불명,기타불명,기타불명,자전거,여,53세,중상
2013061000100239,2013년 6월 10일 10시,월요일,대전광역시 서구 둔산동,경상사고,0,0,1,0,차대차 - 추돌 - 주정차중,안전운전불이행,건조,맑음,단일로 - 기타,승용,남,57세,상해없음,승용,여,25세,경상
2013061000100292,2013년 6월 10일 12시,월요일,대전광역시 동구 가오동,중상사고,0,2,0,0,차대차 - 기타,안전거리미확보,건조,맑음,단일로 - 기타,승용,여,36세,상해없음,원동기,남,69세,중상
2013061000100319,2013년 6월 10일 13시,월요일,대전광역시 동구 낭월동,중상사고,0,1,0,0,차대차 - 측면직각충돌,신호위반,건조,맑음,교차로 - 교차로안,화물,남,42세,상해없음,승합,남,57세,중상
2013061000100320,2013년 6월 10일 13시,월요일,대전광역시 유성구 봉명동,경상사고,0,0,2,0,차대차 - 기타,안전운전불이행,건조,맑음,교차로 - 교차로부근,승용,남,56세,상해없음,승용,여,35세,경상
2013061000100390,2013년 6월 10일 15시,월요일,대전광역시 동구 가양동,중상사고,0,1,0,0,차대차 - 기타,신호위반,건조,맑음,단일로 - 횡단보도상,승용,남,62세,상해없음,자전거,여,46세,중상
2013061000100391,2013년 6월 10일 15시,월요일,대전광역시 대덕구 상서동,중상사고,0,1,0,0,차대차 - 정면충돌,중앙선침범,건조,맑음,단일로 - 기타,승용,남,52세,상해없음,승용,남,50세,중상
2013061000100392,2013년 6월 10일 15시,월요일,대전광역시 유성구 봉명동,경상사고,0,0,1,0,차대차 - 측면직각충돌,안전운전불이행,건조,맑음,단일로 - 기타,승용,기타불명,기타불명,기타불명,자전거,여,21세,경상
2013061000100457,2013년 6월 10일 17시,월요일,대전광역시 서구 정림동,경상사고,0,0,1,0,차대차 - 측면직각충돌,안전운전불이행,건조,맑음,교차로 - 교차로안,승합,남,54세,상해없음,화물,남,58세,경상
2013061000100458,2013년 6월 10일 17시,월요일,대전광역시 서구 갈마동,경상사고,0,0,1,0,차대차 - 기타,안전운전불이행,건조,맑음,교차로 - 교차로부근,기타불명,기타불명,기타불명,기타불명,승합,남,50세,상해없음
2013061000100585,2013년 6월 10일 21시,월요일,대전광역시 동구 용전동,경상사고,0,0,1,0,차대차 - 추돌 - 진행중,안전거리미확보,건조,맑음,단일로 - 기타,승용,남,29세,상해없음,원동기,남,25세,경상
2013061000100615,2013년 6월 10일 22시,월요일,대전광역시 중구 선화동,경상사고,0,0,1,0,차대차 - 추돌 - 주정차중,안전운전불이행,건조,맑음,단일로 - 기타,승용,남,22세,상해없음,승용,남,54세,경상
2013061000100644,2013년 6월 10일 23시,월요일,대전광역시 대덕구 오정동,부상신고사고,0,0,0,1,차대차 - 측면직각충돌,신호위반,건조,맑음,단일로 - 횡단보도상,승용,남,22세,상해없음,자전거,남,18세,부상신고
2013061000100645,2013년 6월 10일 23시,월요일,대전광역시 유성구 전민동,중상사고,0,1,0,0,차대차 - 기타,신호위반,건조,맑음,교차로 - 교차로안,승용,남,28세,상해없음,자전거,남,22세,중상
2013061100100037,2013년 6월 11일 02시,화요일,대전광역시 서구 내동,경상사고,0,0,2,0,차대차 - 측면직각충돌,교차로운행방법위반,건조,맑음,교차로 - 교차로안,승용,남,26세,상해없음,승용,남,33세,경상
2013061100100043,2013년 6월 11일 03시,화요일,대전광역시 유성구 원내동,경상사고,0,0,2,0,차대차 - 정면충돌,안전운전불이행,건조,맑음,단일로 - 기타,화물,남,51세,상해없음,승용,남,43세,경상
2013061100100098,2013년 6월 11일 07시,화요일,대전광역시 중구 오류동,경상사고,0,0,1,0,차대차 - 측면직각충돌,신호위반,건조,흐림,교차로 - 교차로안,승용,남,37세,상해없음,승용,남,30세,경상
2013061100100126,2013년 6월 11일 08시,화요일,대전광역시 동구 자양동,경상사고,0,0,2,0,차대차 - 측면직각충돌,안전거리미확보,건조,맑음,단일로 - 횡단보도상,승용,남,58세,경상,승용,남,18세,경상
2013061100100127,2013년 6월 11일 08시,화요일,대전광역시 서구 둔산동,경상사고,0,0,1,0,차대사람 - 횡단중,보행자보호의무위반,건조,맑음,교차로 - 교차로부근,승용,기타불명,기타불명,기타불명,보행자,여,13세,경상
2013061100100151,2013년 6월 11일 09시,화요일,대전광역시 대덕구 오정동,경상사고,0,0,1,0,차대차 - 추돌 - 주정차중,안전운전불이행,건조,맑음,단일로 - 기타,승용,남,69세,상해없음,승용,남,56세,상해없음
2013061100100203,2013년 6월 11일 11시,화요일,대전광역시 서구 갈마동,경상사고,0,0,1,0,차대차 - 측면직각충돌,안전운전불이행,건조,맑음,교차로 - 교차로부근,화물,남,31세,상해없음,승합,남,42세,경상
2013061100100257,2013년 6월 11일 13시,화요일,대전광역시 중구 중촌동,중상사고,0,1,0,0,차대차 - 기타,중앙선침범,건조,맑음,단일로 - 기타,자전거,남,74세,중상,원동기,남,21세,상해없음
2013061100100258,2013년 6월 11일 13시,화요일,대전광역시 중구 대흥동,경상사고,0,0,1,0,차대사람 - 기타,안전운전불이행,건조,맑음,단일로 - 기타,승용,남,22세,상해없음,보행자,여,39세,경상
2013061100100259,2013년 6월 11일 13시,화요일,대전광역시 유성구 전민동,중상사고,0,1,0,0,차대사람 - 기타,안전운전불이행,건조,맑음,단일로 - 기타,승용,여,43세,상해없음,보행자,여,73세,중상
2013061100100312,2013년 6월 11일 15시,화요일,대전광역시 서구 도안동,경상사고,0,0,1,0,차대차 - 추돌 - 주정차중,안전운전불이행,건조,맑음,단일로 - 기타,승용,남,58세,상해없음,승용,여,41세,경상
2013061100100356,2013년 6월 11일 16시,화요일,대전광역시 동구 낭월동,경상사고,0,0,2,0,차대사람 - 횡단중,신호위반,건조,맑음,교차로 - 교차로부근,승용,여,28세,상해없음,보행자,여,39세,경상
2013061100100400,2013년 6월 11일 17시,화요일,대전광역시 대덕구 신탄진동,중상사고,0,1,0,0,차대차 - 측면직각충돌,교차로운행방법위반,습기,흐림,교차로 - 교차로안,승용,남,54세,상해없음,이륜,남,53세,중상
2013061100100479,2013년 6월 11일 19시,화요일,대전광역시 대덕구 오정동,중상사고,0,1,0,0,차대차 - 측면직각충돌,안전운전불이행,건조,맑음,미분류 - 미분류,승용,기타불명,기타불명,기타불명,자전거,남,49세,중상
2013061100100480,2013년 6월 11일 19시,화요일,대전광역시 대덕구 신대동,중상사고,0,1,0,0,차대차 - 정면충돌,안전운전불이행,건조,맑음,교차로 - 교차로부근,승용,남,52세,상해없음,승용,남,58세,중상
2013061100100481,2013년 6월 11일 19시,화요일,대전광역시 서구 둔산동,중상사고,0,1,0,0,차량단독 - 공작물충돌,안전운전불이행,습기,비,단일로 - 기타,이륜,남,29세,중상,,,,
2013061100100543,2013년 6월 11일 20시,화요일,대전광역시 서구 갈마동,경상사고,0,0,2,0,차대차 - 측면직각충돌,교차로운행방법위반,습기,비,교차로 - 교차로부근,승용,남,54세,상해없음,승용,여,34세,경상
2013061100100582,2013년 6월 11일 21시,화요일,대전광역시 서구 월평동,중상사고,0,1,0,0,차대차 - 측면직각충돌,기타,습기,비,단일로 - 기타,승용,여,54세,상해없음,이륜,남,28세,중상
2013061100100669,2013년 6월 11일 23시,화요일,대전광역시 동구 판암동,경상사고,0,0,1,0,차대차 - 기타,안전운전불이행,습기,비,교차로 - 교차로부근,승용,여,46세,상해없음,자전거,남,19세,경상
2013061100100670,2013년 6월 11일 23시,화요일,대전광역시 서구 도마동,중상사고,0,1,1,0,차대차 - 측면직각충돌,중앙선침범,습기,비,단일로 - 교량,승용,남,36세,상해없음,승용,남,51세,중상
2013061100100671,2013년 6월 11일 23시,화요일,대전광역시 서구 도마동,경상사고,0,0,2,0,차대차 - 추돌 - 진행중,안전운전불이행,습기,비,교차로 - 교차로부근,승용,남,31세,상해없음,승용,남,31세,경상
2013061200100065,2013년 6월 12일 04시,수요일,대전광역시 서구 갈마동,경상사고,0,0,1,0,차대차 - 측면직각충돌,교차로운행방법위반,건조,맑음,교차로 - 교차로안,화물,남,42세,상해없음,승용,남,35세,경상
2013061200100190,2013년 6월 12일 10시,수요일,대전광역시 중구 부사동,중상사고,0,1,1,0,차대사람 - 보도통행중,보행자보호의무위반,건조,흐림,교차로 - 교차로부근,화물,남,63세,상해없음,보행자,남,61세,중상
2013061200100191,2013년 6월 12일 10시,수요일,대전광역시 중구 산성동,경상사고,0,0,2,0,차대차 - 추돌 - 진행중,안전운전불이행,건조,맑음,교차로 - 교차로부근,화물,남,56세,상해없음,승용,여,53세,경상
2013061200100222,2013년 6월 12일 11시,수요일,대전광역시 중구 문화동,중상사고,0,1,0,0,차대차 - 측면직각충돌,안전운전불이행,건조,맑음,교차로 - 교차로부근,자전거,남,58세,중상,승용,여,59세,상해없음
2013061200100244,2013년 6월 12일 12시,수요일,대전광역시 동구 용운동,경상사고,0,0,1,0,차대사람 - 기타,신호위반,건조,맑음,교차로 - 교차로안,승용,남,59세,상해없음,보행자,남,38세,경상
2013061200100374,2013년 6월 12일 16시,수요일,대전광역시 동구 대동,경상사고,0,0,1,0,차대사람 - 횡단중,안전운전불이행,습기,비,단일로 - 횡단보도상,승용,남,48세,상해없음,보행자,남,14세,경상
2013061200100405,2013년 6월 12일 17시,수요일,대전광역시 대덕구 대화동,경상사고,0,0,1,0,차대차 - 측면직각충돌,안전운전불이행,건조,맑음,단일로 - 기타,화물,남,57세,상해없음,화물,남,49세,경상
2013061200100439,2013년 6월 12일 18시,수요일,대전광역시 서구 괴정동,중상사고,0,1,0,0,차대차 - 측면직각충돌,신호위반,건조,맑음,교차로 - 교차로안,승용,기타불명,기타불명,기타불명,자전거,남,45세,중상
2013061200100440,2013년 6월 12일 18시,수요일,대전광역시 서구 관저동,경상사고,0,0,5,0,차대차 - 측면직각충돌,안전운전불이행,건조,기타,교차로 - 교차로부근,화물,남,70세,경상,승용,남,31세,경상
2013061200100441,2013년 6월 12일 18시,수요일,대전광역시 대덕구 송촌동,경상사고,0,0,1,0,차대차 - 기타,안전운전불이행,습기,비,교차로 - 교차로안,승용,기타불명,기타불명,기타불명,자전거,여,24세,경상
2013061200100545,2013년 6월 12일 21시,수요일,대전광역시 대덕구 중리동,경상사고,0,0,1,0,차대차 - 측면직각충돌,안전거리미확보,건조,맑음,단일로 - 기타,기타불명,기타불명,기타불명,기타불명,승용,남,57세,경상
2013061200100546,2013년 6월 12일 21시,수요일,대전광역시 대덕구 읍내동,중상사고,0,1,0,0,차대사람 - 횡단중,안전운전불이행,건조,맑음,단일로 - 기타,승용,남,47세,상해없음,보행자,남,76세,중상
2013061200100590,2013년 6월 12일 22시,수요일,대전광역시 중구 산성동,경상사고,0,0,1,0,차대차 - 기타,안전운전불이행,건조,맑음,단일로 - 횡단보도상,승합,남,62세,상해없음,원동기,남,46세,경상
2013061200100591,2013년 6월 12일 22시,수요일,대전광역시 서구 둔산동,경상사고,0,0,1,0,차대사람 - 기타,안전운전불이행,건조,맑음,단일로 - 기타,승용,남,34세,상해없음,보행자,남,25세,경상
2013061200100628,2013년 6월 12일 23시,수요일,대전광역시 대덕구 문평동,중상사고,0,1,1,0,차대차 - 측면직각충돌,신호위반,건조,맑음,교차로 - 교차로안,승용,남,31세,상해없음,승용,남,28세,중상
2013061300100015,2013년 6월 13일 00시,목요일,대전광역시 동구 용전동,경상사고,0,0,1,0,차대차 - 측면직각충돌,안전거리미확보,건조,맑음,교차로 - 교차로부근,승용,남,32세,상해없음,승용,남,33세,경상
2013061300100016,2013년 6월 13일 00시,목요일,대전광역시 동구 용전동,경상사고,0,0,1,0,차대차 - 추돌 - 진행중,안전운전불이행,건조,흐림,단일로 - 기타,화물,남,46세,상해없음,승용,남,24세,경상
2013061300100029,2013년 6월 13일 01시,목요일,대전광역시 서구 탄방동,중상사고,0,1,1,0,차대차 - 추돌 - 주정차중,안전거리미확보,건조,맑음,교차로 - 교차로부근,승용,기타불명,기타불명,기타불명,승용,남,48세,중상
2013061300100040,2013년 6월 13일 02시,목요일,대전광역시 동구 홍도동,경상사고,0,0,1,0,차대차 - 측면직각충돌,신호위반,건조,맑음,교차로 - 교차로안,승용,남,40세,상해없음,승용,남,26세,경상
2013061300100047,2013년 6월 13일 03시,목요일,대전광역시 서구 관저동,사망사고,1,0,0,0,차대사람 - 기타,안전운전불이행,건조,맑음,단일로 - 기타,화물,여,46세,상해없음,보행자,남,40세,사망
2013061300100077,2013년 6월 13일 06시,목요일,대전광역시 유성구 대정동,부상신고사고,0,0,0,1,차대차 - 정면충돌,중앙선침범,건조,맑음,교차로 - 교차로부근,승용,남,47세,상해없음,승용,남,43세,부상신고
2013061300100103,2013년 6월 13일 07시,목요일,대전광역시 중구 중촌동,경상사고,0,0,1,0,차대차 - 측면직각충돌,안전운전불이행,건조,맑음,단일로 - 기타,화물,남,53세,상해없음,승합,남,37세,경상
2013061300100128,2013년 6월 13일 08시,목요일,대전광역시 동구 성남동,경상사고,0,0,3,0,차대차 - 추돌 - 진행중,안전운전불이행,건조,맑음,단일로 - 기타,승용,남,49세,상해없음,승용,남,28세,경상
2013061300100176,2013년 6월 13일 10시,목요일,대전광역시 서구 복수동,중상사고,0,1,1,0,차대차 - 측면직각충돌,안전운전불이행,건조,맑음,교차로 - 교차로부근,승용,남,18세,상해없음,승용,남,30세,중상
2013061300100177,2013년 6월 13일 10시,목요일,대전광역시 대덕구 오정동,중상사고,0,1,0,0,차대사람 - 기타,안전운전불이행,건조,맑음,교차로 - 교차로부근,화물,남,42세,상해없음,보행자,남,43세,중상
2013061300100219,2013년 6월 13일 12시,목요일,대전광역시 동구 홍도동,부상신고사고,0,0,0,1,차대차 - 추돌 - 진행중,안전운전불이행,건조,맑음,교차로 - 교차로부근,원동기,남,21세,부상신고,승용,남,35세,상해없음
2013061300100249,2013년 6월 13일 13시,목요일,대전광역시 서구 도마동,경상사고,0,0,1,0,차량단독 - 기타,안전운전불이행,건조,맑음,단일로 - 기타,승합,남,53세,상해없음,,,,
2013061300100250,2013년 6월 13일 13시,목요일,대전광역시 서구 탄방동,경상사고,0,0,1,0,차대사람 - 횡단중,보행자보호의무위반,건조,맑음,교차로 - 교차로부근,승용,여,53세,상해없음,보행자,남,12세,경상
2013061300100320,2013년 6월 13일 15시,목요일,대전광역시 서구 도마동,경상사고,0,0,1,0,차대사람 - 횡단중,안전운전불이행,건조,맑음,단일로 - 기타,승용,남,22세,상해없음,보행자,남,21세,경상
2013061300100356,2013년 6월 13일 16시,목요일,대전광역시 대덕구 송촌동,중상사고,0,1,0,0,차대사람 - 기타,안전운전불이행,건조,맑음,교차로 - 교차로안,승합,여,43세,상해없음,보행자,여,72세,중상
2013061300100390,2013년 6월 13일 17시,목요일,대전광역시 동구 판암동,경상사고,0,0,1,0,차량단독 - 기타,안전운전불이행,건조,맑음,단일로 - 기타,승합,남,50세,상해없음,,,,
2013061300100477,2013년 6월 13일 20시,목요일,대전광역시 동구 가오동,경상사고,0,0,1,0,차대차 - 측면직각충돌,안전운전불이행,건조,맑음,단일로 - 기타,승용,남,52세,상해없음,승용,여,54세,경상
2013061300100516,2013년 6월 13일 21시,목요일,대전광역시 중구 부사동,경상사고,0,0,1,0,차대차 - 기타,안전운전불이행,건조,맑음,교차로 - 교차로안,승용,남,32세,상해없음,승용,여,36세,경상
2013061300100554,2013년 6월 13일 22시,목요일,대전광역시 동구 가양동,경상사고,0,0,1,0,차대차 - 측면직각충돌,안전운전불이행,건조,맑음,교차로 - 교차로부근,승합,남,56세,상해없음,승용,여,28세,경상
2013061400100117,2013년 6월 14일 07시,금요일,대전광역시 중구 대사동,경상사고,0,0,1,0,차량단독 - 기타,기타,건조,맑음,단일로 - 기타,승합,남,53세,상해없음,,,,
2013061400100159,2013년 6월 14일 08시,금요일,대전광역시 동구 용전동,중상사고,0,1,0,0,차대차 - 측면직각충돌,신호위반,건조,맑음,단일로 - 횡단보도상,승용,남,59세,상해없음,자전거,남,14세,중상
2013061400100160,2013년 6월 14일 08시,금요일,대전광역시 대덕구 미호동,사망사고,1,0,0,0,차량단독 - 전도전복,안전운전불이행,건조,맑음,단일로 - 기타,자전거,여,47세,사망,,,,
2013061400100329,2013년 6월 14일 15시,금요일,대전광역시 중구 목동,경상사고,0,0,1,0,차대차 - 측면직각충돌,안전운전불이행,건조,맑음,교차로 - 교차로안,승용,여,33세,상해없음,화물,남,39세,경상
2013061400100407,2013년 6월 14일 17시,금요일,대전광역시 유성구 지족동,경상사고,0,0,1,0,차대차 - 추돌 - 진행중,안전운전불이행,습기,비,교차로 - 교차로부근,승용,여,39세,상해없음,승용,남,33세,경상
2013061400100448,2013년 6월 14일 18시,금요일,대전광역시 서구 탄방동,경상사고,0,0,2,0,차대차 - 기타,안전운전불이행,습기,비,단일로 - 기타,승용,남,56세,상해없음,승용,남,29세,경상
2013061400100480,2013년 6월 14일 19시,금요일,대전광역시 대덕구 중리동,경상사고,0,0,1,0,차대사람 - 횡단중,안전운전불이행,건조,맑음,교차로 - 교차로안,승용,남,41세,상해없음,보행자,여,52세,경상
2013061400100481,2013년 6월 14일 19시,금요일,대전광역시 대덕구 신일동,경상사고,0,0,1,0,차대차 - 측면직각충돌,신호위반,건조,맑음,교차로 - 교차로부근,화물,남,46세,상해없음,승용,여,40세,경상
2013061400100507,2013년 6월 14일 20시,금요일,대전광역시 서구 갈마동,중상사고,0,1,0,0,차대차 - 추돌 - 진행중,안전거리미확보,건조,흐림,교차로 - 교차로안,승용,남,30세,상해없음,승용,여,55세,중상
2013061400100538,2013년 6월 14일 21시,금요일,대전광역시 서구 내동,중상사고,0,1,0,0,차대사람 - 횡단중,안전운전불이행,건조,맑음,교차로 - 교차로부근,이륜,남,58세,상해없음,보행자,여,79세,중상
2013061400100584,2013년 6월 14일 22시,금요일,대전광역시 중구 태평동,중상사고,0,1,0,0,차대차 - 정면충돌,신호위반,건조,맑음,교차로 - 교차로안,승용,남,22세,상해없음,승용,남,26세,중상
2013061400100585,2013년 6월 14일 22시,금요일,대전광역시 서구 둔산동,경상사고,0,0,2,0,차대차 - 기타,중앙선침범,건조,흐림,단일로 - 기타,승용,남,30세,상해없음,승용,남,30세,경상
2013061400100586,2013년 6월 14일 22시,금요일,대전광역시 유성구 장대동,경상사고,0,0,1,0,차대차 - 기타,안전운전불이행,건조,흐림,교차로 - 교차로부근,원동기,남,43세,상해없음,승용,여,41세,경상
2013061400100622,2013년 6월 14일 23시,금요일,대전광역시 대덕구 오정동,경상사고,0,0,3,0,차대차 - 추돌 - 진행중,안전거리미확보,건조,맑음,교차로 - 교차로안,승용,여,33세,상해없음,승용,여,33세,경상
2013061400100623,2013년 6월 14일 23시,금요일,대전광역시 서구 둔산동,경상사고,0,0,1,0,차대사람 - 기타,안전운전불이행,건조,흐림,단일로 - 기타,승용,남,28세,상해없음,보행자,남,36세,경상
2013061500100026,2013년 6월 15일 00시,토요일,대전광역시 중구 선화동,경상사고,0,0,1,0,차대차 - 측면직각충돌,신호위반,건조,맑음,단일로 - 기타,승용,남,66세,상해없음,원동기,남,43세,경상
2013061500100056,2013년 6월 15일 01시,토요일,대전광역시 중구 오류동,경상사고,0,0,2,0,차대차 - 추돌 - 주정차중,안전운전불이행,건조,맑음,교차로 - 교차로부근,승용,남,27세,상해없음,승용,남,36세,경상
2013061500100057,2013년 6월 15일 01시,토요일,대전광역시 동구 가오동,경상사고,0,0,1,0,차대차 - 추돌 - 주정차중,안전운전불이행,건조,흐림,교차로 - 교차로부근,화물,남,56세,상해없음,승용,남,35세,상해없음
2013061500100142,2013년 6월 15일 06시,토요일,대전광역시 중구 문화동,경상사고,0,0,1,0,차대차 - 정면충돌,신호위반,습기,비,교차로 - 교차로안,승용,여,53세,상해없음,승용,남,59세,경상
2013061500100159,2013년 6월 15일 07시,토요일,대전광역시 중구 문창동,중상사고,0,1,0,0,차대사람 - 길가장자리구역통행중,안전운전불이행,건조,맑음,교차로 - 교차로안,승합,여,73세,상해없음,보행자,남,65세,중상
2013061500100183,2013년 6월 15일 08시,토요일,대전광역시 서구 관저동,사망사고,1,0,1,0,차대차 - 추돌 - 주정차중,안전운전불이행,건조,맑음,교차로 - 교차로부근,승용,여,51세,사망,승용,남,48세,경상
2013061500100311,2013년 6월 15일 12시,토요일,대전광역시 유성구 노은동,경상사고,0,0,1,0,차대차 - 기타,안전운전불이행,건조,맑음,단일로 - 기타,승용,남,50세,상해없음,승용,남,48세,경상
2013061500100353,2013년 6월 15일 13시,토요일,대전광역시 중구 옥계동,중상사고,0,1,0,0,차대사람 - 횡단중,안전운전불이행,건조,맑음,교차로 - 교차로부근,이륜,남,60세,상해없음,보행자,여,79세,중상
2013061500100354,2013년 6월 15일 13시,토요일,대전광역시 동구 세천동,경상사고,0,0,2,0,차량단독 - 공작물충돌,안전운전불이행,건조,맑음,단일로 - 기타,원동기,남,58세,경상,,,,
2013061500100355,2013년 6월 15일 13시,토요일,대전광역시 서구 월평동,중상사고,0,1,1,0,차대차 - 기타,안전거리미확보,건조,맑음,단일로 - 기타,승용,남,29세,상해없음,승용,남,50세,경상
2013061500100460,2013년 6월 15일 16시,토요일,대전광역시 서구 용문동,중상사고,0,1,0,0,차대차 - 기타,안전운전불이행,건조,맑음,교차로 - 교차로안,승용,남,56세,상해없음,이륜,남,31세,중상
2013061500100546,2013년 6월 15일 18시,토요일,대전광역시 서구 용문동,경상사고,0,0,3,0,차대차 - 추돌 - 진행중,안전거리미확보,건조,맑음,교차로 - 교차로안,승용,남,73세,상해없음,승용,여,35세,경상
2013061500100569,2013년 6월 15일 19시,토요일,대전광역시 서구 월평동,중상사고,0,1,0,0,차대사람 - 보도통행중,보행자보호의무위반,습기,흐림,교차로 - 교차로부근,자전거,남,18세,상해없음,보행자,여,53세,중상
2013061500100640,2013년 6월 15일 21시,토요일,대전광역시 유성구 궁동,경상사고,0,0,1,0,차대사람 - 길가장자리구역통행중,안전운전불이행,건조,맑음,단일로 - 기타,승용,남,26세,상해없음,보행자,여,20세,경상
2013061500100703,2013년 6월 15일 23시,토요일,대전광역시 서구 둔산동,경상사고,0,0,2,0,차대차 - 기타,안전운전불이행,건조,맑음,단일로 - 기타,승용,여,43세,상해없음,승용,남,24세,경상
2013061600100020,2013년 6월 16일 00시,일요일,대전광역시 유성구 어은동,경상사고,0,0,1,0,차량단독 - 기타,안전운전불이행,건조,맑음,단일로 - 기타,승용,남,58세,상해없음,,,,
2013061600100041,2013년 6월 16일 01시,일요일,대전광역시 대덕구 오정동,경상사고,0,0,1,0,차대차 - 측면직각충돌,안전운전불이행,건조,맑음,교차로 - 교차로안,이륜,남,57세,상해없음,승용,여,32세,경상
2013061600100095,2013년 6월 16일 04시,일요일,대전광역시 중구 중촌동,중상사고,0,2,0,0,차대차 - 측면직각충돌,신호위반,건조,맑음,교차로 - 교차로안,승용,남,44세,상해없음,승용,남,58세,중상
2013061600100276,2013년 6월 16일 13시,일요일,대전광역시 서구 용문동,경상사고,0,0,1,0,차대차 - 측면직각충돌,교차로운행방법위반,건조,맑음,교차로 - 교차로안,화물,남,65세,상해없음,승용,여,38세,경상
2013061600100390,2013년 6월 16일 17시,일요일,대전광역시 중구 사정동,경상사고,0,0,4,0,차대차 - 기타,차로위반,건조,맑음,단일로 - 기타,화물,여,46세,상해없음,승용,남,60세,경상
2013061600100455,2013년 6월 16일 19시,일요일,대전광역시 서구 둔산동,경상사고,0,0,1,0,차대차 - 기타,안전운전불이행,건조,맑음,단일로 - 기타,승용,남,48세,상해없음,자전거,남,29세,경상
2013061600100553,2013년 6월 16일 22시,일요일,대전광역시 서구 둔산동,경상사고,0,0,1,0,차대차 - 기타,안전운전불이행,건조,맑음,교차로 - 교차로부근,승용,남,61세,상해없음,승용,남,61세,경상
2013061600100564,2013년 6월 16일 23시,일요일,대전광역시 중구 유천동,중상사고,0,1,0,0,차대사람 - 횡단중,안전운전불이행,건조,흐림,단일로 - 기타,화물,남,24세,상해없음,보행자,여,54세,중상
2013061600100565,2013년 6월 16일 23시,일요일,대전광역시 서구 둔산동,경상사고,0,0,3,0,차대차 - 추돌 - 주정차중,안전운전불이행,건조,맑음,단일로 - 기타,승용,남,26세,상해없음,승용,여,28세,경상
2013061600100566,2013년 6월 16일 23시,일요일,대전광역시 서구 탄방동,경상사고,0,0,3,0,차대차 - 추돌 - 주정차중,안전거리미확보,건조,흐림,단일로 - 기타,승용,남,70세,상해없음,승용,남,28세,경상
2013061700100014,2013년 6월 17일 00시,월요일,대전광역시 서구 월평동,중상사고,0,2,3,0,차대차 - 추돌 - 주정차중,안전운전불이행,건조,맑음,단일로 - 기타,승용,남,32세,상해없음,승용,남,45세,중상
2013061700100044,2013년 6월 17일 05시,월요일,대전광역시 동구 성남동,경상사고,0,0,1,0,차대차 - 측면직각충돌,신호위반,건조,맑음,교차로 - 교차로부근,승용,남,58세,상해없음,자전거,여,53세,경상
2013061700100051,2013년 6월 17일 06시,월요일,대전광역시 동구 인동,경상사고,0,0,1,0,차대차 - 측면직각충돌,안전운전불이행,건조,맑음,교차로 - 교차로안,승용,남,72세,상해없음,승용,남,59세,상해없음
2013061700100079,2013년 6월 17일 07시,월요일,대전광역시 유성구 탑립동,중상사고,0,2,0,0,차대차 - 측면직각충돌,신호위반,건조,맑음,교차로 - 교차로안,화물,남,58세,상해없음,승용,남,28세,중상
2013061700100109,2013년 6월 17일 08시,월요일,대전광역시 대덕구 덕암동,경상사고,0,0,2,0,차대차 - 추돌 - 진행중,안전운전불이행,건조,맑음,단일로 - 기타,승용,여,24세,상해없음,승용,여,34세,경상
2013061700100130,2013년 6월 17일 08시,월요일,대전광역시 동구 홍도동,경상사고,0,0,1,0,차대차 - 측면직각충돌,신호위반,건조,맑음,단일로 - 기타,승용,남,73세,상해없음,원동기,남,44세,경상
2013061700100131,2013년 6월 17일 08시,월요일,대전광역시 서구 관저동,중상사고,0,1,1,0,차대차 - 추돌 - 진행중,안전거리미확보,건조,맑음,교차로 - 교차로부근,승용,남,66세,상해없음,승용,남,35세,중상
2013061700100156,2013년 6월 17일 09시,월요일,대전광역시 동구 성남동,경상사고,0,0,2,0,차대차 - 측면직각충돌,안전거리미확보,건조,맑음,단일로 - 기타,승용,남,50세,상해없음,승용,여,31세,경상
2013061700100183,2013년 6월 17일 10시,월요일,대전광역시 동구 낭월동,경상사고,0,0,1,0,차대차 - 기타,차로위반,건조,맑음,단일로 - 기타,화물,남,33세,상해없음,승합,남,53세,상해없음
2013061700100312,2013년 6월 17일 15시,월요일,대전광역시 중구 대흥동,사망사고,1,0,0,0,차대사람 - 횡단중,보행자보호의무위반,건조,맑음,교차로 - 교차로안,화물,남,53세,상해없음,보행자,남,77세,사망
2013061700100313,2013년 6월 17일 15시,월요일,대전광역시 서구 정림동,중상사고,0,1,0,0,차대차 - 추돌 - 진행중,안전운전불이행,건조,맑음,교차로 - 교차로부근,승용,남,59세,상해없음,승용,여,46세,중상
2013061700100434,2013년 6월 17일 18시,월요일,대전광역시 동구 대동,중상사고,0,1,0,0,차대차 - 추돌 - 주정차중,안전운전불이행,습기,흐림,단일로 - 기타,승용,여,31세,상해없음,원동기,여,47세,중상