사고번호,사고일시,요일,시군구,사고내용,사망자수,중상자수,경상자수,부상신고자수,사고유형,법규위반,노면상태,기상상태,도로형태,가해운전자 차종,가해운전자 성별,가해운전자 연령,가해운전자 상해정도,피해운전자 차종,피해운전자 성별,피해운전자 연령,피해운전자 상해정도
2013072100100281,2013년 7월 21일 15시,일요일,대전광역시 동구 성남동,중상사고,0,1,0,0,차대사람 - 횡단중,보행자보호의무위반,건조,맑음,교차로 - 교차로안,승용,여,59세,상해없음,보행자,남,77세,중상
2013072100100346,2013년 7월 21일 17시,일요일,대전광역시 동구 원동,경상사고,0,0,2,0,차대차 - 추돌 - 진행중,안전거리미확보,습기,비,교차로 - 교차로부근,승용,남,57세,상해없음,승용,남,41세,경상
2013072100100347,2013년 7월 21일 17시,일요일,대전광역시 서구 월평동,경상사고,0,0,1,0,차대사람 - 기타,안전운전불이행,건조,맑음,기타 - 기타,승용,남,49세,상해없음,보행자,남,22세,경상
2013072100100376,2013년 7월 21일 18시,일요일,대전광역시 동구 용운동,중상사고,0,1,1,0,차대차 - 기타,안전운전불이행,습기,비,교차로 - 교차로안,자전거,남,40세,중상,승용,남,39세,상해없음
2013072100100377,2013년 7월 21일 18시,일요일,대전광역시 서구 용문동,경상사고,0,0,1,0,차대차 - 추돌 - 진행중,안전거리미확보,건조,기타,단일로 - 기타,이륜,남,68세,기타불명,승용,남,37세,상해없음
2013072100100457,2013년 7월 21일 21시,일요일,대전광역시 중구 유천동,중상사고,0,1,0,0,차대사람 - 길가장자리구역통행중,안전운전불이행,건조,맑음,교차로 - 교차로안,화물,남,35세,상해없음,보행자,여,68세,중상
2013072100100496,2013년 7월 21일 23시,일요일,대전광역시 서구 월평동,경상사고,0,0,1,0,차대사람 - 횡단중,보행자보호의무위반,건조,흐림,교차로 - 교차로안,승용,남,48세,상해없음,보행자,남,31세,경상
2013072200100018,2013년 7월 22일 01시,월요일,대전광역시 중구 유천동,중상사고,0,1,0,0,차대사람 - 횡단중,안전운전불이행,건조,맑음,단일로 - 기타,승용,남,28세,상해없음,보행자,남,31세,중상
2013072200100054,2013년 7월 22일 05시,월요일,대전광역시 동구 신흥동,경상사고,0,0,2,0,차대차 - 측면직각충돌,신호위반,건조,맑음,교차로 - 교차로안,승용,남,32세,상해없음,승용,남,60세,경상
2013072200100154,2013년 7월 22일 09시,월요일,대전광역시 동구 판암동,중상사고,0,1,1,0,차대차 - 측면직각충돌,안전운전불이행,건조,맑음,교차로 - 교차로부근,승용,여,30세,상해없음,승용,남,37세,중상
2013072200100181,2013년 7월 22일 10시,월요일,대전광역시 중구 용두동,경상사고,0,0,1,0,차대차 - 측면직각충돌,안전운전불이행,건조,맑음,교차로 - 교차로안,승용,남,67세,상해없음,화물,남,63세,경상
2013072200100182,2013년 7월 22일 10시,월요일,대전광역시 서구 변동,중상사고,0,1,0,0,차대차 - 측면직각충돌,안전운전불이행,건조,맑음,교차로 - 교차로안,승용,여,45세,상해없음,승합,남,44세,중상
2013072200100220,2013년 7월 22일 11시,월요일,대전광역시 중구 유천동,경상사고,0,0,2,0,차대차 - 측면직각충돌,직진우회전진행방해,건조,맑음,교차로 - 교차로안,이륜,남,55세,상해없음,승용,여,36세,경상
2013072200100256,2013년 7월 22일 12시,월요일,대전광역시 서구 갈마동,경상사고,0,0,2,0,차대차 - 측면직각충돌,신호위반,건조,맑음,교차로 - 교차로안,승용,여,43세,상해없음,승용,남,50세,경상
2013072200100327,2013년 7월 22일 14시,월요일,대전광역시 동구 하소동,중상사고,0,1,0,0,차대차 - 측면직각충돌,직진우회전진행방해,건조,맑음,교차로 - 교차로안,화물,남,46세,상해없음,승용,남,49세,중상
2013072200100352,2013년 7월 22일 15시,월요일,대전광역시 대덕구 법동,경상사고,0,0,1,0,차대차 - 측면직각충돌,안전거리미확보,건조,맑음,단일로 - 기타,화물,남,56세,기타불명,승용,여,51세,경상
2013072200100353,2013년 7월 22일 15시,월요일,대전광역시 대덕구 덕암동,중상사고,0,1,0,0,차대차 - 측면직각충돌,안전운전불이행,건조,맑음,단일로 - 기타,화물,남,45세,기타불명,승용,여,42세,중상
2013072200100420,2013년 7월 22일 17시,월요일,대전광역시 중구 선화동,경상사고,0,0,2,0,차대차 - 추돌 - 진행중,안전운전불이행,건조,맑음,단일로 - 기타,승합,남,42세,상해없음,승용,남,29세,상해없음
2013072200100421,2013년 7월 22일 17시,월요일,대전광역시 동구 자양동,경상사고,0,0,1,0,차대차 - 측면직각충돌,직진우회전진행방해,건조,맑음,교차로 - 교차로안,승용,남,38세,상해없음,승용,남,42세,경상
2013072200100422,2013년 7월 22일 17시,월요일,대전광역시 서구 괴정동,중상사고,0,1,0,0,차대차 - 추돌 - 진행중,신호위반,건조,맑음,단일로 - 횡단보도상,승용,남,52세,상해없음,이륜,여,69세,중상
2013072200100423,2013년 7월 22일 17시,월요일,대전광역시 유성구 궁동,경상사고,0,0,2,0,차대차 - 추돌 - 진행중,안전운전불이행,건조,맑음,교차로 - 교차로부근,승용,여,42세,상해없음,승용,남,44세,경상
2013072200100455,2013년 7월 22일 18시,월요일,대전광역시 서구 도마동,경상사고,0,0,2,0,차대차 - 기타,안전운전불이행,건조,맑음,교차로 - 교차로안,승용,남,68세,상해없음,승용,여,53세,경상
2013072200100485,2013년 7월 22일 19시,월요일,대전광역시 중구 부사동,경상사고,0,0,1,0,차대차 - 측면직각충돌,안전거리미확보,건조,맑음,교차로 - 교차로부근,승용,여,68세,상해없음,승용,남,52세,상해없음
2013072200100553,2013년 7월 22일 21시,월요일,대전광역시 유성구 봉명동,경상사고,0,0,1,0,차대차 - 측면직각충돌,안전운전불이행,건조,맑음,단일로 - 기타,승용,남,48세,상해없음,승용,남,27세,경상
2013072300100052,2013년 7월 23일 03시,화요일,대전광역시 서구 탄방동,경상사고,0,0,1,0,차대차 - 측면직각충돌,안전운전불이행,건조,맑음,단일로 - 기타,승용,기타불명,기타불명,기타불명,승용,남,31세,경상
2013072300100053,2013년 7월 23일 03시,화요일,대전광역시 유성구 구암동,경상사고,0,0,2,0,차대차 - 기타,안전운전불이행,건조,맑음,단일로 - 기타,승용,남,20세,상해없음,승용,남,52세,경상
2013072300100062,2013년 7월 23일 04시,화요일,대전광역시 중구 중촌동,중상사고,0,2,0,0,차량단독 - 공작물충돌,안전운전불이행,습기,흐림,단일로 - 교량,이륜,남,17세,중상,,,,
2013072300100063,2013년 7월 23일 04시,화요일,대전광역시 유성구 궁동,중상사고,0,1,0,0,차대사람 - 기타,신호위반,습기,비,단일로 - 횡단보도상,승용,남,58세,상해없음,보행자,여,25세,중상
2013072300100178,2013년 7월 23일 09시,화요일,대전광역시 동구 가양동,경상사고,0,0,1,0,차대사람 - 횡단중,신호위반,건조,흐림,교차로 - 교차로부근,승용,남,56세,상해없음,보행자,여,31세,경상
2013072300100207,2013년 7월 23일 10시,화요일,대전광역시 동구 정동,중상사고,0,1,0,0,차대차 - 측면직각충돌,안전운전불이행,건조,맑음,교차로 - 교차로안,이륜,남,63세,중상,승용,남,75세,상해없음
2013072300100208,2013년 7월 23일 10시,화요일,대전광역시 서구 가수원동,부상신고사고,0,0,0,1,차대사람 - 횡단중,안전운전불이행,습기,비,단일로 - 기타,승용,여,25세,상해없음,보행자,여,73세,부상신고
2013072300100238,2013년 7월 23일 11시,화요일,대전광역시 동구 판암동,경상사고,0,0,1,0,차대차 - 추돌 - 진행중,안전운전불이행,습기,비,단일로 - 기타,화물,여,20세,상해없음,승용,남,28세,경상
2013072300100270,2013년 7월 23일 12시,화요일,대전광역시 서구 둔산동,경상사고,0,0,3,0,차대차 - 측면직각충돌,안전운전불이행,습기,비,단일로 - 기타,승용,여,54세,상해없음,승용,남,44세,경상
2013072300100400,2013년 7월 23일 17시,화요일,대전광역시 동구 정동,경상사고,0,0,1,0,차대차 - 측면직각충돌,안전운전불이행,건조,맑음,교차로 - 교차로안,승용,남,25세,경상,승용,남,53세,상해없음
2013072300100401,2013년 7월 23일 17시,화요일,대전광역시 서구 변동,부상신고사고,0,0,0,1,차대사람 - 차도통행중,안전운전불이행,건조,맑음,단일로 - 기타,기타불명,기타불명,기타불명,기타불명,보행자,여,6세,부상신고
2013072300100402,2013년 7월 23일 17시,화요일,대전광역시 유성구 봉명동,경상사고,0,0,1,0,차대차 - 측면직각충돌,교차로운행방법위반,건조,맑음,교차로 - 교차로안,승용,남,64세,상해없음,승용,여,29세,경상
2013072300100432,2013년 7월 23일 18시,화요일,대전광역시 중구 중촌동,중상사고,0,1,0,0,차대사람 - 횡단중,안전운전불이행,건조,맑음,교차로 - 교차로안,화물,남,34세,상해없음,보행자,여,77세,중상
2013072300100462,2013년 7월 23일 19시,화요일,대전광역시 중구 대흥동,경상사고,0,0,1,0,차대사람 - 기타,안전운전불이행,습기,흐림,단일로 - 기타,승용,여,39세,상해없음,보행자,남,54세,경상
2013072300100463,2013년 7월 23일 19시,화요일,대전광역시 중구 태평동,경상사고,0,0,1,0,차대사람 - 기타,안전운전불이행,습기,흐림,단일로 - 기타,승용,남,27세,상해없음,보행자,남,21세,경상
2013072300100464,2013년 7월 23일 19시,화요일,대전광역시 동구 비룡동,부상신고사고,0,0,0,1,차량단독 - 공작물충돌,안전운전불이행,건조,맑음,단일로 - 기타,화물,남,36세,부상신고,,,,
2013072300100498,2013년 7월 23일 20시,화요일,대전광역시 서구 갈마동,경상사고,0,0,1,0,차대차 - 측면직각충돌,신호위반,건조,맑음,교차로 - 교차로안,승용,여,27세,상해없음,이륜,남,24세,경상
2013072300100533,2013년 7월 23일 21시,화요일,대전광역시 동구 성남동,경상사고,0,0,1,0,차대차 - 측면직각충돌,안전운전불이행,건조,흐림,교차로 - 교차로안,승용,남,57세,상해없음,승용,남,50세,경상
2013072300100534,2013년 7월 23일 21시,화요일,대전광역시 동구 삼성동,경상사고,0,0,1,0,차대차 - 측면직각충돌,안전운전불이행,건조,맑음,단일로 - 기타,승용,남,61세,상해없음,자전거,여,25세,경상
2013072300100535,2013년 7월 23일 21시,화요일,대전광역시 유성구 원내동,경상사고,0,0,1,0,차대차 - 측면직각충돌,안전운전불이행,건조,맑음,교차로 - 교차로안,승용,여,45세,상해없음,승용,남,48세,경상
2013072300100602,2013년 7월 23일 23시,화요일,대전광역시 서구 둔산동,경상사고,0,0,1,0,차대사람 - 기타,안전운전불이행,건조,맑음,단일로 - 기타,승용,남,30세,상해없음,보행자,여,21세,경상
2013072300100603,2013년 7월 23일 23시,화요일,대전광역시 서구 둔산동,경상사고,0,0,1,0,차대차 - 측면직각충돌,신호위반,건조,맑음,교차로 - 교차로안,승용,여,30세,상해없음,승용,남,62세,경상
2013072400100023,2013년 7월 24일 00시,수요일,대전광역시 유성구 용산동,경상사고,0,0,4,0,차대차 - 기타,안전운전불이행,건조,맑음,교차로 - 교차로안,승용,여,22세,경상,승용,남,35세,상해없음
2013072400100024,2013년 7월 24일 00시,수요일,대전광역시 서구 만년동,경상사고,0,0,1,0,차대차 - 추돌 - 주정차중,안전운전불이행,건조,맑음,교차로 - 교차로부근,승용,여,45세,상해없음,승용,여,45세,경상
2013072400100025,2013년 7월 24일 00시,수요일,대전광역시 유성구 송강동,중상사고,0,2,0,0,차대차 - 추돌 - 주정차중,안전운전불이행,건조,맑음,교차로 - 교차로부근,승용,남,38세,상해없음,승용,남,43세,중상
2013072400100061,2013년 7월 24일 04시,수요일,대전광역시 서구 괴정동,경상사고,0,0,1,0,차대사람 - 기타,안전운전불이행,건조,흐림,단일로 - 기타,승용,남,44세,상해없음,보행자,남,40세,경상
2013072400100078,2013년 7월 24일 05시,수요일,대전광역시 서구 변동,경상사고,0,0,5,0,차대차 - 기타,안전운전불이행,건조,맑음,단일로 - 기타,승용,남,45세,경상,승용,남,62세,경상
2013072400100079,2013년 7월 24일 05시,수요일,대전광역시 유성구 구암동,경상사고,0,0,1,0,차대차 - 추돌 - 진행중,안전운전불이행,습기,비,교차로 - 교차로안,승용,남,63세,상해없음,승합,남,47세,경상
2013072400100112,2013년 7월 24일 07시,수요일,대전광역시 서구 월평동,경상사고,0,0,1,0,차대차 - 추돌 - 주정차중,안전운전불이행,건조,맑음,교차로 - 교차로부근,승용,남,32세,상해없음,승용,여,43세,상해없음
2013072400100139,2013년 7월 24일 08시,수요일,대전광역시 동구 인동,경상사고,0,0,1,0,차대차 - 추돌 - 진행중,안전운전불이행,건조,맑음,교차로 - 교차로안,승용,남,44세,상해없음,승용,여,34세,경상
2013072400100140,2013년 7월 24일 08시,수요일,대전광역시 동구 용운동,경상사고,0,0,6,1,차대차 - 정면충돌,중앙선침범,건조,맑음,단일로 - 기타,승용,남,26세,상해없음,승용,남,39세,경상
2013072400100231,2013년 7월 24일 11시,수요일,대전광역시 동구 용전동,경상사고,0,0,1,0,차대차 - 기타,안전운전불이행,건조,맑음,단일로 - 기타,승용,여,26세,상해없음,원동기,남,24세,경상
2013072400100245,2013년 7월 24일 12시,수요일,대전광역시 대덕구 상서동,경상사고,0,0,3,0,차대차 - 추돌 - 진행중,안전운전불이행,건조,맑음,단일로 - 기타,승용,남,49세,경상,승용,여,41세,경상
2013072400100279,2013년 7월 24일 13시,수요일,대전광역시 중구 유천동,경상사고,0,0,2,0,차대차 - 측면직각충돌,안전운전불이행,건조,맑음,단일로 - 기타,승용,남,64세,상해없음,승용,여,43세,경상
2013072400100340,2013년 7월 24일 15시,수요일,대전광역시 동구 용전동,경상사고,0,0,3,0,차대차 - 측면직각충돌,안전운전불이행,건조,맑음,단일로 - 기타,승용,여,29세,상해없음,승용,남,20세,경상
2013072400100358,2013년 7월 24일 16시,수요일,대전광역시 대덕구 오정동,경상사고,0,0,1,0,차대차 - 추돌 - 주정차중,안전운전불이행,건조,맑음,단일로 - 기타,승용,남,49세,상해없음,승용,남,30세,경상
2013072400100359,2013년 7월 24일 16시,수요일,대전광역시 서구 월평동,경상사고,0,0,1,0,차대차 - 기타,안전운전불이행,건조,맑음,교차로 - 교차로부근,승용,여,58세,상해없음,자전거,남,24세,경상
2013072400100484,2013년 7월 24일 20시,수요일,대전광역시 유성구 도룡동,경상사고,0,0,1,0,차대차 - 측면직각충돌,안전운전불이행,건조,맑음,교차로 - 교차로부근,승용,여,51세,상해없음,자전거,남,12세,경상
2013072400100523,2013년 7월 24일 21시,수요일,대전광역시 서구 갈마동,경상사고,0,0,3,0,차대차 - 측면직각충돌,안전운전불이행,건조,맑음,교차로 - 교차로부근,승용,남,50세,상해없음,승용,남,32세,상해없음
2013072400100557,2013년 7월 24일 22시,수요일,대전광역시 서구 가수원동,경상사고,0,0,2,0,차대차 - 측면직각충돌,안전거리미확보,건조,맑음,단일로 - 기타,승용,남,30세,상해없음,승합,남,61세,경상
2013072400100558,2013년 7월 24일 22시,수요일,대전광역시 유성구 덕명동,중상사고,0,3,2,0,차대차 - 추돌 - 주정차중,안전운전불이행,건조,맑음,교차로 - 교차로부근,승용,남,56세,상해없음,승용,여,46세,중상
2013072400100586,2013년 7월 24일 23시,수요일,대전광역시 서구 가수원동,경상사고,0,0,1,0,차대차 - 측면직각충돌,차로위반,건조,맑음,교차로 - 교차로안,승용,남,45세,상해없음,승용,남,19세,경상
2013072400100587,2013년 7월 24일 23시,수요일,대전광역시 대덕구 송촌동,경상사고,0,0,2,3,차대차 - 측면직각충돌,중앙선침범,건조,맑음,단일로 - 기타,승용,남,61세,상해없음,승용,남,20세,부상신고
2013072400100588,2013년 7월 24일 23시,수요일,대전광역시 유성구 구암동,중상사고,0,1,1,0,차대차 - 추돌 - 주정차중,안전운전불이행,건조,맑음,교차로 - 교차로부근,승용,남,52세,상해없음,승용,여,28세,중상
2013072500100029,2013년 7월 25일 01시,목요일,대전광역시 유성구 봉명동,경상사고,0,0,2,0,차대차 - 기타,안전운전불이행,건조,맑음,단일로 - 기타,승용,남,32세,상해없음,승용,남,41세,경상
2013072500100127,2013년 7월 25일 08시,목요일,대전광역시 서구 관저동,중상사고,0,1,1,1,차대차 - 정면충돌,안전운전불이행,건조,맑음,교차로 - 교차로안,승용,여,39세,상해없음,승용,남,28세,중상
2013072500100150,2013년 7월 25일 09시,목요일,대전광역시 동구 가양동,중상사고,0,1,1,0,차대차 - 추돌 - 주정차중,안전운전불이행,건조,맑음,교차로 - 교차로부근,화물,남,39세,상해없음,승용,남,58세,경상
2013072500100210,2013년 7월 25일 11시,목요일,대전광역시 유성구 궁동,경상사고,0,0,2,0,차대차 - 추돌 - 주정차중,안전운전불이행,건조,맑음,교차로 - 교차로부근,승합,남,54세,상해없음,승용,여,26세,경상
2013072500100211,2013년 7월 25일 11시,목요일,대전광역시 서구 갈마동,경상사고,0,0,1,0,차대사람 - 횡단중,신호위반,건조,맑음,단일로 - 횡단보도상,승용,남,53세,상해없음,보행자,여,65세,경상
2013072500100272,2013년 7월 25일 13시,목요일,대전광역시 동구 정동,경상사고,0,0,1,0,차량단독 - 기타,기타,건조,맑음,단일로 - 기타,승합,남,35세,상해없음,,,,
2013072500100311,2013년 7월 25일 14시,목요일,대전광역시 서구 둔산동,경상사고,0,0,2,0,차대차 - 기타,안전운전불이행,건조,맑음,단일로 - 기타,승용,여,63세,상해없음,승용,여,43세,경상
2013072500100401,2013년 7월 25일 16시,목요일,대전광역시 동구 홍도동,경상사고,0,0,1,0,차대차 - 측면직각충돌,교차로운행방법위반,건조,맑음,교차로 - 교차로안,승용,여,45세,상해없음,원동기,남,58세,경상
2013072500100402,2013년 7월 25일 16시,목요일,대전광역시 서구 둔산동,중상사고,0,1,0,0,차대차 - 측면직각충돌,신호위반,건조,맑음,교차로 - 교차로안,승용,남,50세,상해없음,자전거,남,9세,중상
2013072500100438,2013년 7월 25일 17시,목요일,대전광역시 동구 자양동,중상사고,0,1,0,0,차대차 - 측면직각충돌,중앙선침범,건조,맑음,단일로 - 기타,승용,여,55세,상해없음,원동기,남,18세,중상
2013072500100480,2013년 7월 25일 18시,목요일,대전광역시 서구 복수동,중상사고,0,1,0,0,차대차 - 측면직각충돌,안전거리미확보,건조,맑음,교차로 - 교차로안,화물,남,38세,상해없음,자전거,남,50세,중상
2013072500100481,2013년 7월 25일 18시,목요일,대전광역시 서구 도안동,경상사고,0,0,1,0,차대차 - 기타,안전운전불이행,건조,맑음,교차로 - 교차로안,승용,기타불명,기타불명,기타불명,자전거,남,21세,경상
2013072500100512,2013년 7월 25일 19시,목요일,대전광역시 대덕구 읍내동,중상사고,0,1,0,0,차대차 - 측면직각충돌,불법유턴,건조,맑음,단일로 - 기타,승용,남,60세,상해없음,승용,남,24세,중상
2013072500100641,2013년 7월 25일 23시,목요일,대전광역시 동구 정동,경상사고,0,0,1,0,차대차 - 추돌 - 주정차중,안전운전불이행,건조,맑음,단일로 - 기타,승용,남,44세,상해없음,승용,남,36세,경상
2013072600100037,2013년 7월 26일 02시,금요일,대전광역시 서구 갈마동,경상사고,0,0,1,0,차대차 - 측면직각충돌,신호위반,건조,맑음,교차로 - 교차로안,승용,남,28세,상해없음,승용,남,63세,경상
2013072600100046,2013년 7월 26일 03시,금요일,대전광역시 서구 용문동,경상사고,0,0,1,0,차대차 - 추돌 - 주정차중,안전운전불이행,건조,흐림,단일로 - 기타,승용,남,36세,상해없음,승용,남,34세,경상
2013072600100047,2013년 7월 26일 03시,금요일,대전광역시 유성구 원촌동,중상사고,0,1,0,0,차량단독 - 공작물충돌,안전운전불이행,건조,맑음,단일로 - 기타,원동기,남,21세,중상,,,,
2013072600100061,2013년 7월 26일 05시,금요일,대전광역시 서구 용문동,경상사고,0,0,2,0,차대차 - 측면직각충돌,신호위반,건조,맑음,교차로 - 교차로안,승용,여,51세,상해없음,승용,남,33세,경상
2013072600100098,2013년 7월 26일 07시,금요일,대전광역시 중구 유천동,중상사고,0,1,0,0,차량단독 - 공작물충돌,기타,건조,맑음,단일로 - 기타,승합,남,54세,상해없음,,,,
2013072600100194,2013년 7월 26일 10시,금요일,대전광역시 중구 대흥동,경상사고,0,0,1,0,차대차 - 기타,교차로운행방법위반,건조,맑음,교차로 - 교차로안,승용,여,48세,상해없음,승용,남,73세,경상
2013072600100195,2013년 7월 26일 10시,금요일,대전광역시 유성구 원신흥동,중상사고,0,3,10,2,차대차 - 측면직각충돌,안전운전불이행,건조,맑음,단일로 - 기타,승용,남,23세,상해없음,승합,남,53세,상해없음
2013072600100222,2013년 7월 26일 11시,금요일,대전광역시 동구 중동,경상사고,0,0,1,0,차대차 - 추돌 - 주정차중,안전운전불이행,건조,맑음,교차로 - 교차로부근,승용,남,26세,상해없음,화물,남,41세,경상
2013072600100223,2013년 7월 26일 11시,금요일,대전광역시 서구 월평동,중상사고,0,1,1,0,차대차 - 추돌 - 주정차중,안전운전불이행,건조,흐림,단일로 - 기타,승용,남,33세,상해없음,승용,남,52세,경상
2013072600100455,2013년 7월 26일 18시,금요일,대전광역시 중구 오류동,중상사고,0,1,0,0,차대차 - 기타,중앙선침범,건조,맑음,단일로 - 기타,승용,여,42세,상해없음,원동기,남,77세,중상
2013072600100520,2013년 7월 26일 20시,금요일,대전광역시 서구 가장동,중상사고,0,1,2,0,차대차 - 측면직각충돌,안전운전불이행,건조,맑음,단일로 - 기타,원동기,남,54세,중상,승용,여,35세,경상
2013072600100598,2013년 7월 26일 22시,금요일,대전광역시 동구 낭월동,중상사고,0,1,0,0,차량단독 - 기타,기타,건조,맑음,단일로 - 기타,승합,남,52세,상해없음,,,,
2013072600100599,2013년 7월 26일 22시,금요일,대전광역시 대덕구 신탄진동,중상사고,0,1,0,0,차량단독 - 기타,안전운전불이행,건조,맑음,단일로 - 기타,승합,남,51세,상해없음,,,,
2013072700100024,2013년 7월 27일 00시,토요일,대전광역시 서구 관저동,경상사고,0,0,2,0,차대차 - 측면직각충돌,안전거리미확보,건조,맑음,단일로 - 기타,승용,남,28세,상해없음,승용,남,25세,경상
2013072700100025,2013년 7월 27일 00시,토요일,대전광역시 서구 관저동,경상사고,0,0,1,0,차대사람 - 보도통행중,보행자보호의무위반,건조,맑음,교차로 - 교차로안,승용,남,63세,상해없음,보행자,여,21세,경상
2013072700100058,2013년 7월 27일 02시,토요일,대전광역시 중구 산성동,경상사고,0,0,1,0,차대차 - 기타,신호위반,건조,맑음,교차로 - 교차로부근,원동기,남,35세,상해없음,자전거,남,60세,경상
2013072700100073,2013년 7월 27일 03시,토요일,대전광역시 서구 갈마동,경상사고,0,0,2,0,차대차 - 측면직각충돌,안전운전불이행,건조,맑음,단일로 - 기타,승용,남,21세,상해없음,승용,남,44세,경상
2013072700100087,2013년 7월 27일 04시,토요일,대전광역시 대덕구 신일동,중상사고,0,1,0,0,차량단독 - 공작물충돌,안전운전불이행,건조,맑음,교차로 - 교차로안,승용,남,32세,중상,,,,
2013072700100115,2013년 7월 27일 06시,토요일,대전광역시 서구 변동,중상사고,0,2,0,0,차량단독 - 기타,안전운전불이행,습기,비,교차로 - 교차로부근,승용,여,54세,중상,,,,
2013072700100154,2013년 7월 27일 08시,토요일,대전광역시 중구 오류동,경상사고,0,0,1,0,차대차 - 측면직각충돌,안전운전불이행,건조,맑음,교차로 - 교차로안,승용,남,22세,상해없음,승용,남,39세,경상
2013072700100155,2013년 7월 27일 08시,토요일,대전광역시 서구 탄방동,경상사고,0,0,2,0,차대차 - 기타,불법유턴,건조,맑음,교차로 - 교차로부근,이륜,남,55세,경상,승용,남,64세,상해없음
2013072700100156,2013년 7월 27일 08시,토요일,대전광역시 서구 둔산동,경상사고,0,0,1,0,차대차 - 기타,안전운전불이행,건조,맑음,교차로 - 교차로부근,승용,남,32세,상해없음,자전거,남,22세,경상
2013072700100304,2013년 7월 27일 13시,토요일,대전광역시 중구 중촌동,경상사고,0,0,1,0,차대차 - 측면직각충돌,안전운전불이행,건조,맑음,단일로 - 기타,승용,남,19세,상해없음,화물,여,56세,경상
2013072700100377,2013년 7월 27일 15시,토요일,대전광역시 중구 은행동,경상사고,0,0,1,0,차대차 - 측면직각충돌,안전거리미확보,건조,맑음,교차로 - 교차로안,승용,남,33세,상해없음,원동기,남,32세,경상
2013072700100410,2013년 7월 27일 16시,토요일,대전광역시 동구 홍도동,중상사고,0,1,0,0,차대사람 - 기타,보행자보호의무위반,건조,맑음,교차로 - 교차로안,승용,남,43세,상해없음,보행자,남,52세,중상
2013072700100411,2013년 7월 27일 16시,토요일,대전광역시 서구 도마동,경상사고,0,0,3,0,차대차 - 정면충돌,중앙선침범,건조,맑음,단일로 - 기타,승용,남,24세,상해없음,승용,남,39세,경상
2013072700100412,2013년 7월 27일 16시,토요일,대전광역시 서구 갈마동,경상사고,0,0,1,0,차대사람 - 기타,안전운전불이행,건조,맑음,단일로 - 기타,승용,여,42세,상해없음,보행자,여,47세,경상
2013072700100490,2013년 7월 27일 18시,토요일,대전광역시 동구 인동,부상신고사고,0,0,0,1,차대사람 - 기타,안전운전불이행,건조,맑음,미분류 - 미분류,승용,남,74세,상해없음,보행자,남,9세,부상신고
2013072700100553,2013년 7월 27일 20시,토요일,대전광역시 동구 가양동,중상사고,0,1,0,0,차대차 - 측면직각충돌,안전운전불이행,건조,맑음,단일로 - 기타,이륜,남,25세,상해없음,이륜,남,50세,중상
2013072700100554,2013년 7월 27일 20시,토요일,대전광역시 서구 갈마동,중상사고,0,1,0,0,차대차 - 측면직각충돌,안전운전불이행,건조,흐림,단일로 - 기타,승용,남,20세,상해없음,원동기,남,45세,중상
2013072700100586,2013년 7월 27일 21시,토요일,대전광역시 동구 세천동,경상사고,0,0,2,0,차대차 - 추돌 - 진행중,안전운전불이행,건조,맑음,교차로 - 교차로부근,승용,남,43세,상해없음,승용,남,19세,경상
2013072700100625,2013년 7월 27일 22시,토요일,대전광역시 동구 자양동,경상사고,0,0,1,0,차대사람 - 길가장자리구역통행중,안전운전불이행,습기,비,교차로 - 교차로부근,승용,남,41세,상해없음,보행자,남,35세,경상
2013072700100649,2013년 7월 27일 23시,토요일,대전광역시 중구 부사동,중상사고,0,1,0,0,차대차 - 기타,안전운전불이행,건조,맑음,단일로 - 횡단보도상,승용,남,57세,상해없음,자전거,남,14세,중상
2013072800100022,2013년 7월 28일 00시,일요일,대전광역시 서구 탄방동,경상사고,0,0,4,0,차대차 - 추돌 - 주정차중,안전운전불이행,건조,흐림,단일로 - 기타,승용,남,33세,상해없음,승용,남,57세,경상
2013072800100023,2013년 7월 28일 00시,일요일,대전광역시 서구 만년동,중상사고,0,1,0,0,차대사람 - 기타,안전운전불이행,건조,맑음,단일로 - 기타,승용,기타불명,기타불명,기타불명,보행자,남,53세,중상
2013072800100192,2013년 7월 28일 10시,일요일,대전광역시 동구 용전동,경상사고,0,0,1,0,차대차 - 측면직각충돌,교차로운행방법위반,건조,맑음,단일로 - 기타,승용,남,68세,기타불명,승용,남,61세,경상
2013072800100193,2013년 7월 28일 10시,일요일,대전광역시 동구 중동,경상사고,0,0,1,0,차대사람 - 횡단중,신호위반,건조,맑음,단일로 - 기타,승용,남,55세,기타불명,보행자,남,66세,경상
2013072800100304,2013년 7월 28일 15시,일요일,대전광역시 서구 도마동,경상사고,0,0,2,0,차대차 - 추돌 - 주정차중,안전운전불이행,건조,맑음,교차로 - 교차로부근,승용,여,26세,상해없음,화물,남,41세,경상
2013072800100329,2013년 7월 28일 16시,일요일,대전광역시 동구 삼괴동,경상사고,0,0,6,0,차대차 - 추돌 - 진행중,안전거리미확보,건조,맑음,미분류 - 미분류,승용,남,30세,경상,승용,남,52세,경상