사고번호,사고일시,요일,시군구,사고내용,사망자수,중상자수,경상자수,부상신고자수,사고유형,법규위반,노면상태,기상상태,도로형태,가해운전자 차종,가해운전자 성별,가해운전자 연령,가해운전자 상해정도,피해운전자 차종,피해운전자 성별,피해운전자 연령,피해운전자 상해정도
2013072800100400,2013년 7월 28일 19시,일요일,대전광역시 서구 갈마동,중상사고,0,1,0,0,차대사람 - 기타,안전운전불이행,건조,맑음,기타 - 기타,승용,남,32세,상해없음,보행자,여,3세,중상
2013072800100423,2013년 7월 28일 20시,일요일,대전광역시 동구 용전동,경상사고,0,0,1,0,차대차 - 측면직각충돌,안전거리미확보,건조,맑음,단일로 - 기타,승용,여,26세,상해없음,승용,남,40세,경상
2013072800100453,2013년 7월 28일 21시,일요일,대전광역시 중구 대흥동,경상사고,0,0,2,0,차대차 - 정면충돌,신호위반,건조,흐림,단일로 - 기타,승용,남,48세,상해없음,승용,남,31세,경상
2013072800100466,2013년 7월 28일 22시,일요일,대전광역시 동구 가양동,경상사고,0,0,2,0,차대사람 - 길가장자리구역통행중,안전운전불이행,건조,맑음,단일로 - 기타,승용,기타불명,기타불명,기타불명,보행자,여,37세,경상
2013072800100481,2013년 7월 28일 23시,일요일,대전광역시 동구 가양동,경상사고,0,0,1,0,차대차 - 추돌 - 진행중,안전운전불이행,건조,흐림,단일로 - 기타,승용,남,25세,상해없음,승용,남,38세,경상
2013072800100482,2013년 7월 28일 23시,일요일,대전광역시 대덕구 신탄진동,중상사고,0,2,1,0,차대사람 - 기타,안전운전불이행,건조,맑음,단일로 - 기타,이륜,남,55세,상해없음,보행자,남,44세,중상
2013072900100009,2013년 7월 29일 00시,월요일,대전광역시 서구 월평동,경상사고,0,0,4,0,차대차 - 측면직각충돌,안전운전불이행,건조,맑음,단일로 - 기타,승용,여,19세,상해없음,승용,여,41세,경상
2013072900100056,2013년 7월 29일 06시,월요일,대전광역시 동구 용전동,경상사고,0,0,1,0,차대사람 - 길가장자리구역통행중,안전운전불이행,습기,비,단일로 - 횡단보도상,승용,남,23세,상해없음,보행자,남,43세,경상
2013072900100103,2013년 7월 29일 08시,월요일,대전광역시 서구 둔산동,경상사고,0,0,1,0,차대차 - 기타,안전운전불이행,건조,맑음,단일로 - 기타,승합,여,43세,상해없음,승용,남,55세,경상
2013072900100246,2013년 7월 29일 14시,월요일,대전광역시 동구 가양동,경상사고,0,0,1,0,차대차 - 추돌 - 진행중,안전운전불이행,건조,맑음,단일로 - 기타,승용,남,44세,상해없음,기타불명,남,44세,경상
2013072900100247,2013년 7월 29일 14시,월요일,대전광역시 서구 도마동,경상사고,0,0,2,0,차대차 - 추돌 - 진행중,안전거리미확보,건조,맑음,단일로 - 기타,승용,남,21세,상해없음,승용,여,39세,경상
2013072900100248,2013년 7월 29일 14시,월요일,대전광역시 대덕구 석봉동,경상사고,0,0,1,0,차대차 - 추돌 - 주정차중,안전운전불이행,건조,맑음,교차로 - 교차로안,화물,남,43세,상해없음,승용,여,34세,경상
2013072900100293,2013년 7월 29일 15시,월요일,대전광역시 중구 산성동,중상사고,0,1,0,0,차대사람 - 횡단중,신호위반,건조,맑음,단일로 - 횡단보도상,승용,남,61세,상해없음,보행자,여,59세,중상
2013072900100356,2013년 7월 29일 17시,월요일,대전광역시 대덕구 중리동,경상사고,0,0,2,0,차대차 - 추돌 - 주정차중,안전운전불이행,건조,맑음,교차로 - 교차로부근,승용,남,30세,상해없음,승용,남,44세,경상
2013072900100391,2013년 7월 29일 18시,월요일,대전광역시 중구 선화동,중상사고,0,1,0,0,차대사람 - 횡단중,안전운전불이행,건조,맑음,단일로 - 기타,승용,남,38세,상해없음,보행자,여,79세,중상
2013072900100392,2013년 7월 29일 18시,월요일,대전광역시 유성구 송강동,경상사고,0,0,1,0,차대사람 - 보도통행중,기타,건조,맑음,기타 - 기타,자전거,여,33세,상해없음,보행자,여,35세,경상
2013072900100458,2013년 7월 29일 20시,월요일,대전광역시 대덕구 송촌동,경상사고,0,0,1,0,차대사람 - 기타,안전운전불이행,건조,맑음,교차로 - 교차로부근,승용,남,54세,상해없음,보행자,남,44세,경상
2013072900100459,2013년 7월 29일 20시,월요일,대전광역시 서구 갈마동,경상사고,0,0,2,0,차대차 - 기타,안전운전불이행,건조,맑음,교차로 - 교차로안,승용,여,54세,상해없음,승용,남,32세,경상
2013072900100507,2013년 7월 29일 22시,월요일,대전광역시 동구 용전동,경상사고,0,0,1,0,차대사람 - 기타,안전운전불이행,건조,맑음,단일로 - 기타,원동기,남,30세,상해없음,보행자,남,24세,경상
2013073000100030,2013년 7월 30일 01시,화요일,대전광역시 중구 중촌동,경상사고,0,0,2,0,차대차 - 측면직각충돌,신호위반,건조,맑음,교차로 - 교차로안,승용,남,19세,상해없음,승용,남,24세,경상
2013073000100105,2013년 7월 30일 08시,화요일,대전광역시 중구 유천동,중상사고,0,1,0,0,차대사람 - 횡단중,보행자보호의무위반,건조,맑음,교차로 - 교차로부근,승용,남,67세,상해없음,보행자,여,58세,중상
2013073000100106,2013년 7월 30일 08시,화요일,대전광역시 유성구 덕명동,중상사고,0,2,0,0,차대차 - 기타,교차로운행방법위반,건조,맑음,교차로 - 교차로부근,승용,남,25세,상해없음,이륜,남,61세,중상
2013073000100134,2013년 7월 30일 09시,화요일,대전광역시 서구 관저동,중상사고,0,2,0,0,차대차 - 측면직각충돌,안전운전불이행,건조,맑음,교차로 - 교차로안,승용,여,54세,중상,승용,여,33세,중상
2013073000100135,2013년 7월 30일 09시,화요일,대전광역시 유성구 노은동,중상사고,0,1,1,0,차대차 - 기타,안전운전불이행,건조,맑음,교차로 - 교차로안,승용,여,62세,상해없음,승용,여,47세,중상
2013073000100169,2013년 7월 30일 10시,화요일,대전광역시 유성구 방동,경상사고,0,0,2,1,차대차 - 추돌 - 주정차중,안전운전불이행,건조,흐림,단일로 - 기타,승용,남,37세,상해없음,승용,여,51세,경상
2013073000100200,2013년 7월 30일 11시,화요일,대전광역시 서구 탄방동,경상사고,0,0,1,0,차대차 - 기타,불법유턴,건조,맑음,단일로 - 횡단보도상,자전거,남,74세,경상,승용,남,68세,상해없음
2013073000100267,2013년 7월 30일 13시,화요일,대전광역시 동구 판암동,중상사고,0,1,0,0,차대사람 - 기타,안전운전불이행,건조,맑음,기타 - 기타,승용,남,45세,상해없음,보행자,남,75세,중상
2013073000100300,2013년 7월 30일 14시,화요일,대전광역시 유성구 봉명동,중상사고,0,1,0,0,차대차 - 기타,안전거리미확보,건조,맑음,단일로 - 기타,승용,여,37세,상해없음,이륜,남,27세,중상
2013073000100373,2013년 7월 30일 16시,화요일,대전광역시 서구 갈마동,중상사고,0,1,0,0,차대차 - 추돌 - 주정차중,안전운전불이행,건조,맑음,단일로 - 기타,승용,여,55세,상해없음,승용,남,38세,중상
2013073000100374,2013년 7월 30일 16시,화요일,대전광역시 유성구 대정동,중상사고,0,1,0,0,차대차 - 추돌 - 주정차중,안전운전불이행,습기,비,단일로 - 기타,화물,남,57세,상해없음,승용,여,48세,중상
2013073000100423,2013년 7월 30일 17시,화요일,대전광역시 유성구 탑립동,중상사고,0,1,0,0,차량단독 - 기타,안전운전불이행,건조,맑음,단일로 - 기타,자전거,남,62세,중상,,,,
2013073000100527,2013년 7월 30일 20시,화요일,대전광역시 중구 석교동,경상사고,0,0,1,0,차대사람 - 길가장자리구역통행중,안전운전불이행,건조,맑음,교차로 - 교차로부근,화물,남,47세,상해없음,보행자,여,62세,경상
2013073000100528,2013년 7월 30일 20시,화요일,대전광역시 서구 둔산동,경상사고,0,0,2,0,차대차 - 추돌 - 진행중,안전운전불이행,건조,맑음,교차로 - 교차로부근,승용,여,50세,상해없음,승용,남,31세,경상
2013073000100565,2013년 7월 30일 21시,화요일,대전광역시 동구 소제동,중상사고,0,1,1,0,차대차 - 측면직각충돌,중앙선침범,건조,맑음,단일로 - 기타,승용,남,60세,상해없음,승용,남,56세,중상
2013073000100596,2013년 7월 30일 22시,화요일,대전광역시 서구 용문동,경상사고,0,0,1,0,차대차 - 측면직각충돌,안전운전불이행,건조,흐림,교차로 - 교차로안,승용,여,33세,상해없음,이륜,남,44세,경상
2013073000100597,2013년 7월 30일 22시,화요일,대전광역시 유성구 봉명동,경상사고,0,0,1,0,차대차 - 추돌 - 주정차중,안전거리미확보,건조,맑음,교차로 - 교차로부근,승용,남,37세,상해없음,승용,여,54세,경상
2013073000100626,2013년 7월 30일 23시,화요일,대전광역시 대덕구 와동,경상사고,0,0,1,0,차대차 - 측면직각충돌,중앙선침범,건조,맑음,단일로 - 기타,화물,남,49세,상해없음,화물,남,49세,경상
2013073100100096,2013년 7월 31일 06시,수요일,대전광역시 동구 가오동,경상사고,0,0,1,0,차대차 - 추돌 - 진행중,안전운전불이행,건조,맑음,교차로 - 교차로부근,승용,기타불명,기타불명,기타불명,승용,여,64세,경상
2013073100100198,2013년 7월 31일 10시,수요일,대전광역시 서구 갈마동,경상사고,0,0,2,0,차대차 - 기타,교차로운행방법위반,습기,비,교차로 - 교차로부근,승용,남,51세,기타불명,승용,남,31세,경상
2013073100100405,2013년 7월 31일 16시,수요일,대전광역시 서구 둔산동,경상사고,0,0,1,0,차량단독 - 기타,안전운전불이행,건조,맑음,단일로 - 기타,승합,남,54세,상해없음,,,,
2013073100100471,2013년 7월 31일 18시,수요일,대전광역시 동구 용전동,경상사고,0,0,1,0,차대차 - 측면직각충돌,신호위반,건조,맑음,단일로 - 횡단보도부근,승용,여,53세,상해없음,승용,남,33세,경상
2013073100100498,2013년 7월 31일 19시,수요일,대전광역시 유성구 봉명동,경상사고,0,0,1,0,차대차 - 추돌 - 주정차중,안전거리미확보,건조,맑음,단일로 - 교량,승용,남,52세,상해없음,승용,남,24세,경상
2013073100100628,2013년 7월 31일 23시,수요일,대전광역시 대덕구 송촌동,경상사고,0,0,1,0,차대사람 - 길가장자리구역통행중,안전운전불이행,건조,맑음,단일로 - 기타,승합,남,52세,상해없음,보행자,남,40세,경상
2013080100100093,2013년 8월 1일 06시,목요일,대전광역시 동구 가양동,경상사고,0,0,1,0,차대차 - 정면충돌,중앙선침범,건조,맑음,교차로 - 교차로부근,건설기계,남,40세,상해없음,화물,여,50세,경상
2013080100100141,2013년 8월 1일 08시,목요일,대전광역시 중구 선화동,경상사고,0,0,3,0,차대차 - 추돌 - 진행중,안전운전불이행,건조,맑음,단일로 - 기타,화물,남,62세,상해없음,승용,남,58세,경상
2013080100100142,2013년 8월 1일 08시,목요일,대전광역시 유성구 전민동,경상사고,0,0,1,0,차대차 - 기타,안전운전불이행,건조,맑음,교차로 - 교차로안,승용,여,50세,상해없음,승용,남,30세,경상
2013080100100240,2013년 8월 1일 11시,목요일,대전광역시 동구 천동,중상사고,0,1,0,0,차대차 - 정면충돌,중앙선침범,건조,맑음,단일로 - 기타,승용,남,60세,상해없음,승용,여,43세,중상
2013080100100291,2013년 8월 1일 13시,목요일,대전광역시 동구 대성동,경상사고,0,0,1,0,차대사람 - 횡단중,안전운전불이행,건조,맑음,단일로 - 기타,이륜,남,40세,상해없음,보행자,여,30세,경상
2013080100100395,2013년 8월 1일 16시,목요일,대전광역시 대덕구 와동,사망사고,1,0,0,0,차대사람 - 기타,안전운전불이행,건조,맑음,단일로 - 기타,화물,남,34세,상해없음,보행자,남,56세,사망
2013080100100533,2013년 8월 1일 20시,목요일,대전광역시 서구 둔산동,중상사고,0,1,0,0,차대사람 - 횡단중,안전운전불이행,건조,맑음,교차로 - 교차로안,승합,남,54세,상해없음,보행자,남,80세,중상
2013080100100590,2013년 8월 1일 22시,목요일,대전광역시 동구 가오동,중상사고,0,2,0,0,차대사람 - 횡단중,안전운전불이행,건조,맑음,교차로 - 교차로안,승용,남,20세,상해없음,보행자,남,33세,중상
2013080200100124,2013년 8월 2일 09시,금요일,대전광역시 동구 용전동,중상사고,0,1,0,0,차대사람 - 횡단중,안전운전불이행,건조,맑음,교차로 - 교차로안,승용,남,56세,상해없음,보행자,여,50세,중상
2013080200100153,2013년 8월 2일 10시,금요일,대전광역시 서구 둔산동,중상사고,0,2,0,0,차대차 - 측면직각충돌,교차로운행방법위반,건조,맑음,교차로 - 교차로안,승용,여,49세,상해없음,원동기,남,21세,중상
2013080200100256,2013년 8월 2일 13시,금요일,대전광역시 동구 삼성동,경상사고,0,0,2,0,차대차 - 측면직각충돌,안전거리미확보,건조,맑음,교차로 - 교차로부근,승용,남,19세,상해없음,승용,여,47세,경상
2013080200100257,2013년 8월 2일 13시,금요일,대전광역시 동구 낭월동,경상사고,0,0,1,0,차대차 - 추돌 - 주정차중,안전운전불이행,건조,맑음,단일로 - 기타,화물,남,68세,상해없음,승용,남,30세,경상
2013080200100288,2013년 8월 2일 14시,금요일,대전광역시 서구 탄방동,경상사고,0,0,1,0,차대차 - 측면직각충돌,안전운전불이행,건조,맑음,단일로 - 교량,승용,여,56세,상해없음,승용,여,46세,상해없음
2013080200100348,2013년 8월 2일 16시,금요일,대전광역시 동구 삼성동,중상사고,0,1,2,0,차대차 - 측면직각충돌,중앙선침범,건조,맑음,미분류 - 미분류,승용,여,58세,중상,승용,남,29세,경상
2013080200100387,2013년 8월 2일 17시,금요일,대전광역시 유성구 봉명동,경상사고,0,0,1,0,차대차 - 측면직각충돌,신호위반,기타,맑음,교차로 - 교차로안,승용,남,71세,상해없음,승합,남,41세,경상
2013080200100420,2013년 8월 2일 18시,금요일,대전광역시 동구 정동,경상사고,0,0,1,0,차량단독 - 기타,안전운전불이행,건조,맑음,단일로 - 기타,승합,남,53세,상해없음,,,,
2013080200100449,2013년 8월 2일 19시,금요일,대전광역시 대덕구 중리동,중상사고,0,1,3,0,차대차 - 추돌 - 주정차중,안전운전불이행,건조,맑음,단일로 - 기타,승용,남,29세,상해없음,승용,남,41세,중상
2013080200100450,2013년 8월 2일 19시,금요일,대전광역시 서구 탄방동,중상사고,0,1,0,0,차대사람 - 차도통행중,안전운전불이행,건조,맑음,단일로 - 기타,승용,기타불명,기타불명,기타불명,보행자,여,50세,중상
2013080200100476,2013년 8월 2일 20시,금요일,대전광역시 동구 자양동,경상사고,0,0,1,0,차대차 - 측면직각충돌,안전운전불이행,건조,맑음,교차로 - 교차로안,승용,남,36세,상해없음,승용,여,43세,경상
2013080200100477,2013년 8월 2일 20시,금요일,대전광역시 유성구 덕명동,중상사고,0,1,0,0,차대사람 - 차도통행중,안전운전불이행,건조,맑음,단일로 - 횡단보도부근,승용,여,42세,상해없음,보행자,남,19세,중상
2013080200100516,2013년 8월 2일 21시,금요일,대전광역시 유성구 봉명동,경상사고,0,0,1,0,차대차 - 추돌 - 진행중,안전운전불이행,건조,맑음,단일로 - 기타,승용,남,29세,상해없음,원동기,남,19세,경상
2013080200100541,2013년 8월 2일 22시,금요일,대전광역시 중구 오류동,경상사고,0,0,2,1,차대차 - 추돌 - 진행중,안전운전불이행,건조,맑음,단일로 - 기타,승용,남,25세,부상신고,승용,남,41세,경상
2013080300100038,2013년 8월 3일 01시,토요일,대전광역시 서구 둔산동,경상사고,0,0,4,0,차대차 - 추돌 - 진행중,안전운전불이행,건조,맑음,단일로 - 교량,승용,남,27세,상해없음,승용,남,21세,경상
2013080300100066,2013년 8월 3일 03시,토요일,대전광역시 중구 대흥동,경상사고,0,0,1,0,차대차 - 측면직각충돌,안전운전불이행,건조,맑음,단일로 - 기타,승용,남,39세,상해없음,승용,남,31세,경상
2013080300100261,2013년 8월 3일 12시,토요일,대전광역시 유성구 지족동,중상사고,0,1,1,0,차대사람 - 기타,안전운전불이행,건조,맑음,기타 - 기타,승용,여,37세,상해없음,보행자,여,76세,중상
2013080300100299,2013년 8월 3일 13시,토요일,대전광역시 동구 홍도동,중상사고,0,1,0,0,차대차 - 측면직각충돌,안전운전불이행,건조,맑음,교차로 - 교차로안,화물,남,48세,상해없음,원동기,남,48세,중상
2013080300100443,2013년 8월 3일 17시,토요일,대전광역시 서구 복수동,경상사고,0,0,1,0,차대차 - 측면직각충돌,교차로운행방법위반,습기,비,교차로 - 교차로안,승용,남,31세,경상,승용,남,58세,상해없음
2013080300100444,2013년 8월 3일 17시,토요일,대전광역시 서구 월평동,중상사고,0,1,0,0,차대사람 - 기타,신호위반,건조,흐림,단일로 - 횡단보도상,승합,남,61세,상해없음,보행자,여,67세,중상
2013080300100517,2013년 8월 3일 19시,토요일,대전광역시 동구 판암동,경상사고,0,0,1,0,차대차 - 기타,안전운전불이행,습기,비,단일로 - 기타,승용,남,36세,상해없음,이륜,남,23세,경상
2013080300100558,2013년 8월 3일 20시,토요일,대전광역시 중구 유천동,경상사고,0,0,1,0,차대차 - 측면직각충돌,신호위반,습기,비,교차로 - 교차로안,승용,남,50세,상해없음,승용,남,58세,상해없음
2013080300100559,2013년 8월 3일 20시,토요일,대전광역시 서구 도마동,중상사고,0,1,0,0,차대차 - 측면직각충돌,신호위반,습기,비,교차로 - 교차로안,승용,남,60세,상해없음,승용,여,34세,중상
2013080300100560,2013년 8월 3일 20시,토요일,대전광역시 유성구 궁동,경상사고,0,0,1,0,차대차 - 측면직각충돌,안전운전불이행,습기,비,단일로 - 기타,승용,여,50세,상해없음,승용,여,44세,경상
2013080300100588,2013년 8월 3일 21시,토요일,대전광역시 동구 낭월동,경상사고,0,0,1,0,차대차 - 추돌 - 진행중,안전운전불이행,습기,비,단일로 - 기타,승합,남,58세,상해없음,승합,남,52세,경상
2013080300100619,2013년 8월 3일 22시,토요일,대전광역시 중구 유천동,경상사고,0,0,2,0,차대차 - 기타,안전운전불이행,습기,비,교차로 - 교차로안,승용,남,60세,상해없음,승용,남,27세,경상
2013080300100620,2013년 8월 3일 22시,토요일,대전광역시 동구 용전동,경상사고,0,0,1,0,차대차 - 추돌 - 주정차중,안전운전불이행,습기,비,단일로 - 기타,승용,남,55세,상해없음,화물,남,35세,경상
2013080300100621,2013년 8월 3일 22시,토요일,대전광역시 서구 갈마동,경상사고,0,0,1,0,차대사람 - 차도통행중,안전운전불이행,습기,비,단일로 - 기타,승용,기타불명,기타불명,기타불명,보행자,남,19세,경상
2013080400100006,2013년 8월 4일 00시,일요일,대전광역시 서구 관저동,경상사고,0,0,1,0,차량단독 - 기타,안전운전불이행,습기,비,단일로 - 기타,승용,남,58세,상해없음,,,,
2013080400100007,2013년 8월 4일 00시,일요일,대전광역시 대덕구 대화동,경상사고,0,0,3,0,차대차 - 추돌 - 주정차중,안전운전불이행,습기,비,교차로 - 교차로부근,화물,남,59세,상해없음,승용,남,26세,경상
2013080400100008,2013년 8월 4일 00시,일요일,대전광역시 서구 둔산동,경상사고,0,0,2,0,차대차 - 측면직각충돌,안전거리미확보,건조,맑음,단일로 - 기타,승용,여,43세,상해없음,승용,남,35세,경상
2013080400100049,2013년 8월 4일 04시,일요일,대전광역시 서구 도마동,경상사고,0,0,2,0,차대차 - 측면직각충돌,안전운전불이행,습기,비,교차로 - 교차로부근,승용,남,18세,상해없음,화물,남,58세,경상
2013080400100050,2013년 8월 4일 04시,일요일,대전광역시 서구 둔산동,경상사고,0,0,3,0,차대차 - 측면직각충돌,안전운전불이행,건조,맑음,단일로 - 기타,승용,남,22세,상해없음,승합,남,23세,경상
2013080400100090,2013년 8월 4일 08시,일요일,대전광역시 서구 둔산동,경상사고,0,0,1,0,차대차 - 추돌 - 주정차중,안전운전불이행,건조,맑음,단일로 - 기타,원동기,남,41세,상해없음,승용,여,51세,경상
2013080400100185,2013년 8월 4일 12시,일요일,대전광역시 대덕구 중리동,경상사고,0,0,1,0,차대차 - 기타,안전운전불이행,건조,맑음,단일로 - 기타,화물,남,26세,상해없음,이륜,남,30세,경상
2013080400100280,2013년 8월 4일 15시,일요일,대전광역시 중구 산성동,경상사고,0,0,1,0,차대차 - 기타,안전운전불이행,건조,맑음,단일로 - 기타,승용,남,53세,상해없음,승용,여,50세,경상
2013080400100281,2013년 8월 4일 15시,일요일,대전광역시 중구 석교동,중상사고,0,1,0,0,차대사람 - 기타,안전운전불이행,건조,맑음,단일로 - 기타,승용,남,57세,상해없음,보행자,남,60세,중상
2013080400100317,2013년 8월 4일 16시,일요일,대전광역시 대덕구 법동,경상사고,0,0,2,0,차대차 - 추돌 - 주정차중,안전운전불이행,건조,맑음,교차로 - 교차로부근,승용,남,56세,상해없음,승용,남,30세,경상
2013080400100344,2013년 8월 4일 17시,일요일,대전광역시 동구 원동,경상사고,0,0,2,0,차대차 - 측면직각충돌,안전운전불이행,건조,맑음,교차로 - 교차로안,승용,남,54세,상해없음,승용,여,40세,상해없음
2013080400100364,2013년 8월 4일 18시,일요일,대전광역시 동구 삼성동,경상사고,0,0,1,0,차대사람 - 횡단중,신호위반,건조,맑음,교차로 - 교차로부근,승용,남,44세,상해없음,보행자,여,24세,경상
2013080400100365,2013년 8월 4일 18시,일요일,대전광역시 동구 용전동,경상사고,0,0,1,0,차대차 - 기타,안전운전불이행,건조,맑음,단일로 - 기타,승용,기타불명,기타불명,기타불명,승용,남,38세,경상
2013080400100366,2013년 8월 4일 18시,일요일,대전광역시 서구 둔산동,경상사고,0,0,1,0,차대차 - 기타,안전운전불이행,건조,맑음,교차로 - 교차로안,승용,남,63세,상해없음,자전거,남,17세,경상
2013080500100027,2013년 8월 5일 03시,월요일,대전광역시 중구 문화동,중상사고,0,1,0,0,차대차 - 측면직각충돌,안전운전불이행,건조,맑음,교차로 - 교차로안,승용,남,52세,상해없음,원동기,남,20세,중상
2013080500100064,2013년 8월 5일 07시,월요일,대전광역시 서구 용문동,경상사고,0,0,3,0,차대차 - 측면직각충돌,안전운전불이행,건조,맑음,교차로 - 교차로부근,화물,남,47세,상해없음,승용,남,58세,경상
2013080500100108,2013년 8월 5일 08시,월요일,대전광역시 중구 선화동,중상사고,0,1,0,0,차대차 - 추돌 - 진행중,안전거리미확보,건조,맑음,단일로 - 기타,승용,남,51세,상해없음,승용,남,33세,중상
2013080500100109,2013년 8월 5일 08시,월요일,대전광역시 서구 괴정동,경상사고,0,0,1,0,차대차 - 기타,안전운전불이행,건조,맑음,단일로 - 횡단보도상,승용,남,27세,상해없음,자전거,여,62세,경상
2013080500100110,2013년 8월 5일 08시,월요일,대전광역시 대덕구 송촌동,중상사고,0,1,0,0,차대사람 - 기타,기타,건조,맑음,교차로 - 교차로안,승합,여,55세,기타불명,보행자,여,71세,중상
2013080500100111,2013년 8월 5일 08시,월요일,대전광역시 유성구 궁동,중상사고,0,1,0,0,차대사람 - 기타,안전운전불이행,건조,맑음,교차로 - 교차로안,승용,남,28세,상해없음,보행자,여,19세,중상
2013080500100135,2013년 8월 5일 09시,월요일,대전광역시 동구 정동,경상사고,0,0,1,0,차대차 - 기타,안전운전불이행,건조,맑음,단일로 - 기타,승용,여,56세,상해없음,승용,남,50세,상해없음
2013080500100200,2013년 8월 5일 11시,월요일,대전광역시 서구 둔산동,중상사고,0,1,0,0,차대사람 - 기타,안전운전불이행,건조,맑음,기타 - 기타,승용,여,58세,상해없음,보행자,여,9세,중상
2013080500100306,2013년 8월 5일 14시,월요일,대전광역시 대덕구 중리동,경상사고,0,0,1,0,차대차 - 측면직각충돌,안전운전불이행,건조,맑음,교차로 - 교차로안,승용,남,26세,상해없음,승용,남,70세,경상
2013080500100338,2013년 8월 5일 15시,월요일,대전광역시 동구 용운동,경상사고,0,0,2,0,차대차 - 측면직각충돌,중앙선침범,건조,맑음,단일로 - 기타,승용,남,70세,상해없음,승용,여,45세,경상
2013080500100339,2013년 8월 5일 15시,월요일,대전광역시 동구 판암동,중상사고,0,1,0,0,차대사람 - 횡단중,보행자보호의무위반,건조,맑음,교차로 - 교차로안,특수,남,31세,상해없음,보행자,여,55세,중상
2013080500100340,2013년 8월 5일 15시,월요일,대전광역시 유성구 전민동,중상사고,0,1,0,0,차대사람 - 길가장자리구역통행중,보행자보호의무위반,건조,맑음,단일로 - 횡단보도상,승용,기타불명,기타불명,기타불명,보행자,남,70세,중상
2013080500100408,2013년 8월 5일 17시,월요일,대전광역시 대덕구 덕암동,경상사고,0,0,1,0,차대차 - 추돌 - 주정차중,안전운전불이행,습기,비,단일로 - 기타,기타불명,기타불명,기타불명,기타불명,승용,여,36세,경상
2013080500100449,2013년 8월 5일 18시,월요일,대전광역시 서구 정림동,중상사고,0,1,0,0,차대사람 - 기타,안전운전불이행,건조,맑음,기타 - 기타,화물,남,28세,상해없음,보행자,남,69세,중상
2013080500100450,2013년 8월 5일 18시,월요일,대전광역시 유성구 관평동,경상사고,0,0,2,0,차대차 - 측면직각충돌,신호위반,건조,맑음,교차로 - 교차로안,건설기계,남,40세,경상,승용,남,44세,경상
2013080500100490,2013년 8월 5일 19시,월요일,대전광역시 중구 대흥동,경상사고,0,0,3,0,차대차 - 기타,안전운전불이행,건조,맑음,단일로 - 기타,승용,남,46세,상해없음,승용,남,64세,경상
2013080500100521,2013년 8월 5일 20시,월요일,대전광역시 서구 둔산동,경상사고,0,0,2,0,차대차 - 추돌 - 주정차중,안전운전불이행,건조,맑음,교차로 - 교차로부근,승용,남,49세,상해없음,승용,남,32세,경상
2013080500100583,2013년 8월 5일 22시,월요일,대전광역시 서구 월평동,경상사고,0,0,1,0,차대차 - 측면직각충돌,안전운전불이행,건조,맑음,단일로 - 기타,자전거,남,57세,경상,승용,남,44세,상해없음
2013080500100599,2013년 8월 5일 23시,월요일,대전광역시 동구 가양동,경상사고,0,0,2,0,차대차 - 추돌 - 진행중,기타,건조,맑음,단일로 - 기타,화물,남,27세,상해없음,승용,남,49세,경상
2013080600100081,2013년 8월 6일 06시,화요일,대전광역시 유성구 관평동,경상사고,0,0,1,0,차대차 - 추돌 - 주정차중,안전운전불이행,건조,맑음,교차로 - 교차로부근,승용,남,23세,상해없음,승용,남,52세,경상
2013080600100138,2013년 8월 6일 08시,화요일,대전광역시 중구 태평동,중상사고,0,1,0,0,차대사람 - 기타,신호위반,건조,맑음,단일로 - 횡단보도상,승용,남,21세,상해없음,보행자,여,52세,중상
2013080600100139,2013년 8월 6일 08시,화요일,대전광역시 대덕구 읍내동,경상사고,0,0,1,0,차대차 - 기타,안전운전불이행,건조,맑음,교차로 - 교차로부근,승합,남,76세,상해없음,승용,남,44세,경상
2013080600100254,2013년 8월 6일 12시,화요일,대전광역시 서구 도마동,경상사고,0,0,1,0,차대차 - 측면직각충돌,안전운전불이행,건조,맑음,단일로 - 기타,승용,여,30세,상해없음,승용,남,65세,경상
2013080600100326,2013년 8월 6일 14시,화요일,대전광역시 유성구 장대동,중상사고,0,1,0,0,차대차 - 기타,안전운전불이행,건조,맑음,교차로 - 교차로안,승용,여,53세,상해없음,이륜,남,80세,중상
2013080600100363,2013년 8월 6일 15시,화요일,대전광역시 서구 둔산동,중상사고,0,1,1,0,차대차 - 기타,안전운전불이행,건조,맑음,단일로 - 기타,승합,남,64세,상해없음,승용,남,42세,기타불명
2013080600100490,2013년 8월 6일 18시,화요일,대전광역시 중구 용두동,사망사고,1,0,0,0,차대사람 - 횡단중,안전운전불이행,습기,비,단일로 - 기타,화물,남,26세,상해없음,보행자,남,77세,사망
2013080600100491,2013년 8월 6일 18시,화요일,대전광역시 서구 복수동,중상사고,0,1,0,0,차대차 - 측면직각충돌,안전운전불이행,건조,맑음,단일로 - 기타,승용,기타불명,기타불명,기타불명,자전거,남,59세,중상
2013080600100526,2013년 8월 6일 19시,화요일,대전광역시 중구 석교동,경상사고,0,0,1,0,차대차 - 측면직각충돌,안전운전불이행,건조,맑음,단일로 - 기타,화물,남,42세,상해없음,자전거,남,47세,경상