사고번호,사고일시,요일,시군구,사고내용,사망자수,중상자수,경상자수,부상신고자수,사고유형,법규위반,노면상태,기상상태,도로형태,가해운전자 차종,가해운전자 성별,가해운전자 연령,가해운전자 상해정도,피해운전자 차종,피해운전자 성별,피해운전자 연령,피해운전자 상해정도
2013081400100447,2013년 8월 14일 18시,수요일,대전광역시 동구 판암동,중상사고,0,1,1,0,차대차 - 측면직각충돌,안전운전불이행,건조,맑음,교차로 - 교차로안,원동기,남,72세,중상,승용,남,66세,상해없음
2013081400100448,2013년 8월 14일 18시,수요일,대전광역시 유성구 구암동,경상사고,0,0,1,0,차량단독 - 기타,안전운전불이행,건조,맑음,단일로 - 기타,승합,남,57세,상해없음,,,,
2013081400100449,2013년 8월 14일 18시,수요일,대전광역시 서구 둔산동,중상사고,0,1,0,0,차대차 - 기타,안전운전불이행,건조,맑음,단일로 - 기타,승용,남,58세,상해없음,승합,남,38세,상해없음
2013081400100530,2013년 8월 14일 20시,수요일,대전광역시 서구 정림동,경상사고,0,0,3,0,차대차 - 추돌 - 주정차중,안전운전불이행,건조,맑음,단일로 - 기타,승용,여,33세,상해없음,승용,여,40세,경상
2013081400100584,2013년 8월 14일 22시,수요일,대전광역시 대덕구 신탄진동,경상사고,0,0,1,0,차대차 - 측면직각충돌,안전운전불이행,건조,맑음,단일로 - 기타,승용,기타불명,기타불명,기타불명,승용,남,60세,경상
2013081500100024,2013년 8월 15일 00시,목요일,대전광역시 대덕구 덕암동,중상사고,0,1,0,0,차대사람 - 길가장자리구역통행중,안전운전불이행,건조,맑음,교차로 - 교차로부근,승용,여,36세,상해없음,보행자,남,41세,중상
2013081500100050,2013년 8월 15일 01시,목요일,대전광역시 유성구 관평동,중상사고,0,1,2,0,차대차 - 측면직각충돌,신호위반,건조,맑음,교차로 - 교차로안,이륜,남,14세,상해없음,승용,남,48세,경상
2013081500100051,2013년 8월 15일 01시,목요일,대전광역시 유성구 장대동,경상사고,0,0,1,0,차대차 - 추돌 - 주정차중,안전운전불이행,건조,맑음,교차로 - 교차로부근,승용,남,16세,상해없음,이륜,남,44세,경상
2013081500100079,2013년 8월 15일 03시,목요일,대전광역시 동구 용전동,경상사고,0,0,1,0,차대차 - 추돌 - 진행중,안전운전불이행,건조,맑음,교차로 - 교차로부근,승용,남,28세,상해없음,승용,남,53세,경상
2013081500100115,2013년 8월 15일 06시,목요일,대전광역시 동구 용전동,경상사고,0,0,2,0,차대차 - 측면직각충돌,안전거리미확보,건조,맑음,단일로 - 기타,승용,남,69세,상해없음,승용,남,23세,경상
2013081500100153,2013년 8월 15일 08시,목요일,대전광역시 동구 추동,중상사고,0,1,1,0,차대차 - 측면직각충돌,중앙선침범,건조,맑음,단일로 - 기타,승용,남,24세,상해없음,승용,남,46세,경상
2013081500100154,2013년 8월 15일 08시,목요일,대전광역시 동구 소제동,경상사고,0,0,1,0,차대차 - 추돌 - 주정차중,안전운전불이행,건조,맑음,단일로 - 기타,승용,남,53세,상해없음,승용,남,62세,경상
2013081500100155,2013년 8월 15일 08시,목요일,대전광역시 서구 갈마동,중상사고,0,2,4,0,차대차 - 측면직각충돌,안전운전불이행,건조,맑음,교차로 - 교차로안,승용,남,22세,상해없음,승용,남,22세,상해없음
2013081500100293,2013년 8월 15일 13시,목요일,대전광역시 대덕구 석봉동,경상사고,0,0,2,0,차대차 - 측면직각충돌,안전운전불이행,건조,맑음,단일로 - 기타,승용,남,68세,상해없음,승용,남,33세,경상
2013081500100424,2013년 8월 15일 17시,목요일,대전광역시 동구 홍도동,경상사고,0,0,1,0,차대차 - 측면직각충돌,안전운전불이행,건조,맑음,단일로 - 기타,화물,남,36세,상해없음,자전거,남,57세,경상
2013081500100453,2013년 8월 15일 18시,목요일,대전광역시 동구 신흥동,경상사고,0,0,1,0,차대차 - 추돌 - 주정차중,안전운전불이행,건조,맑음,교차로 - 교차로부근,승용,남,48세,상해없음,승용,남,47세,경상
2013081500100511,2013년 8월 15일 20시,목요일,대전광역시 대덕구 오정동,중상사고,0,1,0,0,차대사람 - 횡단중,안전운전불이행,건조,맑음,단일로 - 기타,승용,남,26세,상해없음,보행자,여,74세,중상
2013081500100549,2013년 8월 15일 22시,목요일,대전광역시 대덕구 비래동,경상사고,0,0,1,0,차대사람 - 기타,안전운전불이행,건조,맑음,단일로 - 기타,승용,남,40세,상해없음,보행자,남,42세,경상
2013081500100550,2013년 8월 15일 22시,목요일,대전광역시 서구 만년동,경상사고,0,0,1,0,차대사람 - 기타,안전운전불이행,건조,맑음,기타 - 기타,자전거,남,32세,상해없음,보행자,남,17세,경상
2013081600100010,2013년 8월 16일 00시,금요일,대전광역시 유성구 계산동,경상사고,0,0,5,0,차대차 - 측면직각충돌,신호위반,건조,맑음,교차로 - 교차로안,승용,남,55세,상해없음,승용,남,43세,경상
2013081600100027,2013년 8월 16일 01시,금요일,대전광역시 서구 둔산동,경상사고,0,0,1,0,차대차 - 측면직각충돌,중앙선침범,건조,맑음,단일로 - 기타,승용,남,27세,상해없음,승용,남,47세,경상
2013081600100028,2013년 8월 16일 01시,금요일,대전광역시 유성구 궁동,중상사고,0,1,0,0,차대차 - 측면직각충돌,안전운전불이행,건조,맑음,단일로 - 기타,승합,기타불명,기타불명,기타불명,자전거,남,28세,중상
2013081600100029,2013년 8월 16일 01시,금요일,대전광역시 유성구 봉명동,경상사고,0,0,2,0,차대차 - 기타,안전운전불이행,건조,맑음,단일로 - 기타,승용,남,49세,상해없음,승용,남,47세,경상
2013081600100205,2013년 8월 16일 11시,금요일,대전광역시 유성구 장대동,중상사고,0,4,0,0,차대차 - 추돌 - 진행중,안전운전불이행,건조,맑음,단일로 - 기타,승용,남,35세,상해없음,승용,남,31세,중상
2013081600100280,2013년 8월 16일 13시,금요일,대전광역시 서구 탄방동,중상사고,0,1,2,0,차대차 - 추돌 - 주정차중,안전운전불이행,건조,맑음,교차로 - 교차로부근,승용,남,60세,상해없음,승용,여,54세,경상
2013081600100321,2013년 8월 16일 14시,금요일,대전광역시 서구 둔산동,경상사고,0,0,1,0,차대차 - 측면직각충돌,안전운전불이행,건조,맑음,교차로 - 교차로안,기타불명,기타불명,기타불명,기타불명,승용,여,59세,상해없음
2013081600100355,2013년 8월 16일 15시,금요일,대전광역시 서구 괴정동,중상사고,0,1,0,0,차대차 - 측면직각충돌,신호위반,건조,맑음,교차로 - 교차로안,승합,남,48세,상해없음,자전거,남,9세,중상
2013081600100442,2013년 8월 16일 17시,금요일,대전광역시 동구 가양동,경상사고,0,0,1,0,차대차 - 측면직각충돌,중앙선침범,건조,맑음,기타 - 기타,원동기,남,24세,경상,승합,남,43세,상해없음
2013081600100443,2013년 8월 16일 17시,금요일,대전광역시 대덕구 오정동,중상사고,0,1,0,0,차대차 - 기타,안전운전불이행,건조,맑음,단일로 - 기타,승용,남,39세,상해없음,승합,남,58세,상해없음
2013081600100549,2013년 8월 16일 20시,금요일,대전광역시 대덕구 상서동,경상사고,0,0,1,0,차대차 - 정면충돌,중앙선침범,건조,맑음,교차로 - 교차로안,승용,남,45세,상해없음,화물,남,54세,경상
2013081600100551,2013년 8월 16일 20시,금요일,대전광역시 유성구 전민동,중상사고,0,1,0,0,차대사람 - 횡단중,보행자보호의무위반,건조,맑음,교차로 - 교차로부근,이륜,남,19세,상해없음,보행자,여,35세,중상
2013081600100552,2013년 8월 16일 20시,금요일,대전광역시 유성구 상대동,경상사고,0,0,1,0,차대차 - 기타,신호위반,건조,맑음,교차로 - 교차로안,승용,남,32세,상해없음,승용,여,50세,경상
2013081600100614,2013년 8월 16일 22시,금요일,대전광역시 대덕구 오정동,경상사고,0,0,4,0,차대차 - 측면직각충돌,교차로운행방법위반,건조,맑음,교차로 - 교차로안,승용,남,21세,경상,승용,남,44세,경상
2013081600100636,2013년 8월 16일 23시,금요일,대전광역시 동구 중동,중상사고,0,1,0,0,차대사람 - 차도통행중,안전운전불이행,건조,맑음,단일로 - 기타,승용,남,48세,상해없음,보행자,남,41세,중상
2013081700100018,2013년 8월 17일 00시,토요일,대전광역시 유성구 용산동,경상사고,0,0,2,0,차대차 - 기타,신호위반,건조,맑음,교차로 - 교차로안,승용,남,37세,상해없음,승용,여,45세,경상
2013081700100041,2013년 8월 17일 01시,토요일,대전광역시 중구 용두동,경상사고,0,0,2,0,차대차 - 측면직각충돌,신호위반,건조,맑음,교차로 - 교차로안,승용,여,27세,상해없음,화물,남,50세,경상
2013081700100042,2013년 8월 17일 01시,토요일,대전광역시 대덕구 오정동,경상사고,0,0,1,0,차대차 - 추돌 - 주정차중,안전운전불이행,건조,맑음,교차로 - 교차로부근,화물,남,46세,상해없음,승용,남,50세,경상
2013081700100091,2013년 8월 17일 05시,토요일,대전광역시 서구 괴정동,경상사고,0,0,1,0,차대차 - 추돌 - 주정차중,안전운전불이행,건조,맑음,교차로 - 교차로부근,승용,남,25세,상해없음,승용,남,55세,경상
2013081700100137,2013년 8월 17일 08시,토요일,대전광역시 동구 낭월동,경상사고,0,0,1,0,차대차 - 측면직각충돌,신호위반,건조,맑음,교차로 - 교차로안,승용,남,45세,상해없음,승합,남,61세,경상
2013081700100166,2013년 8월 17일 09시,토요일,대전광역시 중구 은행동,경상사고,0,0,1,0,차량단독 - 기타,기타,건조,맑음,단일로 - 기타,승합,남,56세,상해없음,,,,
2013081700100198,2013년 8월 17일 10시,토요일,대전광역시 중구 태평동,경상사고,0,0,1,0,차대차 - 측면직각충돌,안전운전불이행,건조,맑음,교차로 - 교차로안,승용,여,35세,상해없음,자전거,남,30세,경상
2013081700100199,2013년 8월 17일 10시,토요일,대전광역시 대덕구 중리동,중상사고,0,1,0,0,차대사람 - 차도통행중,안전운전불이행,건조,맑음,단일로 - 기타,승용,여,46세,상해없음,보행자,남,12세,중상
2013081700100293,2013년 8월 17일 13시,토요일,대전광역시 동구 원동,경상사고,0,0,1,0,차량단독 - 기타,기타,건조,맑음,단일로 - 기타,승합,남,48세,기타불명,,,,
2013081700100496,2013년 8월 17일 19시,토요일,대전광역시 서구 둔산동,중상사고,0,1,0,0,차대차 - 추돌 - 진행중,안전운전불이행,건조,맑음,기타 - 기타,자전거,기타불명,기타불명,기타불명,자전거,여,21세,중상
2013081700100527,2013년 8월 17일 20시,토요일,대전광역시 동구 대동,중상사고,0,1,0,0,차대사람 - 횡단중,안전운전불이행,건조,맑음,단일로 - 횡단보도상,승용,남,56세,상해없음,보행자,여,78세,중상
2013081700100553,2013년 8월 17일 21시,토요일,대전광역시 중구 오류동,경상사고,0,0,3,0,차대차 - 측면직각충돌,안전운전불이행,건조,맑음,교차로 - 교차로안,승용,남,26세,상해없음,승용,남,50세,경상
2013081700100554,2013년 8월 17일 21시,토요일,대전광역시 동구 용전동,중상사고,0,1,0,0,차대차 - 기타,신호위반,건조,맑음,교차로 - 교차로안,승용,여,53세,상해없음,자전거,남,49세,중상
2013081700100609,2013년 8월 17일 23시,토요일,대전광역시 유성구 봉명동,경상사고,0,0,1,0,차대차 - 추돌 - 진행중,안전거리미확보,건조,맑음,단일로 - 기타,승용,남,28세,상해없음,승용,남,49세,경상
2013081800100025,2013년 8월 18일 00시,일요일,대전광역시 중구 문창동,경상사고,0,0,11,0,차대차 - 측면직각충돌,안전운전불이행,건조,맑음,교차로 - 교차로안,승용,남,27세,상해없음,승합,남,50세,경상
2013081800100026,2013년 8월 18일 00시,일요일,대전광역시 유성구 자운동,경상사고,0,0,1,0,차대차 - 측면직각충돌,신호위반,건조,맑음,단일로 - 횡단보도상,승용,기타불명,기타불명,기타불명,자전거,남,22세,경상
2013081800100098,2013년 8월 18일 05시,일요일,대전광역시 서구 변동,경상사고,0,0,2,0,차대차 - 추돌 - 주정차중,안전운전불이행,건조,맑음,교차로 - 교차로부근,승용,남,46세,상해없음,승용,남,59세,경상
2013081800100159,2013년 8월 18일 10시,일요일,대전광역시 대덕구 와동,중상사고,0,1,0,0,차대사람 - 횡단중,안전운전불이행,건조,맑음,교차로 - 교차로안,화물,남,56세,상해없음,보행자,남,86세,중상
2013081800100243,2013년 8월 18일 14시,일요일,대전광역시 중구 유천동,경상사고,0,0,3,0,차대차 - 측면직각충돌,신호위반,건조,맑음,교차로 - 교차로안,승용,남,18세,상해없음,승용,남,47세,경상
2013081800100244,2013년 8월 18일 14시,일요일,대전광역시 유성구 자운동,중상사고,0,2,0,0,차대차 - 기타,신호위반,건조,맑음,교차로 - 교차로안,승용,남,47세,상해없음,승용,남,50세,중상
2013081800100280,2013년 8월 18일 15시,일요일,대전광역시 유성구 원촌동,중상사고,0,1,10,0,차대차 - 기타,중앙선침범,건조,맑음,단일로 - 기타,승용,여,47세,경상,화물,남,49세,중상
2013081800100302,2013년 8월 18일 16시,일요일,대전광역시 동구 용운동,경상사고,0,0,1,0,차대차 - 측면직각충돌,교차로운행방법위반,건조,맑음,교차로 - 교차로안,승용,남,63세,상해없음,승용,남,60세,상해없음
2013081800100352,2013년 8월 18일 18시,일요일,대전광역시 중구 대흥동,경상사고,0,0,1,0,차대차 - 기타,불법유턴,건조,맑음,단일로 - 기타,승용,남,21세,상해없음,승용,남,35세,경상
2013081900100035,2013년 8월 19일 02시,월요일,대전광역시 유성구 봉명동,경상사고,0,0,3,0,차대차 - 추돌 - 주정차중,안전거리미확보,건조,맑음,단일로 - 기타,승용,남,24세,상해없음,승용,남,27세,경상
2013081900100041,2013년 8월 19일 03시,월요일,대전광역시 서구 괴정동,경상사고,0,0,1,0,차대차 - 측면직각충돌,교차로운행방법위반,건조,맑음,교차로 - 교차로부근,승용,남,23세,상해없음,이륜,남,21세,경상
2013081900100139,2013년 8월 19일 08시,월요일,대전광역시 중구 부사동,경상사고,0,0,1,0,차대사람 - 횡단중,신호위반,건조,맑음,단일로 - 기타,승용,여,19세,상해없음,보행자,여,19세,경상
2013081900100177,2013년 8월 19일 09시,월요일,대전광역시 서구 월평동,경상사고,0,0,2,0,차대차 - 측면직각충돌,교차로운행방법위반,건조,맑음,교차로 - 교차로안,특수,남,42세,경상,승용,여,52세,경상
2013081900100298,2013년 8월 19일 13시,월요일,대전광역시 중구 오류동,경상사고,0,0,1,0,차대차 - 측면직각충돌,안전운전불이행,건조,맑음,단일로 - 기타,승용,여,76세,상해없음,승용,남,59세,경상
2013081900100299,2013년 8월 19일 13시,월요일,대전광역시 유성구 원내동,중상사고,0,1,1,0,차대차 - 측면직각충돌,안전거리미확보,건조,맑음,단일로 - 기타,승용,남,24세,상해없음,승용,남,40세,경상
2013081900100343,2013년 8월 19일 14시,월요일,대전광역시 유성구 가정동,중상사고,0,2,0,0,차대차 - 측면직각충돌,신호위반,건조,맑음,교차로 - 교차로안,이륜,남,18세,중상,승용,남,29세,상해없음
2013081900100437,2013년 8월 19일 17시,월요일,대전광역시 중구 중촌동,중상사고,0,1,0,0,차대사람 - 보도통행중,안전운전불이행,건조,맑음,단일로 - 기타,승용,여,43세,상해없음,보행자,남,55세,중상
2013081900100438,2013년 8월 19일 17시,월요일,대전광역시 동구 용운동,중상사고,0,1,0,0,차대사람 - 횡단중,보행자보호의무위반,건조,맑음,단일로 - 횡단보도상,승용,남,39세,상해없음,보행자,여,64세,중상
2013081900100439,2013년 8월 19일 17시,월요일,대전광역시 서구 도마동,중상사고,0,1,0,0,차대사람 - 횡단중,안전운전불이행,건조,맑음,교차로 - 교차로부근,승용,남,65세,상해없음,보행자,여,11세,중상
2013081900100486,2013년 8월 19일 18시,월요일,대전광역시 서구 탄방동,경상사고,0,0,2,0,차대차 - 기타,안전운전불이행,건조,맑음,단일로 - 기타,승용,여,49세,상해없음,승용,여,57세,경상
2013081900100528,2013년 8월 19일 19시,월요일,대전광역시 중구 부사동,경상사고,0,0,1,0,차대차 - 추돌 - 진행중,안전거리미확보,건조,맑음,단일로 - 기타,승용,남,56세,상해없음,승용,남,26세,경상
2013081900100529,2013년 8월 19일 19시,월요일,대전광역시 대덕구 신탄진동,중상사고,0,1,1,0,차대차 - 측면직각충돌,차로위반,건조,맑음,미분류 - 미분류,승용,남,30세,상해없음,승용,남,54세,중상
2013081900100651,2013년 8월 19일 23시,월요일,대전광역시 유성구 덕진동,경상사고,0,0,1,0,차대차 - 기타,안전운전불이행,건조,맑음,단일로 - 기타,승용,남,41세,상해없음,승용,남,28세,상해없음
2013082000100063,2013년 8월 20일 06시,화요일,대전광역시 대덕구 신대동,중상사고,0,2,0,0,차대차 - 측면직각충돌,차로위반,건조,맑음,단일로 - 기타,승용,여,60세,상해없음,화물,남,43세,중상
2013082000100096,2013년 8월 20일 07시,화요일,대전광역시 서구 갈마동,중상사고,0,1,0,0,차대차 - 기타,교차로운행방법위반,건조,맑음,교차로 - 교차로안,승용,남,24세,상해없음,원동기,여,46세,중상
2013082000100127,2013년 8월 20일 08시,화요일,대전광역시 중구 산성동,경상사고,0,0,1,0,차대차 - 추돌 - 주정차중,안전운전불이행,건조,맑음,단일로 - 기타,승합,남,42세,상해없음,화물,남,60세,경상
2013082000100128,2013년 8월 20일 08시,화요일,대전광역시 동구 낭월동,경상사고,0,0,1,0,차대차 - 기타,안전운전불이행,건조,맑음,기타 - 기타,승용,남,60세,상해없음,승용,남,24세,경상
2013082000100129,2013년 8월 20일 08시,화요일,대전광역시 동구 삼성동,경상사고,0,0,1,0,차대사람 - 길가장자리구역통행중,안전운전불이행,건조,맑음,단일로 - 기타,승용,기타불명,기타불명,기타불명,보행자,여,13세,경상
2013082000100130,2013년 8월 20일 08시,화요일,대전광역시 서구 갈마동,경상사고,0,0,1,0,차대사람 - 기타,안전운전불이행,건조,맑음,단일로 - 기타,기타불명,기타불명,기타불명,기타불명,보행자,여,13세,경상
2013082000100187,2013년 8월 20일 10시,화요일,대전광역시 동구 정동,경상사고,0,0,1,0,차대차 - 기타,기타,건조,맑음,단일로 - 기타,승용,남,40세,상해없음,자전거,남,52세,경상
2013082000100320,2013년 8월 20일 14시,화요일,대전광역시 유성구 덕명동,중상사고,0,4,5,0,차대차 - 기타,신호위반,건조,맑음,교차로 - 교차로안,승용,남,54세,상해없음,승용,여,47세,경상
2013082000100390,2013년 8월 20일 16시,화요일,대전광역시 동구 가양동,경상사고,0,0,2,0,차대차 - 측면직각충돌,중앙선침범,건조,맑음,단일로 - 기타,승용,남,24세,상해없음,승용,남,46세,경상
2013082000100391,2013년 8월 20일 16시,화요일,대전광역시 서구 월평동,경상사고,0,0,2,0,차대사람 - 기타,중앙선침범,건조,맑음,기타 - 기타,승용,남,58세,상해없음,보행자,여,2세,경상
2013082000100428,2013년 8월 20일 17시,화요일,대전광역시 동구 가오동,경상사고,0,0,1,0,차대차 - 기타,안전운전불이행,건조,맑음,단일로 - 기타,승합,남,70세,상해없음,승용,여,36세,경상
2013082000100429,2013년 8월 20일 17시,화요일,대전광역시 동구 가양동,경상사고,0,0,1,0,차대차 - 기타,안전운전불이행,건조,맑음,단일로 - 기타,승용,여,45세,상해없음,원동기,여,54세,경상
2013082000100474,2013년 8월 20일 18시,화요일,대전광역시 동구 중동,경상사고,0,0,4,0,차대차 - 추돌 - 주정차중,안전운전불이행,건조,맑음,교차로 - 교차로부근,승용,남,52세,상해없음,승용,여,29세,경상
2013082000100475,2013년 8월 20일 18시,화요일,대전광역시 서구 갈마동,경상사고,0,0,1,0,차대사람 - 길가장자리구역통행중,안전운전불이행,건조,맑음,단일로 - 기타,승용,남,50세,상해없음,보행자,남,25세,경상
2013082000100476,2013년 8월 20일 18시,화요일,대전광역시 서구 만년동,경상사고,0,0,4,0,차대차 - 측면직각충돌,안전운전불이행,건조,맑음,교차로 - 교차로부근,승용,여,32세,상해없음,승용,여,40세,경상
2013082000100607,2013년 8월 20일 22시,화요일,대전광역시 중구 태평동,경상사고,0,0,2,0,차대차 - 추돌 - 진행중,안전운전불이행,건조,맑음,단일로 - 기타,승용,남,36세,상해없음,승용,남,26세,경상
2013082000100608,2013년 8월 20일 22시,화요일,대전광역시 동구 가양동,경상사고,0,0,2,0,차대차 - 기타,안전거리미확보,건조,맑음,단일로 - 기타,승용,남,24세,상해없음,승용,남,40세,경상
2013082000100638,2013년 8월 20일 23시,화요일,대전광역시 유성구 봉명동,중상사고,0,1,0,0,차대사람 - 횡단중,안전운전불이행,건조,맑음,단일로 - 기타,승용,남,25세,상해없음,보행자,남,58세,중상
2013082100100060,2013년 8월 21일 03시,수요일,대전광역시 대덕구 신일동,사망사고,2,1,0,0,차대차 - 측면직각충돌,안전운전불이행,건조,맑음,단일로 - 기타,승용,남,27세,중상,화물,남,36세,기타불명
2013082100100088,2013년 8월 21일 06시,수요일,대전광역시 서구 갈마동,경상사고,0,0,1,0,차대차 - 추돌 - 주정차중,안전운전불이행,건조,맑음,단일로 - 기타,승용,남,35세,상해없음,승용,남,34세,경상
2013082100100120,2013년 8월 21일 07시,수요일,대전광역시 동구 원동,중상사고,0,1,0,0,차대사람 - 기타,안전운전불이행,건조,맑음,단일로 - 기타,승합,남,45세,상해없음,보행자,여,58세,중상
2013082100100156,2013년 8월 21일 08시,수요일,대전광역시 동구 홍도동,경상사고,0,0,2,5,차대차 - 기타,교차로운행방법위반,건조,맑음,교차로 - 교차로안,승합,남,58세,상해없음,승용,여,41세,경상
2013082100100157,2013년 8월 21일 08시,수요일,대전광역시 유성구 덕명동,경상사고,0,0,2,0,차대차 - 추돌 - 주정차중,안전운전불이행,건조,맑음,단일로 - 횡단보도부근,승용,여,45세,경상,승용,여,36세,경상
2013082100100187,2013년 8월 21일 09시,수요일,대전광역시 서구 정림동,경상사고,0,0,1,0,차량단독 - 기타,안전운전불이행,건조,맑음,단일로 - 기타,승합,남,34세,상해없음,,,,
2013082100100249,2013년 8월 21일 11시,수요일,대전광역시 대덕구 읍내동,경상사고,0,0,1,0,차대차 - 추돌 - 주정차중,안전운전불이행,건조,맑음,교차로 - 교차로부근,승용,남,52세,상해없음,승용,여,51세,경상
2013082100100277,2013년 8월 21일 12시,수요일,대전광역시 중구 유천동,경상사고,0,0,1,0,차대차 - 기타,안전운전불이행,건조,맑음,교차로 - 교차로부근,승용,남,51세,상해없음,자전거,남,79세,경상
2013082100100307,2013년 8월 21일 13시,수요일,대전광역시 동구 정동,경상사고,0,0,3,0,차대차 - 측면직각충돌,기타,건조,맑음,단일로 - 기타,승용,남,55세,상해없음,승용,여,32세,경상
2013082100100347,2013년 8월 21일 14시,수요일,대전광역시 중구 석교동,중상사고,0,1,0,0,차대사람 - 기타,안전운전불이행,건조,맑음,단일로 - 기타,화물,남,47세,상해없음,보행자,남,69세,중상
2013082100100409,2013년 8월 21일 16시,수요일,대전광역시 서구 월평동,경상사고,0,0,5,0,차대차 - 측면직각충돌,안전운전불이행,건조,맑음,단일로 - 기타,승용,여,35세,상해없음,승합,남,52세,경상
2013082100100506,2013년 8월 21일 19시,수요일,대전광역시 서구 월평동,경상사고,0,0,1,0,차대차 - 기타,안전운전불이행,건조,맑음,기타 - 기타,화물,남,26세,상해없음,자전거,여,48세,경상
2013082100100507,2013년 8월 21일 19시,수요일,대전광역시 유성구 장대동,경상사고,0,0,1,0,차대사람 - 기타,안전운전불이행,건조,맑음,교차로 - 교차로안,승용,여,30세,상해없음,보행자,여,64세,경상
2013082100100563,2013년 8월 21일 21시,수요일,대전광역시 중구 대사동,경상사고,0,0,1,0,차대차 - 측면직각충돌,신호위반,건조,맑음,교차로 - 교차로안,승용,남,32세,상해없음,승용,여,42세,경상
2013082100100616,2013년 8월 21일 23시,수요일,대전광역시 중구 산성동,경상사고,0,0,1,0,차대차 - 측면직각충돌,안전운전불이행,건조,맑음,단일로 - 기타,승용,여,47세,상해없음,자전거,남,52세,경상
2013082200100021,2013년 8월 22일 00시,목요일,대전광역시 서구 갈마동,경상사고,0,0,4,0,차대차 - 측면직각충돌,신호위반,건조,맑음,교차로 - 교차로안,승용,남,22세,상해없음,승용,남,55세,경상
2013082200100052,2013년 8월 22일 03시,목요일,대전광역시 서구 월평동,경상사고,0,0,3,0,차대차 - 추돌 - 주정차중,안전운전불이행,건조,맑음,교차로 - 교차로안,승용,남,22세,상해없음,승용,남,40세,상해없음
2013082200100061,2013년 8월 22일 04시,목요일,대전광역시 서구 둔산동,중상사고,0,1,0,0,차대차 - 기타,신호위반,건조,맑음,교차로 - 교차로안,승용,남,32세,상해없음,화물,남,71세,중상
2013082200100062,2013년 8월 22일 04시,목요일,대전광역시 유성구 방동,중상사고,0,1,0,0,차대차 - 기타,안전운전불이행,건조,맑음,단일로 - 기타,승용,남,51세,상해없음,화물,남,45세,중상
2013082200100084,2013년 8월 22일 06시,목요일,대전광역시 서구 내동,경상사고,0,0,1,0,차대차 - 기타,교차로운행방법위반,건조,맑음,교차로 - 교차로안,승합,남,48세,상해없음,승용,여,38세,경상
2013082200100101,2013년 8월 22일 07시,목요일,대전광역시 동구 용전동,중상사고,0,1,0,0,차대사람 - 횡단중,보행자보호의무위반,건조,맑음,단일로 - 횡단보도상,승용,남,51세,상해없음,보행자,여,21세,중상
2013082200100138,2013년 8월 22일 08시,목요일,대전광역시 동구 원동,중상사고,0,1,0,0,차대사람 - 횡단중,안전운전불이행,건조,맑음,교차로 - 교차로안,승용,남,35세,상해없음,보행자,여,60세,중상
2013082200100223,2013년 8월 22일 11시,목요일,대전광역시 동구 용전동,경상사고,0,0,1,0,차대차 - 추돌 - 진행중,안전운전불이행,건조,맑음,교차로 - 교차로안,승합,남,51세,상해없음,승용,남,44세,경상
2013082200100224,2013년 8월 22일 11시,목요일,대전광역시 서구 관저동,경상사고,0,0,2,1,차대사람 - 기타,기타,건조,맑음,단일로 - 기타,승용,남,63세,상해없음,보행자,여,74세,경상
2013082200100225,2013년 8월 22일 11시,목요일,대전광역시 서구 둔산동,경상사고,0,0,1,0,차대차 - 기타,안전운전불이행,건조,맑음,교차로 - 교차로부근,승용,남,50세,상해없음,자전거,여,49세,경상
2013082200100315,2013년 8월 22일 14시,목요일,대전광역시 중구 문화동,중상사고,0,1,0,0,차량단독 - 공작물충돌,안전운전불이행,건조,맑음,단일로 - 기타,승합,남,54세,상해없음,,,,
2013082200100369,2013년 8월 22일 16시,목요일,대전광역시 중구 선화동,경상사고,0,0,1,0,차대차 - 기타,안전운전불이행,건조,맑음,단일로 - 기타,승용,남,52세,상해없음,승용,여,53세,경상
2013082200100444,2013년 8월 22일 18시,목요일,대전광역시 동구 용전동,경상사고,0,0,1,0,차대차 - 측면직각충돌,안전운전불이행,건조,맑음,단일로 - 기타,승용,남,49세,경상,화물,남,41세,상해없음
2013082200100468,2013년 8월 22일 19시,목요일,대전광역시 서구 괴곡동,중상사고,0,2,1,0,차대차 - 추돌 - 진행중,안전운전불이행,습기,비,단일로 - 기타,승용,남,42세,상해없음,화물,남,57세,상해없음
2013082200100519,2013년 8월 22일 20시,목요일,대전광역시 동구 용운동,경상사고,0,0,2,0,차대사람 - 횡단중,신호위반,건조,맑음,교차로 - 교차로안,기타불명,기타불명,기타불명,기타불명,보행자,남,68세,경상
2013082200100520,2013년 8월 22일 20시,목요일,대전광역시 동구 용전동,경상사고,0,0,1,0,차대차 - 측면직각충돌,교차로운행방법위반,건조,맑음,교차로 - 교차로안,승용,남,45세,상해없음,승용,남,68세,경상
2013082200100566,2013년 8월 22일 21시,목요일,대전광역시 중구 오류동,경상사고,0,0,1,0,차대사람 - 횡단중,안전운전불이행,건조,맑음,단일로 - 기타,승용,여,56세,상해없음,보행자,여,76세,경상