사고번호,사고일시,요일,시군구,사고내용,사망자수,중상자수,경상자수,부상신고자수,사고유형,법규위반,노면상태,기상상태,도로형태,가해운전자 차종,가해운전자 성별,가해운전자 연령,가해운전자 상해정도,피해운전자 차종,피해운전자 성별,피해운전자 연령,피해운전자 상해정도
2013082200100596,2013년 8월 22일 22시,목요일,대전광역시 유성구 궁동,경상사고,0,0,1,0,차대차 - 추돌 - 주정차중,안전운전불이행,건조,맑음,교차로 - 교차로안,승용,남,23세,상해없음,승용,남,48세,경상
2013082200100622,2013년 8월 22일 23시,목요일,대전광역시 동구 가양동,경상사고,0,0,7,0,차대차 - 추돌 - 진행중,안전운전불이행,건조,맑음,교차로 - 교차로안,승용,남,36세,상해없음,승용,여,41세,경상
2013082200100623,2013년 8월 22일 23시,목요일,대전광역시 유성구 관평동,중상사고,0,1,0,0,차대차 - 측면직각충돌,신호위반,건조,맑음,교차로 - 교차로안,승용,남,27세,상해없음,승용,남,28세,중상
2013082300100019,2013년 8월 23일 00시,금요일,대전광역시 서구 갈마동,경상사고,0,0,2,0,차대차 - 기타,안전운전불이행,건조,맑음,교차로 - 교차로부근,승용,남,33세,상해없음,승용,여,32세,경상
2013082300100038,2013년 8월 23일 01시,금요일,대전광역시 대덕구 오정동,경상사고,0,0,2,0,차대차 - 추돌 - 주정차중,안전운전불이행,건조,맑음,교차로 - 교차로부근,승용,남,46세,상해없음,승용,여,44세,경상
2013082300100052,2013년 8월 23일 02시,금요일,대전광역시 서구 가장동,경상사고,0,0,1,0,차대차 - 추돌 - 주정차중,안전운전불이행,건조,맑음,교차로 - 교차로부근,승용,남,40세,상해없음,승용,남,38세,경상
2013082300100087,2013년 8월 23일 04시,금요일,대전광역시 대덕구 문평동,중상사고,0,1,0,0,차대차 - 추돌 - 주정차중,안전운전불이행,습기,비,단일로 - 기타,승용,남,29세,중상,특수,남,57세,상해없음
2013082300100110,2013년 8월 23일 05시,금요일,대전광역시 서구 변동,중상사고,0,1,0,0,차대사람 - 기타,안전운전불이행,습기,비,교차로 - 교차로부근,승용,남,55세,상해없음,보행자,남,32세,중상
2013082300100127,2013년 8월 23일 06시,금요일,대전광역시 중구 오류동,중상사고,0,1,0,0,차대차 - 측면직각충돌,신호위반,건조,맑음,교차로 - 교차로안,승용,남,19세,상해없음,승용,남,27세,중상
2013082300100128,2013년 8월 23일 06시,금요일,대전광역시 서구 흑석동,경상사고,0,0,1,0,차대차 - 측면직각충돌,신호위반,건조,맑음,교차로 - 교차로안,승용,여,52세,상해없음,승용,남,37세,경상
2013082300100196,2013년 8월 23일 08시,금요일,대전광역시 중구 문화동,경상사고,0,0,1,0,차대차 - 측면직각충돌,신호위반,건조,맑음,교차로 - 교차로안,승용,여,16세,상해없음,승합,남,34세,경상
2013082300100270,2013년 8월 23일 11시,금요일,대전광역시 동구 용운동,중상사고,0,1,0,0,차대사람 - 횡단중,보행자보호의무위반,건조,맑음,단일로 - 기타,승용,남,77세,상해없음,보행자,여,79세,중상
2013082300100293,2013년 8월 23일 12시,금요일,대전광역시 중구 대사동,경상사고,0,0,1,0,차대차 - 추돌 - 진행중,안전운전불이행,습기,흐림,단일로 - 기타,승용,남,56세,상해없음,승용,남,56세,경상
2013082300100320,2013년 8월 23일 13시,금요일,대전광역시 중구 대사동,경상사고,0,0,2,0,차대차 - 측면직각충돌,안전거리미확보,건조,맑음,교차로 - 교차로안,승용,여,59세,상해없음,승용,여,30세,경상
2013082300100321,2013년 8월 23일 13시,금요일,대전광역시 동구 정동,중상사고,0,1,0,0,차량단독 - 기타,안전운전불이행,건조,맑음,단일로 - 기타,승합,남,43세,상해없음,,,,
2013082300100421,2013년 8월 23일 16시,금요일,대전광역시 유성구 화암동,경상사고,0,0,2,0,차대차 - 측면직각충돌,안전운전불이행,건조,맑음,교차로 - 교차로부근,승용,남,42세,상해없음,승용,남,28세,경상
2013082300100499,2013년 8월 23일 18시,금요일,대전광역시 서구 둔산동,중상사고,0,1,0,0,차대사람 - 기타,안전운전불이행,습기,비,단일로 - 기타,승합,남,47세,상해없음,보행자,여,48세,중상
2013082300100520,2013년 8월 23일 19시,금요일,대전광역시 유성구 관평동,중상사고,0,1,2,0,차대차 - 측면직각충돌,차로위반,건조,맑음,단일로 - 기타,승합,남,54세,중상,승합,남,40세,경상
2013082300100531,2013년 8월 23일 19시,금요일,대전광역시 유성구 신성동,경상사고,0,0,1,0,차대차 - 추돌 - 주정차중,안전운전불이행,건조,맑음,교차로 - 교차로안,승용,남,64세,상해없음,승용,여,28세,경상
2013082300100532,2013년 8월 23일 19시,금요일,대전광역시 유성구 봉명동,중상사고,0,2,1,0,차대차 - 측면직각충돌,신호위반,습기,비,교차로 - 교차로안,승합,남,39세,상해없음,승용,남,52세,중상
2013082300100573,2013년 8월 23일 20시,금요일,대전광역시 동구 삼성동,중상사고,0,1,0,0,차대사람 - 횡단중,안전운전불이행,습기,비,단일로 - 기타,승용,남,71세,상해없음,보행자,남,63세,중상
2013082300100574,2013년 8월 23일 20시,금요일,대전광역시 서구 관저동,경상사고,0,0,1,0,차대차 - 측면직각충돌,불법유턴,습기,비,단일로 - 기타,승용,여,24세,상해없음,이륜,남,37세,경상
2013082300100575,2013년 8월 23일 20시,금요일,대전광역시 서구 괴정동,경상사고,0,0,1,0,차대차 - 측면직각충돌,안전운전불이행,습기,비,단일로 - 기타,승용,여,23세,상해없음,이륜,남,34세,경상
2013082300100607,2013년 8월 23일 21시,금요일,대전광역시 중구 선화동,경상사고,0,0,1,0,차대차 - 기타,신호위반,건조,맑음,교차로 - 교차로안,승용,남,52세,상해없음,승용,남,56세,경상
2013082300100608,2013년 8월 23일 21시,금요일,대전광역시 동구 대동,경상사고,0,0,1,0,차대차 - 정면충돌,신호위반,건조,흐림,교차로 - 교차로안,원동기,남,20세,상해없음,승용,남,21세,경상
2013082300100642,2013년 8월 23일 22시,금요일,대전광역시 동구 용운동,경상사고,0,0,1,0,차대차 - 측면직각충돌,중앙선침범,습기,비,교차로 - 교차로부근,승용,남,29세,상해없음,화물,남,52세,경상
2013082300100643,2013년 8월 23일 22시,금요일,대전광역시 서구 내동,경상사고,0,0,4,0,차대차 - 추돌 - 진행중,안전거리미확보,습기,비,단일로 - 기타,화물,남,52세,경상,승용,남,28세,경상
2013082300100644,2013년 8월 23일 22시,금요일,대전광역시 대덕구 와동,중상사고,0,1,0,0,차대사람 - 횡단중,안전운전불이행,습기,비,단일로 - 기타,승용,남,47세,상해없음,보행자,남,47세,중상
2013082400100305,2013년 8월 24일 11시,토요일,대전광역시 서구 월평동,경상사고,0,0,7,0,차대차 - 측면직각충돌,신호위반,건조,맑음,교차로 - 교차로안,승합,남,47세,상해없음,승용,남,55세,경상
2013082400100451,2013년 8월 24일 15시,토요일,대전광역시 대덕구 읍내동,경상사고,0,0,1,0,차대차 - 정면충돌,안전운전불이행,건조,맑음,단일로 - 기타,승용,남,30세,상해없음,승용,남,57세,경상
2013082400100484,2013년 8월 24일 16시,토요일,대전광역시 동구 가양동,중상사고,0,1,0,0,차량단독 - 기타,안전운전불이행,건조,맑음,단일로 - 기타,승합,남,40세,상해없음,,,,
2013082400100485,2013년 8월 24일 16시,토요일,대전광역시 서구 갈마동,경상사고,0,0,1,0,차대차 - 추돌 - 주정차중,안전운전불이행,건조,맑음,단일로 - 기타,승용,여,50세,상해없음,승용,남,55세,경상
2013082400100519,2013년 8월 24일 17시,토요일,대전광역시 동구 정동,중상사고,0,1,0,0,차대사람 - 기타,안전운전불이행,건조,맑음,단일로 - 기타,기타불명,기타불명,기타불명,기타불명,보행자,여,21세,중상
2013082400100619,2013년 8월 24일 19시,토요일,대전광역시 대덕구 대화동,중상사고,0,1,0,0,차대사람 - 기타,안전운전불이행,건조,맑음,단일로 - 기타,승용,여,53세,상해없음,보행자,여,6세,중상
2013082400100657,2013년 8월 24일 20시,토요일,대전광역시 중구 옥계동,경상사고,0,0,1,0,차대차 - 측면직각충돌,신호위반,건조,맑음,교차로 - 교차로안,승용,여,50세,상해없음,승용,남,27세,경상
2013082400100658,2013년 8월 24일 20시,토요일,대전광역시 서구 정림동,중상사고,0,1,0,0,차대차 - 기타,안전운전불이행,건조,맑음,단일로 - 기타,승용,여,59세,상해없음,이륜,남,27세,중상
2013082400100659,2013년 8월 24일 20시,토요일,대전광역시 서구 둔산동,경상사고,0,0,2,0,차대차 - 기타,안전운전불이행,건조,맑음,단일로 - 기타,승합,남,59세,상해없음,승용,남,46세,경상
2013082500100068,2013년 8월 25일 03시,일요일,대전광역시 동구 용전동,경상사고,0,0,1,0,차대차 - 측면직각충돌,안전운전불이행,건조,맑음,단일로 - 기타,승용,남,28세,상해없음,승용,남,52세,경상
2013082500100069,2013년 8월 25일 03시,일요일,대전광역시 대덕구 법동,중상사고,0,1,0,0,차량단독 - 전도전복,안전운전불이행,건조,맑음,단일로 - 기타,원동기,남,27세,중상,,,,
2013082500100151,2013년 8월 25일 09시,일요일,대전광역시 동구 원동,중상사고,0,1,0,0,차대차 - 측면직각충돌,안전운전불이행,건조,맑음,단일로 - 기타,승용,여,57세,상해없음,이륜,남,72세,중상
2013082500100152,2013년 8월 25일 09시,일요일,대전광역시 유성구 방동,경상사고,0,0,1,0,차대사람 - 기타,안전운전불이행,건조,맑음,단일로 - 기타,승용,여,29세,상해없음,보행자,남,58세,경상
2013082500100262,2013년 8월 25일 13시,일요일,대전광역시 유성구 장대동,중상사고,0,1,0,0,차대차 - 측면직각충돌,안전운전불이행,건조,맑음,교차로 - 교차로안,원동기,남,81세,상해없음,승용,남,36세,상해없음
2013082500100318,2013년 8월 25일 15시,일요일,대전광역시 중구 문화동,경상사고,0,0,1,0,차대차 - 측면직각충돌,안전거리미확보,건조,맑음,단일로 - 기타,승용,남,25세,상해없음,원동기,남,18세,경상
2013082500100395,2013년 8월 25일 17시,일요일,대전광역시 유성구 구암동,경상사고,0,0,2,0,차대차 - 측면직각충돌,안전거리미확보,건조,맑음,단일로 - 기타,화물,남,35세,상해없음,승용,남,32세,경상
2013082500100437,2013년 8월 25일 19시,일요일,대전광역시 유성구 어은동,경상사고,0,0,1,0,차대사람 - 기타,안전운전불이행,건조,맑음,기타 - 기타,원동기,남,53세,상해없음,보행자,남,69세,경상
2013082500100468,2013년 8월 25일 20시,일요일,대전광역시 대덕구 석봉동,경상사고,0,0,1,0,차대사람 - 차도통행중,안전운전불이행,건조,맑음,교차로 - 교차로부근,승용,남,18세,상해없음,보행자,여,52세,경상
2013082500100469,2013년 8월 25일 20시,일요일,대전광역시 유성구 봉산동,경상사고,0,0,2,0,차대차 - 추돌 - 주정차중,안전운전불이행,건조,맑음,단일로 - 교량,승용,남,28세,상해없음,승용,남,29세,경상
2013082500100515,2013년 8월 25일 22시,일요일,대전광역시 대덕구 중리동,경상사고,0,0,2,0,차대차 - 추돌 - 주정차중,안전운전불이행,건조,맑음,단일로 - 기타,승용,남,50세,기타불명,승용,남,60세,경상
2013082600100015,2013년 8월 26일 01시,월요일,대전광역시 유성구 궁동,경상사고,0,0,1,0,차대사람 - 기타,안전운전불이행,건조,맑음,단일로 - 기타,승용,남,45세,상해없음,보행자,남,25세,경상
2013082600100027,2013년 8월 26일 03시,월요일,대전광역시 서구 가장동,중상사고,0,1,0,0,차대차 - 측면직각충돌,신호위반,건조,맑음,교차로 - 교차로안,승용,남,36세,상해없음,승용,남,51세,중상
2013082600100131,2013년 8월 26일 08시,월요일,대전광역시 중구 산성동,중상사고,0,1,4,0,차대차 - 추돌 - 진행중,안전운전불이행,건조,맑음,교차로 - 교차로부근,승용,남,61세,중상,승용,여,34세,경상
2013082600100132,2013년 8월 26일 08시,월요일,대전광역시 서구 월평동,경상사고,0,0,1,0,차대차 - 측면직각충돌,안전운전불이행,건조,맑음,교차로 - 교차로부근,승용,여,44세,상해없음,승용,여,58세,경상
2013082600100185,2013년 8월 26일 10시,월요일,대전광역시 동구 삼성동,경상사고,0,0,1,0,차대차 - 측면직각충돌,안전운전불이행,건조,맑음,단일로 - 횡단보도상,승용,남,59세,상해없음,승용,여,65세,경상
2013082600100217,2013년 8월 26일 11시,월요일,대전광역시 동구 원동,경상사고,0,0,1,0,차량단독 - 기타,안전운전불이행,건조,맑음,단일로 - 기타,승합,남,50세,상해없음,,,,
2013082600100386,2013년 8월 26일 16시,월요일,대전광역시 유성구 장대동,중상사고,0,1,1,0,차대차 - 측면직각충돌,안전운전불이행,건조,맑음,교차로 - 교차로부근,승용,여,39세,경상,이륜,남,73세,중상
2013082600100435,2013년 8월 26일 17시,월요일,대전광역시 서구 둔산동,경상사고,0,0,2,0,차대차 - 기타,안전운전불이행,건조,맑음,단일로 - 기타,승용,여,31세,기타불명,승용,여,55세,경상
2013082600100436,2013년 8월 26일 17시,월요일,대전광역시 서구 탄방동,경상사고,0,0,2,0,차대차 - 기타,안전운전불이행,건조,맑음,교차로 - 교차로부근,승용,남,69세,상해없음,승용,여,32세,경상
2013082600100558,2013년 8월 26일 20시,월요일,대전광역시 중구 용두동,중상사고,0,1,0,0,차대사람 - 횡단중,신호위반,건조,맑음,단일로 - 횡단보도상,승용,여,26세,상해없음,보행자,남,13세,중상
2013082600100559,2013년 8월 26일 20시,월요일,대전광역시 동구 성남동,경상사고,0,0,1,0,차대사람 - 길가장자리구역통행중,안전운전불이행,건조,맑음,단일로 - 기타,화물,남,31세,상해없음,보행자,남,26세,경상
2013082600100613,2013년 8월 26일 22시,월요일,대전광역시 대덕구 대화동,경상사고,0,0,2,0,차대차 - 추돌 - 주정차중,안전운전불이행,건조,맑음,단일로 - 기타,화물,남,64세,상해없음,승용,남,41세,경상
2013082600100626,2013년 8월 26일 23시,월요일,대전광역시 서구 도마동,경상사고,0,0,1,0,차대차 - 추돌 - 진행중,안전운전불이행,건조,맑음,단일로 - 기타,승용,남,44세,상해없음,승용,여,40세,경상
2013082700100017,2013년 8월 27일 00시,화요일,대전광역시 대덕구 중리동,경상사고,0,0,3,0,차대차 - 추돌 - 진행중,안전운전불이행,건조,맑음,단일로 - 기타,승용,남,57세,상해없음,승용,남,22세,경상
2013082700100150,2013년 8월 27일 08시,화요일,대전광역시 서구 둔산동,경상사고,0,0,3,0,차대차 - 측면직각충돌,안전거리미확보,건조,맑음,단일로 - 기타,승용,남,60세,경상,승용,남,38세,경상
2013082700100175,2013년 8월 27일 09시,화요일,대전광역시 중구 은행동,경상사고,0,0,1,0,차대사람 - 기타,안전운전불이행,건조,맑음,단일로 - 기타,화물,남,43세,상해없음,보행자,여,72세,경상
2013082700100204,2013년 8월 27일 10시,화요일,대전광역시 중구 선화동,경상사고,0,0,1,0,차대차 - 추돌 - 주정차중,안전운전불이행,건조,맑음,단일로 - 기타,승용,남,44세,상해없음,승용,남,35세,경상
2013082700100251,2013년 8월 27일 12시,화요일,대전광역시 중구 산성동,중상사고,0,1,2,0,차대차 - 정면충돌,신호위반,건조,맑음,교차로 - 교차로안,승용,여,52세,상해없음,승용,남,34세,경상
2013082700100274,2013년 8월 27일 13시,화요일,대전광역시 중구 대사동,경상사고,0,0,1,0,차대차 - 기타,신호위반,건조,맑음,교차로 - 교차로부근,승용,여,40세,상해없음,이륜,남,28세,경상
2013082700100275,2013년 8월 27일 13시,화요일,대전광역시 중구 오류동,경상사고,0,0,2,0,차대차 - 기타,불법유턴,건조,맑음,단일로 - 기타,승용,남,31세,상해없음,승용,남,23세,경상
2013082700100276,2013년 8월 27일 13시,화요일,대전광역시 서구 만년동,경상사고,0,0,1,0,차대차 - 기타,안전운전불이행,건조,맑음,단일로 - 기타,승용,여,35세,상해없음,승용,남,55세,경상
2013082700100318,2013년 8월 27일 15시,화요일,대전광역시 서구 가수원동,경상사고,0,0,1,0,차대차 - 측면직각충돌,안전운전불이행,건조,맑음,단일로 - 횡단보도부근,승용,남,74세,상해없음,승용,남,28세,경상
2013082700100457,2013년 8월 27일 19시,화요일,대전광역시 중구 중촌동,경상사고,0,0,2,0,차대차 - 추돌 - 진행중,안전운전불이행,건조,맑음,단일로 - 기타,승용,남,36세,상해없음,승용,여,69세,경상
2013082700100487,2013년 8월 27일 20시,화요일,대전광역시 중구 안영동,중상사고,0,2,0,0,차대차 - 측면직각충돌,신호위반,건조,맑음,교차로 - 교차로안,승용,남,35세,상해없음,승용,남,51세,중상
2013082700100488,2013년 8월 27일 20시,화요일,대전광역시 중구 산성동,경상사고,0,0,1,0,차대사람 - 기타,안전운전불이행,건조,맑음,단일로 - 기타,승용,여,40세,상해없음,보행자,남,56세,경상
2013082700100532,2013년 8월 27일 22시,화요일,대전광역시 동구 판암동,경상사고,0,0,1,0,차대차 - 측면직각충돌,안전운전불이행,건조,흐림,교차로 - 교차로부근,승용,남,35세,상해없음,승합,남,55세,경상
2013082800100091,2013년 8월 28일 07시,수요일,대전광역시 서구 갈마동,경상사고,0,0,1,0,차대차 - 기타,안전운전불이행,건조,맑음,단일로 - 기타,이륜,남,20세,상해없음,승용,남,57세,경상
2013082800100131,2013년 8월 28일 08시,수요일,대전광역시 유성구 원내동,경상사고,0,0,1,0,차대차 - 기타,안전운전불이행,건조,맑음,단일로 - 기타,승용,남,48세,상해없음,승용,여,34세,경상
2013082800100132,2013년 8월 28일 08시,수요일,대전광역시 유성구 봉명동,경상사고,0,0,1,0,차대차 - 측면직각충돌,안전운전불이행,건조,맑음,교차로 - 교차로안,승용,기타불명,기타불명,기타불명,승용,여,29세,경상
2013082800100273,2013년 8월 28일 13시,수요일,대전광역시 동구 인동,경상사고,0,0,1,0,차대차 - 측면직각충돌,신호위반,건조,맑음,교차로 - 교차로안,승용,남,53세,상해없음,원동기,남,65세,경상
2013082800100274,2013년 8월 28일 13시,수요일,대전광역시 유성구 장대동,중상사고,0,1,0,0,차대차 - 정면충돌,신호위반,건조,맑음,교차로 - 교차로안,승용,여,49세,상해없음,승용,남,53세,중상
2013082800100308,2013년 8월 28일 14시,수요일,대전광역시 서구 내동,경상사고,0,0,1,0,차대차 - 측면직각충돌,안전운전불이행,건조,맑음,단일로 - 기타,승용,남,55세,상해없음,화물,남,43세,경상
2013082800100309,2013년 8월 28일 14시,수요일,대전광역시 대덕구 오정동,중상사고,0,1,0,0,차대차 - 측면직각충돌,안전운전불이행,건조,맑음,교차로 - 교차로안,승용,여,35세,상해없음,자전거,남,8세,중상
2013082800100337,2013년 8월 28일 15시,수요일,대전광역시 중구 부사동,중상사고,0,1,0,0,차대사람 - 횡단중,보행자보호의무위반,건조,맑음,단일로 - 횡단보도상,승용,남,31세,상해없음,보행자,남,54세,중상
2013082800100445,2013년 8월 28일 18시,수요일,대전광역시 서구 둔산동,경상사고,0,0,1,0,차대차 - 기타,안전거리미확보,건조,맑음,단일로 - 기타,화물,남,37세,상해없음,승용,남,59세,경상
2013082800100446,2013년 8월 28일 18시,수요일,대전광역시 유성구 어은동,경상사고,0,0,1,0,차대사람 - 기타,안전운전불이행,건조,맑음,단일로 - 기타,승용,여,42세,상해없음,보행자,남,6세,경상
2013082800100530,2013년 8월 28일 20시,수요일,대전광역시 동구 자양동,경상사고,0,0,2,0,차대차 - 측면직각충돌,중앙선침범,건조,맑음,단일로 - 기타,승용,남,57세,상해없음,이륜,남,26세,경상
2013082800100561,2013년 8월 28일 21시,수요일,대전광역시 서구 관저동,중상사고,0,1,0,0,차대차 - 추돌 - 주정차중,안전운전불이행,건조,맑음,단일로 - 기타,승용,남,57세,상해없음,승용,여,34세,중상
2013082800100590,2013년 8월 28일 22시,수요일,대전광역시 대덕구 중리동,중상사고,0,1,0,0,차대차 - 추돌 - 주정차중,안전운전불이행,건조,맑음,교차로 - 교차로안,승용,남,28세,상해없음,승용,여,28세,중상
2013082800100591,2013년 8월 28일 22시,수요일,대전광역시 유성구 구암동,경상사고,0,0,2,0,차대차 - 기타,안전운전불이행,건조,맑음,교차로 - 교차로부근,승용,남,53세,상해없음,승합,남,42세,경상
2013082800100612,2013년 8월 28일 23시,수요일,대전광역시 유성구 구암동,경상사고,0,0,1,0,차대차 - 기타,신호위반,건조,맑음,교차로 - 교차로안,승용,남,29세,상해없음,이륜,남,22세,경상
2013082900100103,2013년 8월 29일 07시,목요일,대전광역시 중구 목동,경상사고,0,0,1,0,차대사람 - 기타,안전운전불이행,건조,맑음,단일로 - 기타,승용,여,50세,상해없음,보행자,여,18세,경상
2013082900100176,2013년 8월 29일 09시,목요일,대전광역시 유성구 전민동,경상사고,0,0,1,0,차대차 - 측면직각충돌,안전운전불이행,습기,비,단일로 - 횡단보도상,승용,남,56세,상해없음,자전거,남,60세,경상
2013082900100177,2013년 8월 29일 09시,목요일,대전광역시 유성구 상대동,중상사고,0,2,1,0,차대차 - 기타,불법유턴,습기,비,단일로 - 기타,승용,남,29세,상해없음,승용,남,69세,중상
2013082900100233,2013년 8월 29일 11시,목요일,대전광역시 동구 성남동,경상사고,0,0,1,0,차대차 - 기타,안전운전불이행,습기,흐림,교차로 - 교차로부근,화물,남,29세,상해없음,원동기,남,46세,경상
2013082900100309,2013년 8월 29일 14시,목요일,대전광역시 동구 삼성동,중상사고,0,1,0,0,차대차 - 추돌 - 진행중,안전거리미확보,습기,비,교차로 - 교차로부근,승용,여,28세,상해없음,승용,여,41세,중상
2013082900100310,2013년 8월 29일 14시,목요일,대전광역시 동구 가양동,경상사고,0,0,1,0,차대사람 - 횡단중,안전운전불이행,습기,비,단일로 - 횡단보도부근,승용,남,43세,상해없음,보행자,남,70세,경상
2013082900100311,2013년 8월 29일 14시,목요일,대전광역시 유성구 송강동,중상사고,0,1,1,0,차대차 - 기타,신호위반,습기,비,교차로 - 교차로안,화물,남,61세,중상,승합,남,43세,경상
2013082900100385,2013년 8월 29일 16시,목요일,대전광역시 서구 탄방동,경상사고,0,0,1,0,차대차 - 기타,안전운전불이행,습기,비,단일로 - 기타,승용,남,58세,상해없음,승용,남,29세,경상
2013082900100419,2013년 8월 29일 17시,목요일,대전광역시 동구 대동,경상사고,0,0,1,0,차대차 - 기타,안전운전불이행,습기,비,단일로 - 기타,승용,남,40세,상해없음,자전거,남,52세,경상
2013082900100420,2013년 8월 29일 17시,목요일,대전광역시 동구 대동,중상사고,0,1,0,0,차대사람 - 기타,안전운전불이행,습기,비,단일로 - 기타,원동기,남,27세,상해없음,보행자,여,81세,중상
2013082900100421,2013년 8월 29일 17시,목요일,대전광역시 서구 둔산동,경상사고,0,0,1,0,차대차 - 기타,안전운전불이행,습기,비,교차로 - 교차로부근,기타불명,기타불명,기타불명,기타불명,이륜,남,28세,경상
2013082900100506,2013년 8월 29일 19시,목요일,대전광역시 서구 월평동,중상사고,0,3,0,0,차대차 - 기타,안전거리미확보,습기,비,단일로 - 기타,승용,남,28세,상해없음,승용,남,53세,중상
2013082900100507,2013년 8월 29일 19시,목요일,대전광역시 서구 둔산동,중상사고,0,1,0,0,차대사람 - 기타,안전운전불이행,습기,비,단일로 - 기타,승용,여,33세,상해없음,보행자,여,77세,중상
2013082900100543,2013년 8월 29일 20시,목요일,대전광역시 중구 선화동,경상사고,0,0,1,0,차대차 - 추돌 - 진행중,안전거리미확보,건조,맑음,단일로 - 기타,승용,남,48세,상해없음,승용,남,58세,경상
2013082900100544,2013년 8월 29일 20시,목요일,대전광역시 동구 원동,경상사고,0,0,1,0,차대사람 - 기타,안전운전불이행,습기,비,교차로 - 교차로부근,승용,남,43세,상해없음,보행자,남,64세,경상
2013082900100585,2013년 8월 29일 21시,목요일,대전광역시 서구 내동,경상사고,0,0,1,0,차대차 - 추돌 - 진행중,안전운전불이행,습기,비,단일로 - 기타,승용,남,27세,상해없음,승용,남,54세,상해없음
2013082900100586,2013년 8월 29일 21시,목요일,대전광역시 유성구 봉명동,경상사고,0,0,2,0,차대차 - 측면직각충돌,안전운전불이행,건조,맑음,교차로 - 교차로안,승용,남,36세,상해없음,승용,여,29세,경상
2013082900100587,2013년 8월 29일 21시,목요일,대전광역시 서구 월평동,경상사고,0,0,2,0,차대차 - 측면직각충돌,안전운전불이행,습기,비,교차로 - 교차로안,승용,기타불명,기타불명,기타불명,승용,남,63세,상해없음
2013082900100624,2013년 8월 29일 22시,목요일,대전광역시 중구 문화동,경상사고,0,0,1,0,차대차 - 정면충돌,신호위반,건조,맑음,교차로 - 교차로안,승용,여,38세,상해없음,승용,남,27세,경상
2013082900100657,2013년 8월 29일 23시,목요일,대전광역시 중구 산성동,경상사고,0,0,3,0,차대차 - 측면직각충돌,신호위반,건조,맑음,교차로 - 교차로안,승용,남,58세,상해없음,승합,남,53세,경상
2013083000100022,2013년 8월 30일 00시,금요일,대전광역시 유성구 노은동,중상사고,0,1,1,0,차대차 - 정면충돌,신호위반,건조,맑음,교차로 - 교차로안,승용,남,48세,상해없음,승용,남,47세,중상
2013083000100058,2013년 8월 30일 03시,금요일,대전광역시 서구 도마동,경상사고,0,0,1,0,차대차 - 추돌 - 주정차중,안전운전불이행,습기,흐림,교차로 - 교차로부근,승용,남,37세,기타불명,승용,여,42세,경상
2013083000100059,2013년 8월 30일 03시,금요일,대전광역시 유성구 궁동,중상사고,0,1,0,0,차량단독 - 기타,안전운전불이행,습기,흐림,단일로 - 기타,승용,남,39세,중상,,,,
2013083000100109,2013년 8월 30일 07시,금요일,대전광역시 서구 둔산동,경상사고,0,0,1,0,차대차 - 기타,신호위반,건조,맑음,교차로 - 교차로안,승용,남,45세,상해없음,화물,남,48세,경상
2013083000100152,2013년 8월 30일 08시,금요일,대전광역시 서구 탄방동,중상사고,0,1,0,0,차대사람 - 보도통행중,보행자보호의무위반,건조,맑음,단일로 - 횡단보도상,승용,남,52세,상해없음,보행자,남,93세,중상
2013083000100236,2013년 8월 30일 11시,금요일,대전광역시 동구 용운동,경상사고,0,0,1,0,차대차 - 기타,안전운전불이행,건조,맑음,교차로 - 교차로부근,화물,남,45세,상해없음,승용,여,48세,경상
2013083000100356,2013년 8월 30일 15시,금요일,대전광역시 동구 가양동,경상사고,0,0,1,0,차대사람 - 횡단중,보행자보호의무위반,건조,맑음,교차로 - 교차로부근,승용,여,30세,상해없음,보행자,여,71세,경상
2013083000100391,2013년 8월 30일 16시,금요일,대전광역시 유성구 화암동,경상사고,0,0,2,0,차대차 - 측면직각충돌,안전운전불이행,건조,맑음,단일로 - 기타,화물,남,57세,상해없음,승용,남,33세,경상
2013083000100518,2013년 8월 30일 19시,금요일,대전광역시 서구 둔산동,경상사고,0,0,2,0,차대차 - 기타,안전거리미확보,건조,맑음,단일로 - 기타,승용,남,29세,경상,승용,남,58세,경상
2013083000100555,2013년 8월 30일 20시,금요일,대전광역시 서구 도마동,경상사고,0,0,2,0,차량단독 - 공작물충돌,안전운전불이행,건조,맑음,단일로 - 기타,승용,남,29세,기타불명,,,,
2013083000100583,2013년 8월 30일 21시,금요일,대전광역시 중구 문화동,경상사고,0,0,5,0,차대차 - 정면충돌,신호위반,건조,맑음,교차로 - 교차로안,승용,여,53세,상해없음,승용,여,34세,경상
2013083000100656,2013년 8월 30일 23시,금요일,대전광역시 동구 용전동,경상사고,0,0,1,0,차대차 - 기타,안전운전불이행,건조,맑음,단일로 - 기타,승용,여,50세,상해없음,승용,남,30세,경상
2013083000100657,2013년 8월 30일 23시,금요일,대전광역시 동구 자양동,경상사고,0,0,1,0,차대차 - 기타,안전운전불이행,건조,맑음,교차로 - 교차로부근,승용,남,47세,상해없음,자전거,여,24세,경상