사고번호,사고일시,요일,시군구,사고내용,사망자수,중상자수,경상자수,부상신고자수,사고유형,법규위반,노면상태,기상상태,도로형태,가해운전자 차종,가해운전자 성별,가해운전자 연령,가해운전자 상해정도,피해운전자 차종,피해운전자 성별,피해운전자 연령,피해운전자 상해정도
2013090800100547,2013년 9월 8일 23시,일요일,대전광역시 유성구 관평동,경상사고,0,0,2,0,차대차 - 기타,안전운전불이행,건조,맑음,기타 - 기타,승용,여,41세,상해없음,승용,남,48세,경상
2013090900100018,2013년 9월 9일 01시,월요일,대전광역시 동구 가양동,경상사고,0,0,1,0,차대차 - 측면직각충돌,교차로운행방법위반,건조,맑음,교차로 - 교차로안,화물,남,58세,상해없음,원동기,남,36세,경상
2013090900100019,2013년 9월 9일 01시,월요일,대전광역시 서구 가장동,중상사고,0,1,0,0,차량단독 - 공작물충돌,안전운전불이행,건조,맑음,단일로 - 기타,승용,남,28세,중상,,,,
2013090900100150,2013년 9월 9일 09시,월요일,대전광역시 중구 선화동,중상사고,0,1,0,0,차대차 - 기타,교차로운행방법위반,건조,맑음,교차로 - 교차로안,승용,남,64세,상해없음,원동기,남,45세,중상
2013090900100151,2013년 9월 9일 09시,월요일,대전광역시 동구 정동,중상사고,0,1,0,0,차대차 - 기타,안전운전불이행,건조,맑음,단일로 - 기타,승용,남,56세,상해없음,이륜,남,30세,중상
2013090900100197,2013년 9월 9일 11시,월요일,대전광역시 동구 원동,경상사고,0,0,1,0,차대차 - 측면직각충돌,신호위반,건조,맑음,교차로 - 교차로부근,승용,남,56세,상해없음,승용,여,53세,경상
2013090900100317,2013년 9월 9일 15시,월요일,대전광역시 유성구 신성동,중상사고,0,1,0,0,차대차 - 추돌 - 진행중,안전거리미확보,건조,맑음,단일로 - 기타,승용,남,52세,상해없음,승용,여,33세,중상
2013090900100362,2013년 9월 9일 16시,월요일,대전광역시 중구 옥계동,경상사고,0,0,2,0,차대사람 - 기타,안전운전불이행,건조,맑음,단일로 - 기타,승용,남,58세,상해없음,보행자,여,62세,경상
2013090900100363,2013년 9월 9일 16시,월요일,대전광역시 서구 월평동,중상사고,0,1,0,0,차대차 - 기타,안전운전불이행,건조,맑음,교차로 - 교차로부근,기타불명,기타불명,기타불명,기타불명,자전거,남,39세,중상
2013090900100364,2013년 9월 9일 16시,월요일,대전광역시 서구 갈마동,경상사고,0,0,2,0,차대차 - 추돌 - 주정차중,안전운전불이행,건조,맑음,단일로 - 기타,승합,남,37세,상해없음,화물,남,43세,경상
2013090900100462,2013년 9월 9일 19시,월요일,대전광역시 대덕구 비래동,중상사고,0,1,0,0,차대사람 - 차도통행중,안전운전불이행,건조,맑음,교차로 - 교차로부근,승용,남,45세,상해없음,보행자,여,59세,중상
2013090900100463,2013년 9월 9일 19시,월요일,대전광역시 서구 만년동,중상사고,0,1,0,0,차대차 - 측면직각충돌,중앙선침범,건조,맑음,교차로 - 교차로부근,승용,남,43세,상해없음,이륜,남,49세,중상
2013090900100464,2013년 9월 9일 19시,월요일,대전광역시 서구 둔산동,경상사고,0,0,1,0,차대차 - 기타,안전운전불이행,건조,맑음,단일로 - 기타,승용,남,52세,상해없음,자전거,남,29세,경상
2013090900100557,2013년 9월 9일 22시,월요일,대전광역시 서구 도마동,중상사고,0,1,0,0,차대사람 - 차도통행중,안전운전불이행,건조,맑음,교차로 - 교차로안,승용,남,65세,상해없음,보행자,남,24세,중상
2013090900100577,2013년 9월 9일 23시,월요일,대전광역시 동구 용전동,경상사고,0,0,2,0,차대차 - 기타,안전운전불이행,건조,맑음,단일로 - 기타,승용,남,48세,상해없음,승용,남,23세,경상
2013091000100050,2013년 9월 10일 02시,화요일,대전광역시 동구 원동,경상사고,0,0,1,0,차대차 - 추돌 - 주정차중,안전거리미확보,건조,맑음,교차로 - 교차로부근,승용,여,33세,상해없음,승용,남,33세,경상
2013091000100073,2013년 9월 10일 05시,화요일,대전광역시 동구 용운동,중상사고,0,1,0,0,차대사람 - 횡단중,신호위반,건조,맑음,단일로 - 횡단보도상,승용,남,42세,상해없음,보행자,여,68세,중상
2013091000100147,2013년 9월 10일 08시,화요일,대전광역시 서구 변동,중상사고,0,1,0,0,차대차 - 측면직각충돌,교차로운행방법위반,건조,맑음,교차로 - 교차로안,승용,여,39세,상해없음,이륜,남,22세,중상
2013091000100177,2013년 9월 10일 09시,화요일,대전광역시 동구 홍도동,경상사고,0,0,1,0,차대차 - 측면직각충돌,직진우회전진행방해,건조,맑음,교차로 - 교차로안,승용,여,37세,상해없음,승용,여,44세,경상
2013091000100178,2013년 9월 10일 09시,화요일,대전광역시 대덕구 신탄진동,경상사고,0,0,1,0,차대차 - 추돌 - 진행중,안전운전불이행,건조,맑음,단일로 - 기타,화물,남,46세,상해없음,승용,여,48세,경상
2013091000100239,2013년 9월 10일 12시,화요일,대전광역시 서구 둔산동,경상사고,0,0,2,0,차대차 - 기타,안전운전불이행,건조,흐림,단일로 - 기타,승용,남,30세,기타불명,승용,남,43세,경상
2013091000100315,2013년 9월 10일 15시,화요일,대전광역시 중구 오류동,경상사고,0,0,1,0,차대차 - 추돌 - 진행중,안전운전불이행,건조,맑음,교차로 - 교차로안,승용,남,40세,상해없음,승용,남,43세,경상
2013091000100316,2013년 9월 10일 15시,화요일,대전광역시 동구 인동,경상사고,0,0,1,0,차대차 - 측면직각충돌,안전운전불이행,건조,맑음,단일로 - 기타,화물,남,57세,상해없음,이륜,남,32세,경상
2013091000100347,2013년 9월 10일 16시,화요일,대전광역시 서구 용문동,경상사고,0,0,1,0,차량단독 - 기타,안전운전불이행,건조,맑음,교차로 - 교차로부근,승합,남,50세,상해없음,,,,
2013091000100348,2013년 9월 10일 16시,화요일,대전광역시 대덕구 신탄진동,경상사고,0,0,1,0,차대사람 - 횡단중,안전운전불이행,건조,맑음,단일로 - 기타,이륜,남,36세,상해없음,보행자,여,9세,경상
2013091000100349,2013년 9월 10일 16시,화요일,대전광역시 서구 둔산동,중상사고,0,1,0,0,차대사람 - 기타,안전운전불이행,건조,맑음,기타 - 기타,승용,여,27세,상해없음,보행자,남,9세,중상
2013091000100490,2013년 9월 10일 19시,화요일,대전광역시 서구 갈마동,경상사고,0,0,2,0,차대차 - 측면직각충돌,직진우회전진행방해,건조,맑음,교차로 - 교차로안,승용,남,57세,상해없음,승용,남,23세,경상
2013091000100523,2013년 9월 10일 20시,화요일,대전광역시 동구 용운동,중상사고,0,1,0,0,차대차 - 측면직각충돌,직진우회전진행방해,습기,비,교차로 - 교차로안,승용,남,51세,상해없음,이륜,남,50세,중상
2013091000100524,2013년 9월 10일 20시,화요일,대전광역시 유성구 노은동,중상사고,0,2,1,0,차대차 - 측면직각충돌,신호위반,습기,비,교차로 - 교차로안,승용,남,35세,상해없음,승용,남,35세,중상
2013091000100525,2013년 9월 10일 20시,화요일,대전광역시 유성구 봉명동,경상사고,0,0,1,0,차대차 - 측면직각충돌,중앙선침범,습기,비,단일로 - 기타,승용,여,59세,상해없음,승용,남,45세,경상
2013091000100577,2013년 9월 10일 21시,화요일,대전광역시 중구 대사동,경상사고,0,0,1,0,차대차 - 추돌 - 주정차중,안전운전불이행,습기,비,단일로 - 기타,승용,남,44세,상해없음,승용,남,47세,경상
2013091000100578,2013년 9월 10일 21시,화요일,대전광역시 서구 내동,경상사고,0,0,1,0,차대차 - 추돌 - 주정차중,안전운전불이행,습기,비,단일로 - 기타,화물,남,45세,상해없음,화물,남,30세,경상
2013091000100579,2013년 9월 10일 21시,화요일,대전광역시 대덕구 법동,경상사고,0,0,1,0,차대차 - 추돌 - 주정차중,안전운전불이행,습기,비,교차로 - 교차로부근,승용,남,62세,상해없음,승용,남,34세,경상
2013091000100627,2013년 9월 10일 22시,화요일,대전광역시 중구 문화동,경상사고,0,0,1,0,차대차 - 기타,안전거리미확보,습기,흐림,단일로 - 기타,승용,남,74세,상해없음,승용,남,42세,경상
2013091000100628,2013년 9월 10일 22시,화요일,대전광역시 동구 용전동,경상사고,0,0,2,0,차대차 - 측면직각충돌,신호위반,습기,비,교차로 - 교차로안,화물,남,59세,상해없음,승용,남,42세,경상
2013091000100662,2013년 9월 10일 23시,화요일,대전광역시 동구 삼성동,중상사고,0,1,2,0,차대차 - 측면직각충돌,신호위반,습기,비,교차로 - 교차로안,승용,여,56세,상해없음,승용,남,37세,중상
2013091100100013,2013년 9월 11일 00시,수요일,대전광역시 동구 자양동,경상사고,0,0,2,0,차대차 - 기타,안전운전불이행,습기,비,교차로 - 교차로부근,승용,남,45세,상해없음,승용,남,31세,경상
2013091100100014,2013년 9월 11일 00시,수요일,대전광역시 서구 둔산동,경상사고,0,0,2,0,차대차 - 추돌 - 주정차중,안전운전불이행,습기,비,단일로 - 기타,승용,남,52세,상해없음,승용,여,57세,경상
2013091100100043,2013년 9월 11일 02시,수요일,대전광역시 대덕구 오정동,중상사고,0,3,0,0,차대차 - 측면직각충돌,신호위반,습기,비,교차로 - 교차로안,승용,남,40세,상해없음,승용,남,21세,중상
2013091100100128,2013년 9월 11일 07시,수요일,대전광역시 대덕구 송촌동,경상사고,0,0,1,0,차대사람 - 기타,안전운전불이행,건조,맑음,단일로 - 기타,승용,여,46세,기타불명,보행자,여,18세,경상
2013091100100164,2013년 9월 11일 08시,수요일,대전광역시 유성구 봉명동,중상사고,0,1,0,0,차량단독 - 기타,안전운전불이행,습기,비,단일로 - 기타,승용,남,54세,상해없음,,,,
2013091100100195,2013년 9월 11일 09시,수요일,대전광역시 서구 가장동,경상사고,0,0,1,0,차대차 - 추돌 - 주정차중,안전운전불이행,습기,맑음,교차로 - 교차로부근,승용,남,50세,상해없음,승용,여,32세,경상
2013091100100291,2013년 9월 11일 13시,수요일,대전광역시 대덕구 신탄진동,경상사고,0,0,1,0,차대사람 - 기타,안전운전불이행,건조,흐림,단일로 - 기타,승용,남,31세,상해없음,보행자,여,45세,경상
2013091100100346,2013년 9월 11일 15시,수요일,대전광역시 유성구 방동,경상사고,0,0,4,0,차대차 - 추돌 - 진행중,안전운전불이행,건조,맑음,단일로 - 기타,승용,남,57세,경상,승용,여,62세,경상
2013091100100442,2013년 9월 11일 18시,수요일,대전광역시 동구 대동,중상사고,0,1,0,0,차대사람 - 횡단중,안전운전불이행,건조,맑음,교차로 - 교차로부근,승용,남,57세,상해없음,보행자,남,66세,중상
2013091100100443,2013년 9월 11일 18시,수요일,대전광역시 대덕구 중리동,경상사고,0,0,2,0,차대차 - 추돌 - 주정차중,안전운전불이행,건조,맑음,교차로 - 교차로부근,승용,남,60세,상해없음,승용,여,45세,경상
2013091100100473,2013년 9월 11일 19시,수요일,대전광역시 동구 대별동,경상사고,0,0,2,0,차대차 - 측면직각충돌,교차로운행방법위반,건조,맑음,교차로 - 교차로안,승합,남,45세,상해없음,승용,남,19세,경상
2013091100100474,2013년 9월 11일 19시,수요일,대전광역시 유성구 상대동,중상사고,0,1,0,0,차대차 - 기타,안전운전불이행,건조,맑음,단일로 - 기타,승용,여,46세,상해없음,이륜,남,22세,중상
2013091100100534,2013년 9월 11일 21시,수요일,대전광역시 중구 태평동,중상사고,0,1,0,0,차대차 - 측면직각충돌,안전거리미확보,건조,흐림,미분류 - 미분류,원동기,남,39세,중상,승용,남,57세,상해없음
2013091100100536,2013년 9월 11일 21시,수요일,대전광역시 서구 월평동,경상사고,0,0,1,0,차대차 - 기타,안전운전불이행,건조,맑음,교차로 - 교차로안,승용,여,61세,상해없음,이륜,남,19세,경상
2013091100100571,2013년 9월 11일 22시,수요일,대전광역시 서구 용문동,경상사고,0,0,1,0,차대사람 - 횡단중,보행자보호의무위반,건조,맑음,단일로 - 기타,승용,기타불명,기타불명,기타불명,보행자,여,55세,경상
2013091100100572,2013년 9월 11일 22시,수요일,대전광역시 유성구 원내동,경상사고,0,0,1,0,차대차 - 측면직각충돌,신호위반,건조,맑음,교차로 - 교차로안,승용,남,56세,상해없음,승용,여,28세,경상
2013091100100573,2013년 9월 11일 22시,수요일,대전광역시 서구 둔산동,경상사고,0,0,1,0,차대차 - 기타,안전거리미확보,건조,맑음,단일로 - 기타,승용,여,25세,상해없음,승용,남,53세,상해없음
2013091200100019,2013년 9월 12일 00시,목요일,대전광역시 동구 원동,중상사고,0,2,0,0,차대차 - 측면직각충돌,안전거리미확보,건조,맑음,교차로 - 교차로부근,승용,남,39세,상해없음,이륜,남,19세,중상
2013091200100066,2013년 9월 12일 05시,목요일,대전광역시 서구 용문동,중상사고,0,2,0,0,차대사람 - 보도통행중,안전운전불이행,건조,맑음,교차로 - 교차로부근,승용,남,46세,상해없음,보행자,여,59세,중상
2013091200100246,2013년 9월 12일 12시,목요일,대전광역시 대덕구 오정동,경상사고,0,0,1,0,차대차 - 측면직각충돌,안전운전불이행,건조,맑음,교차로 - 교차로안,승용,남,45세,상해없음,승용,남,59세,경상
2013091200100267,2013년 9월 12일 13시,목요일,대전광역시 대덕구 오정동,경상사고,0,0,1,0,차대차 - 기타,안전거리미확보,건조,맑음,교차로 - 교차로안,승용,남,50세,상해없음,승합,남,50세,상해없음
2013091200100351,2013년 9월 12일 16시,목요일,대전광역시 동구 홍도동,경상사고,0,0,1,0,차량단독 - 기타,안전운전불이행,건조,맑음,단일로 - 기타,승합,남,56세,상해없음,,,,
2013091200100352,2013년 9월 12일 16시,목요일,대전광역시 서구 도마동,경상사고,0,0,1,0,차대사람 - 횡단중,신호위반,건조,맑음,교차로 - 교차로안,승용,기타불명,기타불명,기타불명,보행자,여,7세,경상
2013091200100382,2013년 9월 12일 17시,목요일,대전광역시 동구 가양동,경상사고,0,0,1,0,차대차 - 추돌 - 주정차중,안전운전불이행,건조,맑음,단일로 - 기타,승용,남,26세,상해없음,승용,남,60세,경상
2013091200100383,2013년 9월 12일 17시,목요일,대전광역시 서구 관저동,경상사고,0,0,1,0,차량단독 - 기타,안전운전불이행,건조,맑음,기타 - 기타,승용,기타불명,기타불명,기타불명,,,,
2013091200100423,2013년 9월 12일 18시,목요일,대전광역시 동구 가양동,경상사고,0,0,1,0,차대차 - 측면직각충돌,안전운전불이행,건조,맑음,단일로 - 기타,승용,남,76세,상해없음,자전거,남,57세,경상
2013091200100480,2013년 9월 12일 19시,목요일,대전광역시 중구 오류동,중상사고,0,1,0,0,차대차 - 측면직각충돌,신호위반,건조,맑음,교차로 - 교차로부근,승용,여,53세,상해없음,원동기,남,47세,중상
2013091200100481,2013년 9월 12일 19시,목요일,대전광역시 동구 가양동,경상사고,0,0,1,0,차대차 - 측면직각충돌,안전운전불이행,건조,맑음,교차로 - 교차로안,승용,남,42세,상해없음,자전거,남,15세,경상
2013091200100509,2013년 9월 12일 20시,목요일,대전광역시 서구 괴정동,부상신고사고,0,0,0,1,차대차 - 측면직각충돌,안전운전불이행,건조,맑음,단일로 - 기타,승용,남,43세,상해없음,승용,남,23세,상해없음
2013091200100593,2013년 9월 12일 23시,목요일,대전광역시 동구 삼괴동,중상사고,0,1,0,0,차량단독 - 전도전복,안전운전불이행,건조,흐림,단일로 - 기타,화물,남,44세,중상,,,,
2013091300100103,2013년 9월 13일 05시,금요일,대전광역시 서구 탄방동,중상사고,0,1,0,0,차대차 - 기타,안전운전불이행,건조,흐림,교차로 - 교차로안,승용,남,34세,상해없음,승용,남,79세,중상
2013091300100137,2013년 9월 13일 07시,금요일,대전광역시 서구 탄방동,경상사고,0,0,2,0,차대차 - 추돌 - 진행중,안전운전불이행,건조,맑음,단일로 - 기타,화물,남,50세,상해없음,화물,남,28세,경상
2013091300100166,2013년 9월 13일 08시,금요일,대전광역시 유성구 반석동,경상사고,0,0,1,0,차대차 - 기타,안전운전불이행,건조,맑음,교차로 - 교차로부근,승용,남,24세,상해없음,승용,남,41세,경상
2013091300100226,2013년 9월 13일 10시,금요일,대전광역시 중구 유천동,중상사고,0,1,0,0,차량단독 - 기타,기타,건조,맑음,교차로 - 교차로안,승합,남,51세,상해없음,,,,
2013091300100227,2013년 9월 13일 10시,금요일,대전광역시 유성구 궁동,중상사고,0,2,0,0,차대사람 - 횡단중,신호위반,건조,맑음,단일로 - 횡단보도상,승용,여,34세,상해없음,보행자,남,17세,중상
2013091300100228,2013년 9월 13일 10시,금요일,대전광역시 서구 갈마동,중상사고,0,1,0,0,차대차 - 기타,안전거리미확보,건조,흐림,교차로 - 교차로안,승용,남,56세,상해없음,승용,남,48세,중상
2013091300100256,2013년 9월 13일 11시,금요일,대전광역시 대덕구 읍내동,경상사고,0,0,1,0,차대차 - 측면직각충돌,교차로운행방법위반,건조,맑음,교차로 - 교차로부근,승용,남,68세,상해없음,승용,남,54세,경상
2013091300100292,2013년 9월 13일 12시,금요일,대전광역시 동구 용전동,중상사고,0,2,0,0,차대차 - 측면직각충돌,신호위반,건조,맑음,교차로 - 교차로안,승용,여,36세,상해없음,원동기,남,70세,중상
2013091300100322,2013년 9월 13일 13시,금요일,대전광역시 서구 탄방동,중상사고,0,1,0,0,차대차 - 기타,안전운전불이행,건조,맑음,단일로 - 기타,승용,남,40세,상해없음,이륜,남,26세,중상
2013091300100383,2013년 9월 13일 15시,금요일,대전광역시 서구 정림동,중상사고,0,1,0,0,차대사람 - 기타,안전운전불이행,건조,흐림,교차로 - 교차로부근,승용,여,58세,상해없음,보행자,남,70세,중상
2013091300100419,2013년 9월 13일 16시,금요일,대전광역시 대덕구 신일동,중상사고,0,1,0,0,차대차 - 측면직각충돌,안전거리미확보,건조,맑음,단일로 - 기타,화물,남,51세,상해없음,승용,남,25세,중상
2013091300100463,2013년 9월 13일 17시,금요일,대전광역시 중구 석교동,중상사고,0,1,0,0,차대차 - 측면직각충돌,안전운전불이행,건조,맑음,단일로 - 기타,승용,여,39세,상해없음,자전거,여,76세,중상
2013091300100555,2013년 9월 13일 19시,금요일,대전광역시 동구 가오동,중상사고,0,1,0,0,차대차 - 측면직각충돌,안전거리미확보,습기,비,단일로 - 기타,승합,남,57세,상해없음,원동기,남,21세,중상
2013091300100556,2013년 9월 13일 19시,금요일,대전광역시 대덕구 중리동,중상사고,0,1,0,0,차대사람 - 횡단중,안전운전불이행,건조,맑음,단일로 - 기타,승용,남,45세,상해없음,보행자,여,71세,중상
2013091300100599,2013년 9월 13일 20시,금요일,대전광역시 중구 사정동,경상사고,0,0,2,0,차대차 - 측면직각충돌,신호위반,건조,맑음,교차로 - 교차로안,화물,남,48세,상해없음,승용,여,25세,경상
2013091300100600,2013년 9월 13일 20시,금요일,대전광역시 중구 안영동,경상사고,0,0,2,0,차대차 - 측면직각충돌,신호위반,습기,비,교차로 - 교차로안,화물,남,22세,상해없음,승용,여,37세,경상
2013091300100601,2013년 9월 13일 20시,금요일,대전광역시 유성구 노은동,경상사고,0,0,1,0,차대차 - 측면직각충돌,안전거리미확보,습기,비,교차로 - 교차로안,승용,기타불명,기타불명,기타불명,승용,여,48세,경상
2013091300100640,2013년 9월 13일 21시,금요일,대전광역시 서구 만년동,경상사고,0,0,1,0,차대사람 - 횡단중,보행자보호의무위반,습기,비,교차로 - 교차로부근,승용,남,34세,상해없음,보행자,여,22세,경상
2013091300100641,2013년 9월 13일 21시,금요일,대전광역시 유성구 지족동,경상사고,0,0,1,0,차대사람 - 기타,안전운전불이행,습기,비,교차로 - 교차로부근,승용,남,41세,상해없음,보행자,남,29세,경상
2013091300100674,2013년 9월 13일 22시,금요일,대전광역시 대덕구 대화동,경상사고,0,0,1,0,차대차 - 측면직각충돌,안전운전불이행,건조,맑음,교차로 - 교차로안,승용,남,53세,상해없음,승용,남,30세,경상
2013091400100059,2013년 9월 14일 01시,토요일,대전광역시 중구 은행동,중상사고,0,1,0,0,차대사람 - 횡단중,안전운전불이행,습기,비,단일로 - 기타,승용,남,49세,상해없음,보행자,남,33세,중상
2013091400100060,2013년 9월 14일 01시,토요일,대전광역시 유성구 구암동,중상사고,0,2,0,0,차대차 - 기타,안전운전불이행,습기,비,교차로 - 교차로안,승용,남,25세,상해없음,승용,남,39세,중상
2013091400100101,2013년 9월 14일 03시,토요일,대전광역시 동구 삼성동,사망사고,1,0,0,0,차대사람 - 횡단중,과속,습기,비,단일로 - 기타,화물,남,43세,상해없음,보행자,남,42세,사망
2013091400100102,2013년 9월 14일 03시,토요일,대전광역시 서구 변동,중상사고,0,1,0,0,차대차 - 측면직각충돌,교차로운행방법위반,습기,비,교차로 - 교차로안,승용,여,27세,상해없음,승용,남,61세,중상
2013091400100103,2013년 9월 14일 03시,토요일,대전광역시 유성구 송강동,경상사고,0,0,1,0,차대차 - 측면직각충돌,안전운전불이행,습기,비,교차로 - 교차로안,승용,남,44세,상해없음,승용,남,48세,경상
2013091400100139,2013년 9월 14일 05시,토요일,대전광역시 중구 선화동,경상사고,0,0,1,0,차대차 - 측면직각충돌,안전운전불이행,습기,비,단일로 - 기타,승용,남,50세,상해없음,승용,남,30세,경상
2013091400100170,2013년 9월 14일 07시,토요일,대전광역시 중구 태평동,경상사고,0,0,2,0,차대차 - 측면직각충돌,중앙선침범,습기,비,단일로 - 기타,승용,남,27세,상해없음,승합,남,55세,경상
2013091400100296,2013년 9월 14일 12시,토요일,대전광역시 대덕구 송촌동,경상사고,0,0,2,0,차대차 - 추돌 - 주정차중,안전운전불이행,습기,비,단일로 - 기타,화물,남,35세,기타불명,승용,남,58세,경상
2013091400100297,2013년 9월 14일 12시,토요일,대전광역시 유성구 봉명동,중상사고,0,1,0,0,차대차 - 기타,안전운전불이행,습기,비,단일로 - 기타,승용,남,45세,상해없음,이륜,남,68세,중상
2013091400100380,2013년 9월 14일 14시,토요일,대전광역시 서구 만년동,경상사고,0,0,1,0,차대사람 - 기타,안전운전불이행,건조,맑음,단일로 - 기타,승용,남,26세,상해없음,보행자,남,28세,경상
2013091400100460,2013년 9월 14일 16시,토요일,대전광역시 중구 석교동,경상사고,0,0,1,0,차대차 - 기타,안전거리미확보,건조,맑음,교차로 - 교차로부근,화물,남,62세,상해없음,원동기,남,47세,경상
2013091400100461,2013년 9월 14일 16시,토요일,대전광역시 중구 사정동,경상사고,0,0,1,0,차대차 - 측면직각충돌,직진우회전진행방해,건조,맑음,교차로 - 교차로안,승용,남,26세,상해없음,승용,남,69세,경상
2013091400100462,2013년 9월 14일 16시,토요일,대전광역시 대덕구 중리동,경상사고,0,0,1,0,차대사람 - 횡단중,안전운전불이행,건조,맑음,단일로 - 기타,승용,남,32세,상해없음,보행자,남,12세,경상
2013091400100463,2013년 9월 14일 16시,토요일,대전광역시 유성구 관평동,중상사고,0,3,0,0,차대차 - 기타,신호위반,건조,맑음,교차로 - 교차로안,승용,남,53세,상해없음,승용,여,30세,중상
2013091400100498,2013년 9월 14일 17시,토요일,대전광역시 대덕구 읍내동,중상사고,0,1,0,0,차대사람 - 횡단중,안전운전불이행,건조,맑음,단일로 - 기타,승합,남,42세,상해없음,보행자,남,71세,중상
2013091400100578,2013년 9월 14일 19시,토요일,대전광역시 동구 가양동,중상사고,0,1,0,0,차대사람 - 차도통행중,안전운전불이행,건조,맑음,단일로 - 횡단보도부근,원동기,남,19세,상해없음,보행자,남,58세,중상
2013091400100644,2013년 9월 14일 21시,토요일,대전광역시 중구 대흥동,경상사고,0,0,1,0,차대차 - 기타,안전거리미확보,건조,맑음,교차로 - 교차로부근,승용,남,20세,상해없음,승용,남,58세,경상
2013091400100645,2013년 9월 14일 21시,토요일,대전광역시 유성구 궁동,경상사고,0,0,1,0,차대사람 - 기타,안전운전불이행,건조,맑음,단일로 - 기타,승용,남,30세,상해없음,보행자,남,42세,경상
2013091400100704,2013년 9월 14일 23시,토요일,대전광역시 서구 갈마동,경상사고,0,0,1,0,차대차 - 기타,중앙선침범,건조,맑음,단일로 - 기타,이륜,남,30세,상해없음,승용,남,50세,경상
2013091500100035,2013년 9월 15일 01시,일요일,대전광역시 동구 중동,중상사고,0,1,0,0,차대차 - 측면직각충돌,안전운전불이행,건조,맑음,교차로 - 교차로안,이륜,남,18세,중상,승용,남,24세,상해없음
2013091500100195,2013년 9월 15일 11시,일요일,대전광역시 서구 관저동,경상사고,0,0,1,0,차대사람 - 보도통행중,안전운전불이행,건조,맑음,단일로 - 기타,승합,남,46세,상해없음,보행자,남,18세,경상
2013091500100360,2013년 9월 15일 16시,일요일,대전광역시 중구 부사동,경상사고,0,0,1,0,차량단독 - 기타,기타,건조,맑음,단일로 - 기타,승합,남,46세,상해없음,,,,
2013091500100361,2013년 9월 15일 16시,일요일,대전광역시 동구 판암동,경상사고,0,0,2,0,차대차 - 추돌 - 진행중,안전운전불이행,건조,맑음,교차로 - 교차로부근,승용,남,30세,상해없음,승용,남,46세,경상
2013091500100469,2013년 9월 15일 19시,일요일,대전광역시 유성구 구암동,중상사고,0,1,0,0,차대사람 - 횡단중,신호위반,건조,맑음,교차로 - 교차로부근,승용,남,43세,상해없음,보행자,남,73세,중상
2013091500100494,2013년 9월 15일 20시,일요일,대전광역시 중구 문창동,경상사고,0,0,1,0,차대차 - 기타,중앙선침범,건조,맑음,단일로 - 기타,승용,여,26세,상해없음,자전거,남,61세,경상
2013091500100515,2013년 9월 15일 21시,일요일,대전광역시 서구 둔산동,중상사고,0,2,0,0,차대차 - 기타,안전운전불이행,건조,맑음,교차로 - 교차로안,승용,남,61세,상해없음,승용,남,34세,중상
2013091600100016,2013년 9월 16일 00시,월요일,대전광역시 중구 오류동,경상사고,0,0,1,0,차대차 - 기타,안전운전불이행,건조,맑음,단일로 - 기타,승용,남,21세,상해없음,승용,남,54세,경상
2013091600100048,2013년 9월 16일 04시,월요일,대전광역시 동구 자양동,중상사고,0,1,0,0,차대차 - 측면직각충돌,교차로운행방법위반,건조,맑음,교차로 - 교차로안,화물,남,42세,상해없음,이륜,남,48세,중상
2013091600100116,2013년 9월 16일 07시,월요일,대전광역시 동구 중동,중상사고,0,1,0,0,차대사람 - 보도통행중,기타,건조,맑음,단일로 - 기타,화물,남,30세,상해없음,보행자,여,78세,중상
2013091600100216,2013년 9월 16일 09시,월요일,대전광역시 서구 관저동,중상사고,0,1,0,0,차대차 - 추돌 - 진행중,안전운전불이행,건조,맑음,단일로 - 기타,승용,여,48세,상해없음,이륜,남,54세,중상
2013091600100254,2013년 9월 16일 10시,월요일,대전광역시 서구 도안동,중상사고,0,1,0,0,차대차 - 측면직각충돌,신호위반,건조,맑음,교차로 - 교차로안,건설기계,남,52세,상해없음,자전거,남,75세,중상
2013091600100255,2013년 9월 16일 10시,월요일,대전광역시 대덕구 법동,경상사고,0,0,1,0,차대차 - 측면직각충돌,신호위반,건조,맑음,교차로 - 교차로안,승용,남,66세,상해없음,승용,남,62세,경상
2013091600100318,2013년 9월 16일 12시,월요일,대전광역시 대덕구 오정동,경상사고,0,0,4,0,차대차 - 측면직각충돌,안전운전불이행,건조,맑음,단일로 - 기타,화물,남,34세,상해없음,승용,여,47세,경상
2013091600100360,2013년 9월 16일 13시,월요일,대전광역시 중구 은행동,중상사고,0,1,0,0,차대사람 - 보도통행중,보행자보호의무위반,건조,맑음,단일로 - 기타,화물,남,42세,상해없음,보행자,여,20세,중상
2013091600100361,2013년 9월 16일 13시,월요일,대전광역시 서구 둔산동,중상사고,0,1,0,0,차대차 - 정면충돌,중앙선침범,건조,맑음,단일로 - 기타,승용,여,32세,상해없음,원동기,남,54세,중상
2013091600100473,2013년 9월 16일 16시,월요일,대전광역시 중구 유천동,중상사고,0,1,0,0,차대차 - 측면직각충돌,안전운전불이행,건조,맑음,교차로 - 교차로안,화물,남,50세,상해없음,자전거,여,8세,중상