사고번호,사고일시,요일,시군구,사고내용,사망자수,중상자수,경상자수,부상신고자수,사고유형,법규위반,노면상태,기상상태,도로형태,가해운전자 차종,가해운전자 성별,가해운전자 연령,가해운전자 상해정도,피해운전자 차종,피해운전자 성별,피해운전자 연령,피해운전자 상해정도
2013091600100520,2013년 9월 16일 17시,월요일,대전광역시 대덕구 비래동,중상사고,0,1,0,0,차대사람 - 횡단중,보행자보호의무위반,건조,맑음,교차로 - 교차로부근,승용,여,49세,상해없음,보행자,여,8세,중상
2013091600100521,2013년 9월 16일 17시,월요일,대전광역시 대덕구 신일동,중상사고,0,1,0,0,차대차 - 측면직각충돌,안전운전불이행,건조,맑음,교차로 - 교차로안,승합,남,46세,상해없음,승용,남,40세,중상
2013091600100621,2013년 9월 16일 19시,월요일,대전광역시 중구 석교동,중상사고,0,1,2,0,차대차 - 추돌 - 주정차중,안전운전불이행,건조,맑음,단일로 - 기타,승용,남,57세,상해없음,승용,여,43세,중상
2013091600100622,2013년 9월 16일 19시,월요일,대전광역시 동구 용운동,중상사고,0,1,0,0,차대차 - 측면직각충돌,안전운전불이행,건조,맑음,교차로 - 교차로부근,승용,남,59세,상해없음,승용,남,52세,중상
2013091600100688,2013년 9월 16일 21시,월요일,대전광역시 중구 문화동,사망사고,1,0,0,0,차대차 - 측면직각충돌,중앙선침범,건조,맑음,단일로 - 기타,승용,남,47세,사망,승용,남,51세,상해없음
2013091600100689,2013년 9월 16일 21시,월요일,대전광역시 중구 대흥동,경상사고,0,0,1,0,차량단독 - 기타,안전운전불이행,건조,맑음,단일로 - 기타,승합,남,38세,상해없음,,,,
2013091600100690,2013년 9월 16일 21시,월요일,대전광역시 서구 둔산동,경상사고,0,0,2,1,차대차 - 추돌 - 진행중,안전운전불이행,건조,맑음,교차로 - 교차로부근,승용,남,45세,상해없음,승용,남,66세,경상
2013091600100757,2013년 9월 16일 23시,월요일,대전광역시 동구 중동,경상사고,0,0,1,0,차대차 - 측면직각충돌,직진우회전진행방해,건조,맑음,교차로 - 교차로안,승용,남,60세,상해없음,승용,남,55세,상해없음
2013091700100052,2013년 9월 17일 02시,화요일,대전광역시 서구 괴정동,경상사고,0,0,1,0,차대차 - 측면직각충돌,안전운전불이행,건조,맑음,단일로 - 기타,승용,여,34세,상해없음,승용,남,29세,경상
2013091700100059,2013년 9월 17일 03시,화요일,대전광역시 중구 은행동,경상사고,0,0,1,0,차대사람 - 보도통행중,보행자보호의무위반,건조,맑음,교차로 - 교차로안,승용,남,59세,상해없음,보행자,남,54세,경상
2013091700100116,2013년 9월 17일 07시,화요일,대전광역시 서구 둔산동,중상사고,0,1,0,0,차량단독 - 기타,기타,건조,맑음,단일로 - 기타,승합,남,49세,상해없음,,,,
2013091700100200,2013년 9월 17일 09시,화요일,대전광역시 대덕구 법동,경상사고,0,0,1,0,차대사람 - 횡단중,안전운전불이행,건조,맑음,단일로 - 기타,승용,기타불명,기타불명,기타불명,보행자,여,19세,경상
2013091700100232,2013년 9월 17일 10시,화요일,대전광역시 서구 갈마동,경상사고,0,0,1,0,차대차 - 기타,신호위반,건조,맑음,교차로 - 교차로안,승용,여,47세,상해없음,승용,남,38세,경상
2013091700100264,2013년 9월 17일 11시,화요일,대전광역시 대덕구 신일동,중상사고,0,1,0,0,차대차 - 측면직각충돌,안전운전불이행,건조,맑음,교차로 - 교차로부근,화물,남,53세,상해없음,원동기,남,49세,중상
2013091700100265,2013년 9월 17일 11시,화요일,대전광역시 대덕구 오정동,경상사고,0,0,1,0,차대차 - 추돌 - 주정차중,안전운전불이행,건조,맑음,단일로 - 기타,승용,여,46세,상해없음,승용,남,29세,경상
2013091700100369,2013년 9월 17일 14시,화요일,대전광역시 유성구 화암동,경상사고,0,0,1,0,차대차 - 기타,신호위반,건조,맑음,교차로 - 교차로안,승용,남,53세,상해없음,승용,남,53세,경상
2013091700100413,2013년 9월 17일 15시,화요일,대전광역시 서구 복수동,경상사고,0,0,1,0,차대차 - 측면직각충돌,차로위반,건조,맑음,단일로 - 기타,승용,남,53세,상해없음,승용,여,52세,경상
2013091700100520,2013년 9월 17일 17시,화요일,대전광역시 중구 유천동,경상사고,0,0,1,0,차량단독 - 기타,기타,건조,맑음,단일로 - 기타,승합,남,46세,상해없음,,,,
2013091700100672,2013년 9월 17일 20시,화요일,대전광역시 서구 괴정동,경상사고,0,0,2,0,차대차 - 측면직각충돌,신호위반,건조,맑음,교차로 - 교차로안,승용,여,53세,상해없음,승용,여,44세,경상
2013091700100705,2013년 9월 17일 21시,화요일,대전광역시 서구 복수동,경상사고,0,0,1,0,차대차 - 측면직각충돌,안전운전불이행,건조,맑음,교차로 - 교차로안,승용,남,53세,상해없음,승용,남,28세,경상
2013091700100706,2013년 9월 17일 21시,화요일,대전광역시 서구 둔산동,경상사고,0,0,4,0,차대차 - 측면직각충돌,교차로운행방법위반,건조,맑음,교차로 - 교차로안,승용,남,32세,상해없음,승용,남,29세,경상
2013091700100735,2013년 9월 17일 22시,화요일,대전광역시 중구 석교동,경상사고,0,0,1,0,차대차 - 추돌 - 주정차중,안전운전불이행,건조,맑음,단일로 - 기타,승용,남,26세,상해없음,승용,남,57세,경상
2013091700100756,2013년 9월 17일 23시,화요일,대전광역시 중구 태평동,중상사고,0,1,0,0,차대사람 - 길가장자리구역통행중,안전운전불이행,건조,맑음,단일로 - 기타,승용,여,42세,상해없음,보행자,남,49세,중상
2013091700100757,2013년 9월 17일 23시,화요일,대전광역시 동구 삼성동,경상사고,0,0,1,0,차량단독 - 전도전복,안전운전불이행,건조,맑음,단일로 - 기타,승용,남,34세,경상,,,,
2013091800100044,2013년 9월 18일 01시,수요일,대전광역시 서구 둔산동,경상사고,0,0,3,0,차대차 - 추돌 - 진행중,안전운전불이행,건조,맑음,단일로 - 기타,승용,남,50세,경상,승용,남,44세,경상
2013091800100075,2013년 9월 18일 03시,수요일,대전광역시 중구 석교동,경상사고,0,0,1,0,차대사람 - 보도통행중,보행자보호의무위반,건조,맑음,단일로 - 기타,승용,남,30세,상해없음,보행자,남,60세,경상
2013091800100344,2013년 9월 18일 15시,수요일,대전광역시 동구 원동,경상사고,0,0,3,0,차대차 - 기타,안전운전불이행,건조,맑음,교차로 - 교차로부근,승용,여,69세,상해없음,승용,남,45세,경상
2013091800100441,2013년 9월 18일 19시,수요일,대전광역시 중구 중촌동,중상사고,0,1,0,0,차대사람 - 횡단중,보행자보호의무위반,건조,맑음,교차로 - 교차로안,승용,남,49세,상해없음,보행자,남,54세,중상
2013091800100463,2013년 9월 18일 20시,수요일,대전광역시 중구 산성동,중상사고,0,2,3,0,차대차 - 기타,안전운전불이행,건조,맑음,단일로 - 기타,승용,여,26세,상해없음,승합,여,43세,중상
2013091800100464,2013년 9월 18일 20시,수요일,대전광역시 서구 변동,경상사고,0,0,1,0,차대차 - 추돌 - 주정차중,안전운전불이행,건조,맑음,단일로 - 기타,승용,여,56세,상해없음,승용,남,28세,경상
2013091800100499,2013년 9월 18일 22시,수요일,대전광역시 중구 옥계동,경상사고,0,0,3,0,차대차 - 측면직각충돌,안전운전불이행,건조,맑음,교차로 - 교차로부근,승용,남,45세,상해없음,승용,남,27세,경상
2013091900100011,2013년 9월 19일 00시,목요일,대전광역시 중구 대흥동,경상사고,0,0,5,0,차대차 - 추돌 - 진행중,안전거리미확보,건조,맑음,교차로 - 교차로안,승용,남,29세,상해없음,승용,남,23세,경상
2013091900100116,2013년 9월 19일 11시,목요일,대전광역시 유성구 장대동,중상사고,0,1,2,0,차대차 - 기타,신호위반,건조,맑음,교차로 - 교차로안,승용,남,37세,상해없음,화물,남,50세,중상
2013091900100176,2013년 9월 19일 13시,목요일,대전광역시 중구 대흥동,경상사고,0,0,4,0,차대차 - 추돌 - 진행중,안전운전불이행,건조,맑음,교차로 - 교차로부근,승합,남,65세,상해없음,승용,남,42세,경상
2013091900100177,2013년 9월 19일 13시,목요일,대전광역시 동구 정동,중상사고,0,1,0,0,차대사람 - 횡단중,안전운전불이행,건조,맑음,단일로 - 횡단보도상,승용,남,41세,상해없음,보행자,여,41세,중상
2013091900100239,2013년 9월 19일 15시,목요일,대전광역시 유성구 구암동,경상사고,0,0,1,0,차량단독 - 기타,안전운전불이행,건조,맑음,단일로 - 기타,승합,남,51세,상해없음,,,,
2013091900100338,2013년 9월 19일 19시,목요일,대전광역시 대덕구 송촌동,경상사고,0,0,1,0,차대사람 - 기타,안전운전불이행,건조,맑음,단일로 - 기타,승용,남,32세,상해없음,보행자,여,25세,경상
2013091900100339,2013년 9월 19일 19시,목요일,대전광역시 유성구 장대동,경상사고,0,0,2,0,차대차 - 측면직각충돌,신호위반,건조,맑음,교차로 - 교차로안,승용,남,20세,상해없음,승용,남,43세,경상
2013091900100410,2013년 9월 19일 22시,목요일,대전광역시 대덕구 중리동,중상사고,0,1,0,0,차대사람 - 기타,안전운전불이행,건조,맑음,단일로 - 기타,승용,남,44세,상해없음,보행자,남,66세,중상
2013091900100411,2013년 9월 19일 22시,목요일,대전광역시 대덕구 송촌동,경상사고,0,0,2,0,차대차 - 추돌 - 주정차중,안전운전불이행,건조,맑음,교차로 - 교차로부근,승용,여,44세,상해없음,승용,남,28세,경상
2013092000100017,2013년 9월 20일 00시,금요일,대전광역시 중구 문화동,경상사고,0,0,1,0,차대사람 - 기타,안전운전불이행,건조,맑음,교차로 - 교차로안,승용,남,54세,상해없음,보행자,여,52세,경상
2013092000100018,2013년 9월 20일 00시,금요일,대전광역시 유성구 봉명동,경상사고,0,0,1,0,차대차 - 추돌 - 주정차중,안전운전불이행,건조,맑음,교차로 - 교차로부근,승용,남,38세,상해없음,승용,남,54세,상해없음
2013092000100100,2013년 9월 20일 09시,금요일,대전광역시 동구 가양동,경상사고,0,0,1,0,차대차 - 측면직각충돌,안전운전불이행,건조,맑음,교차로 - 교차로안,승용,남,37세,상해없음,자전거,남,58세,경상
2013092000100299,2013년 9월 20일 18시,금요일,대전광역시 서구 정림동,경상사고,0,0,1,0,차대사람 - 횡단중,안전운전불이행,건조,맑음,교차로 - 교차로안,승용,기타불명,기타불명,기타불명,보행자,남,53세,경상
2013092000100334,2013년 9월 20일 19시,금요일,대전광역시 중구 오류동,경상사고,0,0,2,0,차대차 - 측면직각충돌,교차로운행방법위반,건조,맑음,교차로 - 교차로안,승용,남,49세,상해없음,승용,여,45세,경상
2013092000100382,2013년 9월 20일 21시,금요일,대전광역시 서구 둔산동,경상사고,0,0,2,0,차대차 - 측면직각충돌,안전운전불이행,건조,맑음,단일로 - 기타,승용,남,37세,상해없음,승용,남,27세,경상
2013092000100401,2013년 9월 20일 22시,금요일,대전광역시 중구 문화동,경상사고,0,0,3,0,차대차 - 추돌 - 진행중,안전운전불이행,건조,맑음,교차로 - 교차로부근,승용,여,45세,상해없음,승용,남,29세,상해없음
2013092000100402,2013년 9월 20일 22시,금요일,대전광역시 동구 소제동,경상사고,0,0,1,0,차대차 - 측면직각충돌,신호위반,건조,맑음,교차로 - 교차로안,승용,여,55세,상해없음,승용,남,33세,경상
2013092000100418,2013년 9월 20일 23시,금요일,대전광역시 서구 둔산동,중상사고,0,2,4,0,차대차 - 기타,중앙선침범,건조,맑음,단일로 - 기타,승용,남,37세,상해없음,승용,남,28세,경상
2013092100100044,2013년 9월 21일 02시,토요일,대전광역시 동구 삼성동,중상사고,0,1,2,0,차대차 - 추돌 - 주정차중,안전운전불이행,건조,맑음,교차로 - 교차로부근,승용,남,30세,상해없음,승용,남,25세,경상
2013092100100067,2013년 9월 21일 04시,토요일,대전광역시 서구 갈마동,중상사고,0,1,1,0,차대차 - 측면직각충돌,안전운전불이행,건조,맑음,교차로 - 교차로안,승용,남,29세,상해없음,이륜,여,56세,중상
2013092100100158,2013년 9월 21일 11시,토요일,대전광역시 동구 인동,중상사고,0,1,0,0,차대차 - 측면직각충돌,신호위반,건조,맑음,단일로 - 기타,승용,여,55세,상해없음,자전거,여,54세,중상
2013092100100159,2013년 9월 21일 11시,토요일,대전광역시 대덕구 신탄진동,경상사고,0,0,2,0,차대차 - 측면직각충돌,교차로운행방법위반,건조,맑음,교차로 - 교차로안,승용,여,48세,상해없음,승용,남,43세,경상
2013092100100183,2013년 9월 21일 12시,토요일,대전광역시 동구 용전동,경상사고,0,0,1,0,차대사람 - 보도통행중,안전운전불이행,건조,맑음,단일로 - 기타,승용,남,57세,상해없음,보행자,남,60세,경상
2013092100100184,2013년 9월 21일 12시,토요일,대전광역시 유성구 반석동,중상사고,0,1,0,0,차대차 - 추돌 - 주정차중,안전운전불이행,건조,맑음,교차로 - 교차로부근,화물,남,59세,상해없음,승용,남,36세,중상
2013092100100259,2013년 9월 21일 15시,토요일,대전광역시 유성구 반석동,경상사고,0,0,1,0,차대차 - 추돌 - 주정차중,안전운전불이행,건조,맑음,단일로 - 기타,승용,남,54세,상해없음,화물,남,48세,경상
2013092100100336,2013년 9월 21일 18시,토요일,대전광역시 동구 인동,경상사고,0,0,2,0,차대차 - 측면직각충돌,차로위반,건조,맑음,단일로 - 기타,승용,남,42세,상해없음,승용,여,48세,경상
2013092100100337,2013년 9월 21일 18시,토요일,대전광역시 동구 가양동,중상사고,0,1,0,0,차대사람 - 보도통행중,안전운전불이행,건조,흐림,교차로 - 교차로안,승용,남,70세,상해없음,보행자,남,88세,중상
2013092100100376,2013년 9월 21일 19시,토요일,대전광역시 서구 탄방동,중상사고,0,1,0,0,차대차 - 기타,안전운전불이행,건조,맑음,단일로 - 기타,승용,여,53세,상해없음,이륜,여,57세,중상
2013092100100404,2013년 9월 21일 20시,토요일,대전광역시 서구 용문동,중상사고,0,1,1,0,차대차 - 측면직각충돌,신호위반,건조,맑음,교차로 - 교차로안,승용,남,56세,상해없음,승용,남,63세,상해없음
2013092100100405,2013년 9월 21일 20시,토요일,대전광역시 대덕구 중리동,경상사고,0,0,1,0,차대사람 - 횡단중,보행자보호의무위반,건조,맑음,교차로 - 교차로안,승용,남,47세,기타불명,보행자,남,58세,경상
2013092100100434,2013년 9월 21일 21시,토요일,대전광역시 동구 세천동,경상사고,0,0,2,0,차대차 - 측면직각충돌,안전운전불이행,건조,맑음,단일로 - 기타,승용,남,24세,상해없음,승용,남,31세,상해없음
2013092100100469,2013년 9월 21일 22시,토요일,대전광역시 동구 가오동,경상사고,0,0,2,0,차대차 - 측면직각충돌,중앙선침범,건조,맑음,교차로 - 교차로안,승용,남,42세,상해없음,승용,남,32세,기타불명
2013092100100470,2013년 9월 21일 22시,토요일,대전광역시 서구 갈마동,경상사고,0,0,2,0,차대차 - 측면직각충돌,안전운전불이행,건조,맑음,단일로 - 기타,화물,남,35세,상해없음,승용,남,26세,경상
2013092200100035,2013년 9월 22일 02시,일요일,대전광역시 동구 용전동,경상사고,0,0,2,0,차대차 - 측면직각충돌,안전운전불이행,건조,맑음,단일로 - 기타,승용,남,35세,상해없음,원동기,남,22세,경상
2013092200100036,2013년 9월 22일 02시,일요일,대전광역시 서구 갈마동,중상사고,0,1,2,0,차대차 - 기타,안전운전불이행,건조,맑음,교차로 - 교차로안,이륜,남,18세,중상,승용,남,42세,경상
2013092200100059,2013년 9월 22일 04시,일요일,대전광역시 중구 선화동,경상사고,0,0,4,0,차대차 - 기타,신호위반,건조,맑음,교차로 - 교차로안,승용,남,31세,상해없음,승용,남,21세,경상
2013092200100069,2013년 9월 22일 05시,일요일,대전광역시 서구 둔산동,중상사고,0,3,4,0,차대차 - 측면직각충돌,신호위반,건조,맑음,교차로 - 교차로안,승용,남,22세,경상,승용,남,26세,경상
2013092200100076,2013년 9월 22일 06시,일요일,대전광역시 서구 둔산동,중상사고,0,1,0,0,차대차 - 측면직각충돌,안전운전불이행,건조,맑음,교차로 - 교차로안,승용,남,28세,상해없음,이륜,남,19세,중상
2013092200100096,2013년 9월 22일 08시,일요일,대전광역시 유성구 신성동,경상사고,0,0,1,0,차대차 - 기타,안전운전불이행,건조,맑음,교차로 - 교차로안,승용,남,65세,상해없음,자전거,여,8세,경상
2013092200100211,2013년 9월 22일 14시,일요일,대전광역시 대덕구 상서동,경상사고,0,0,1,0,차대차 - 정면충돌,중앙선침범,건조,맑음,단일로 - 기타,승용,여,63세,상해없음,승용,남,33세,경상
2013092200100232,2013년 9월 22일 15시,일요일,대전광역시 동구 추동,경상사고,0,0,3,0,차대차 - 측면직각충돌,안전운전불이행,건조,맑음,교차로 - 교차로부근,승용,남,30세,상해없음,승용,남,44세,경상
2013092200100233,2013년 9월 22일 15시,일요일,대전광역시 서구 월평동,중상사고,0,1,0,0,차대차 - 기타,안전운전불이행,건조,맑음,단일로 - 기타,자전거,남,76세,중상,승합,남,56세,상해없음
2013092200100256,2013년 9월 22일 16시,일요일,대전광역시 동구 자양동,경상사고,0,0,1,0,차대차 - 측면직각충돌,교차로운행방법위반,건조,맑음,교차로 - 교차로안,승용,남,33세,상해없음,원동기,남,22세,경상
2013092200100335,2013년 9월 22일 19시,일요일,대전광역시 서구 둔산동,경상사고,0,0,3,0,차대차 - 추돌 - 주정차중,안전거리미확보,건조,맑음,단일로 - 기타,승용,남,25세,상해없음,승용,남,32세,경상
2013092200100356,2013년 9월 22일 20시,일요일,대전광역시 동구 가양동,경상사고,0,0,1,0,차대사람 - 기타,안전운전불이행,건조,맑음,단일로 - 기타,승용,남,52세,상해없음,보행자,남,54세,경상
2013092300100009,2013년 9월 23일 00시,월요일,대전광역시 서구 월평동,경상사고,0,0,1,0,차대차 - 측면직각충돌,교차로운행방법위반,건조,맑음,교차로 - 교차로안,승용,남,26세,상해없음,승용,남,45세,경상
2013092300100091,2013년 9월 23일 07시,월요일,대전광역시 서구 탄방동,중상사고,0,1,0,0,차대차 - 추돌 - 주정차중,안전거리미확보,건조,맑음,교차로 - 교차로안,승용,여,47세,상해없음,승용,여,28세,중상
2013092300100126,2013년 9월 23일 08시,월요일,대전광역시 중구 태평동,중상사고,0,1,0,0,차대차 - 측면직각충돌,신호위반,건조,맑음,교차로 - 교차로안,승용,남,49세,상해없음,승용,남,60세,중상
2013092300100127,2013년 9월 23일 08시,월요일,대전광역시 서구 도마동,경상사고,0,0,1,0,차대차 - 정면충돌,신호위반,건조,맑음,교차로 - 교차로안,승용,남,60세,상해없음,승용,여,34세,경상
2013092300100128,2013년 9월 23일 08시,월요일,대전광역시 서구 복수동,경상사고,0,0,1,0,차대사람 - 횡단중,신호위반,건조,맑음,교차로 - 교차로안,승용,기타불명,기타불명,기타불명,보행자,여,6세,경상
2013092300100129,2013년 9월 23일 08시,월요일,대전광역시 유성구 송강동,중상사고,0,1,0,0,차대사람 - 기타,안전운전불이행,건조,맑음,단일로 - 기타,승용,남,52세,상해없음,보행자,여,61세,중상
2013092300100130,2013년 9월 23일 08시,월요일,대전광역시 서구 월평동,중상사고,0,1,0,0,차대차 - 측면직각충돌,신호위반,건조,맑음,교차로 - 교차로안,승용,남,25세,상해없음,이륜,남,70세,중상
2013092300100243,2013년 9월 23일 12시,월요일,대전광역시 동구 대동,경상사고,0,0,1,0,차대사람 - 횡단중,안전운전불이행,건조,맑음,단일로 - 횡단보도부근,화물,남,40세,상해없음,보행자,남,25세,경상
2013092300100299,2013년 9월 23일 14시,월요일,대전광역시 서구 둔산동,경상사고,0,0,1,0,차대차 - 기타,안전운전불이행,건조,맑음,교차로 - 교차로안,승용,남,38세,상해없음,이륜,남,55세,경상
2013092300100324,2013년 9월 23일 15시,월요일,대전광역시 동구 용운동,경상사고,0,0,1,0,차대차 - 측면직각충돌,교차로운행방법위반,건조,맑음,교차로 - 교차로안,승용,남,53세,상해없음,원동기,남,24세,경상
2013092300100347,2013년 9월 23일 16시,월요일,대전광역시 대덕구 비래동,중상사고,0,1,0,0,차량단독 - 기타,기타,건조,맑음,교차로 - 교차로안,승용,남,59세,상해없음,,,,
2013092300100432,2013년 9월 23일 18시,월요일,대전광역시 동구 성남동,경상사고,0,0,2,0,차대사람 - 횡단중,보행자보호의무위반,건조,맑음,단일로 - 횡단보도상,승용,남,43세,상해없음,보행자,여,37세,경상
2013092300100433,2013년 9월 23일 18시,월요일,대전광역시 유성구 봉명동,경상사고,0,0,1,0,차대사람 - 보도통행중,보행자보호의무위반,건조,맑음,교차로 - 교차로부근,화물,남,43세,상해없음,보행자,여,22세,경상
2013092300100508,2013년 9월 23일 21시,월요일,대전광역시 서구 둔산동,경상사고,0,0,2,0,차대차 - 측면직각충돌,안전운전불이행,건조,맑음,단일로 - 기타,승용,남,42세,상해없음,승용,남,50세,경상
2013092400100010,2013년 9월 24일 00시,화요일,대전광역시 유성구 궁동,경상사고,0,0,3,0,차대차 - 측면직각충돌,신호위반,건조,맑음,단일로 - 기타,승용,여,22세,상해없음,승합,남,46세,경상
2013092400100135,2013년 9월 24일 08시,화요일,대전광역시 동구 가양동,경상사고,0,0,1,0,차대사람 - 횡단중,보행자보호의무위반,건조,맑음,단일로 - 횡단보도상,승용,여,47세,상해없음,보행자,남,23세,경상
2013092400100136,2013년 9월 24일 08시,화요일,대전광역시 서구 갈마동,중상사고,0,1,1,0,차대차 - 기타,안전운전불이행,건조,맑음,교차로 - 교차로안,승용,남,45세,경상,승용,남,48세,중상
2013092400100137,2013년 9월 24일 08시,화요일,대전광역시 유성구 구암동,중상사고,0,1,0,0,차대사람 - 보도통행중,신호위반,건조,맑음,단일로 - 횡단보도상,화물,여,58세,상해없음,보행자,여,56세,중상
2013092400100190,2013년 9월 24일 10시,화요일,대전광역시 서구 둔산동,중상사고,0,1,0,0,차대사람 - 횡단중,보행자보호의무위반,습기,비,단일로 - 횡단보도상,승용,남,21세,상해없음,보행자,여,62세,중상
2013092400100282,2013년 9월 24일 14시,화요일,대전광역시 중구 태평동,경상사고,0,0,1,0,차대사람 - 횡단중,안전운전불이행,습기,비,단일로 - 기타,승용,여,41세,상해없음,보행자,남,58세,경상
2013092400100283,2013년 9월 24일 14시,화요일,대전광역시 대덕구 비래동,경상사고,0,0,1,0,차대차 - 추돌 - 진행중,안전운전불이행,습기,비,단일로 - 기타,화물,남,33세,상해없음,승용,남,24세,경상
2013092400100335,2013년 9월 24일 16시,화요일,대전광역시 서구 내동,경상사고,0,0,1,0,차대차 - 측면직각충돌,안전운전불이행,습기,비,단일로 - 기타,승용,남,32세,상해없음,승용,여,55세,경상
2013092400100336,2013년 9월 24일 16시,화요일,대전광역시 유성구 원내동,경상사고,0,0,1,0,차대차 - 기타,안전운전불이행,습기,비,교차로 - 교차로안,승용,기타불명,기타불명,기타불명,이륜,남,17세,경상
2013092400100337,2013년 9월 24일 16시,화요일,대전광역시 유성구 장동,중상사고,0,1,0,0,차대차 - 추돌 - 주정차중,안전거리미확보,습기,비,단일로 - 기타,화물,남,50세,상해없음,승용,남,24세,중상
2013092400100385,2013년 9월 24일 18시,화요일,대전광역시 유성구 하기동,경상사고,0,0,1,0,차대차 - 기타,안전거리미확보,습기,비,단일로 - 기타,화물,남,55세,상해없음,승용,남,28세,경상
2013092400100404,2013년 9월 24일 18시,화요일,대전광역시 유성구 궁동,중상사고,0,1,0,0,차대차 - 기타,안전운전불이행,건조,맑음,단일로 - 기타,승용,남,52세,상해없음,이륜,남,53세,중상
2013092400100440,2013년 9월 24일 19시,화요일,대전광역시 서구 갈마동,경상사고,0,0,1,0,차대차 - 측면직각충돌,안전운전불이행,습기,비,교차로 - 교차로안,승용,남,53세,상해없음,승용,남,52세,상해없음
2013092400100469,2013년 9월 24일 20시,화요일,대전광역시 동구 홍도동,경상사고,0,0,1,0,차대차 - 측면직각충돌,안전운전불이행,습기,비,단일로 - 기타,승용,남,54세,상해없음,승용,남,41세,경상
2013092400100470,2013년 9월 24일 20시,화요일,대전광역시 서구 복수동,중상사고,0,2,1,0,차대차 - 측면직각충돌,신호위반,습기,비,교차로 - 교차로안,승용,남,58세,상해없음,승용,여,41세,중상
2013092400100471,2013년 9월 24일 20시,화요일,대전광역시 서구 도마동,중상사고,0,1,0,0,차대사람 - 기타,안전운전불이행,습기,비,단일로 - 기타,화물,남,61세,상해없음,보행자,남,33세,중상
2013092400100472,2013년 9월 24일 20시,화요일,대전광역시 대덕구 중리동,경상사고,0,0,3,0,차대차 - 정면충돌,안전운전불이행,습기,비,단일로 - 기타,승용,남,59세,상해없음,승용,남,58세,경상
2013092400100494,2013년 9월 24일 21시,화요일,대전광역시 중구 부사동,경상사고,0,0,1,0,차대차 - 추돌 - 진행중,안전운전불이행,건조,맑음,교차로 - 교차로부근,승용,남,40세,상해없음,승용,남,38세,경상
2013092400100495,2013년 9월 24일 21시,화요일,대전광역시 서구 갈마동,중상사고,0,1,2,0,차대차 - 추돌 - 진행중,안전운전불이행,습기,흐림,교차로 - 교차로부근,승용,남,36세,상해없음,승용,남,47세,중상
2013092400100551,2013년 9월 24일 23시,화요일,대전광역시 서구 괴정동,중상사고,0,1,0,0,차대차 - 기타,안전운전불이행,습기,흐림,단일로 - 기타,원동기,남,38세,중상,승용,남,30세,상해없음
2013092500100033,2013년 9월 25일 01시,수요일,대전광역시 유성구 도룡동,경상사고,0,0,1,0,차대차 - 측면직각충돌,안전운전불이행,건조,맑음,교차로 - 교차로부근,승용,남,38세,상해없음,승용,남,21세,경상
2013092500100101,2013년 9월 25일 07시,수요일,대전광역시 중구 태평동,경상사고,0,0,1,0,차대차 - 측면직각충돌,안전거리미확보,건조,맑음,단일로 - 기타,승용,기타불명,기타불명,기타불명,승용,남,59세,경상
2013092500100428,2013년 9월 25일 17시,수요일,대전광역시 유성구 노은동,경상사고,0,0,3,0,차대차 - 기타,안전운전불이행,건조,맑음,교차로 - 교차로부근,화물,남,48세,상해없음,승용,남,50세,경상
2013092500100575,2013년 9월 25일 21시,수요일,대전광역시 동구 원동,경상사고,0,0,1,0,차대차 - 추돌 - 진행중,안전운전불이행,건조,맑음,단일로 - 기타,승용,남,55세,상해없음,승용,여,58세,경상
2013092500100576,2013년 9월 25일 21시,수요일,대전광역시 대덕구 중리동,중상사고,0,1,0,0,차대차 - 측면직각충돌,교차로운행방법위반,건조,맑음,교차로 - 교차로안,이륜,남,51세,상해없음,자전거,남,57세,중상
2013092500100577,2013년 9월 25일 21시,수요일,대전광역시 유성구 노은동,경상사고,0,0,3,0,차대차 - 추돌 - 주정차중,안전거리미확보,건조,맑음,교차로 - 교차로부근,승용,남,28세,상해없음,승용,여,29세,경상
2013092500100607,2013년 9월 25일 22시,수요일,대전광역시 동구 용운동,경상사고,0,0,1,0,차대차 - 측면직각충돌,중앙선침범,건조,맑음,단일로 - 기타,승용,남,19세,상해없음,자전거,남,25세,경상
2013092500100608,2013년 9월 25일 22시,수요일,대전광역시 동구 대성동,경상사고,0,0,1,0,차대사람 - 횡단중,보행자보호의무위반,건조,맑음,교차로 - 교차로부근,승합,남,54세,상해없음,보행자,남,21세,경상
2013092600100198,2013년 9월 26일 09시,목요일,대전광역시 대덕구 오정동,중상사고,0,1,0,0,차대사람 - 기타,안전운전불이행,건조,맑음,단일로 - 기타,승용,여,47세,상해없음,보행자,여,22세,중상
2013092600100230,2013년 9월 26일 10시,목요일,대전광역시 동구 성남동,중상사고,0,1,0,0,차대차 - 측면직각충돌,안전운전불이행,건조,맑음,단일로 - 기타,승용,여,53세,상해없음,원동기,여,56세,중상
2013092600100271,2013년 9월 26일 12시,목요일,대전광역시 중구 부사동,중상사고,0,1,0,0,차대차 - 기타,안전운전불이행,건조,맑음,단일로 - 기타,승용,남,38세,상해없음,자전거,남,60세,중상