사고번호,사고일시,요일,시군구,사고내용,사망자수,중상자수,경상자수,부상신고자수,사고유형,법규위반,노면상태,기상상태,도로형태,가해운전자 차종,가해운전자 성별,가해운전자 연령,가해운전자 상해정도,피해운전자 차종,피해운전자 성별,피해운전자 연령,피해운전자 상해정도
2013092600100328,2013년 9월 26일 14시,목요일,대전광역시 서구 탄방동,경상사고,0,0,1,0,차대사람 - 기타,안전운전불이행,건조,맑음,교차로 - 교차로안,승합,남,39세,상해없음,보행자,남,40세,경상
2013092600100497,2013년 9월 26일 18시,목요일,대전광역시 유성구 장대동,경상사고,0,0,1,0,차대차 - 기타,신호위반,건조,맑음,교차로 - 교차로부근,승용,여,54세,상해없음,자전거,남,23세,경상
2013092600100539,2013년 9월 26일 19시,목요일,대전광역시 서구 월평동,경상사고,0,0,3,0,차대차 - 기타,안전운전불이행,건조,맑음,미분류 - 미분류,승용,남,23세,상해없음,승용,남,19세,경상
2013092600100540,2013년 9월 26일 19시,목요일,대전광역시 서구 월평동,경상사고,0,0,1,0,차대차 - 측면직각충돌,안전운전불이행,건조,맑음,단일로 - 기타,승용,기타불명,기타불명,기타불명,자전거,남,17세,경상
2013092600100541,2013년 9월 26일 19시,목요일,대전광역시 서구 둔산동,중상사고,0,1,0,0,차대사람 - 기타,안전운전불이행,건조,맑음,단일로 - 기타,자전거,남,31세,상해없음,보행자,남,53세,중상
2013092600100578,2013년 9월 26일 20시,목요일,대전광역시 중구 유천동,경상사고,0,0,1,0,차대사람 - 횡단중,안전운전불이행,건조,맑음,단일로 - 기타,이륜,남,43세,상해없음,보행자,여,75세,경상
2013092600100579,2013년 9월 26일 20시,목요일,대전광역시 서구 관저동,경상사고,0,0,1,0,차대사람 - 횡단중,신호위반,건조,맑음,교차로 - 교차로부근,원동기,남,58세,상해없음,보행자,여,16세,경상
2013092600100580,2013년 9월 26일 20시,목요일,대전광역시 대덕구 법동,중상사고,0,1,0,0,차대차 - 측면직각충돌,교차로운행방법위반,건조,맑음,교차로 - 교차로안,화물,남,53세,상해없음,자전거,남,43세,중상
2013092700100016,2013년 9월 27일 00시,금요일,대전광역시 중구 태평동,경상사고,0,0,1,0,차대차 - 측면직각충돌,교차로운행방법위반,건조,맑음,단일로 - 기타,승용,남,31세,상해없음,이륜,남,23세,경상
2013092700100017,2013년 9월 27일 00시,금요일,대전광역시 동구 원동,경상사고,0,0,1,0,차대차 - 추돌 - 진행중,안전운전불이행,습기,흐림,단일로 - 횡단보도부근,승용,남,39세,상해없음,승용,남,57세,경상
2013092700100018,2013년 9월 27일 00시,금요일,대전광역시 유성구 원내동,중상사고,0,1,0,0,차대사람 - 횡단중,보행자보호의무위반,건조,맑음,교차로 - 교차로안,승용,남,49세,상해없음,보행자,남,24세,중상
2013092700100082,2013년 9월 27일 06시,금요일,대전광역시 동구 가양동,경상사고,0,0,2,0,차대차 - 측면직각충돌,안전운전불이행,건조,맑음,교차로 - 교차로안,승용,남,62세,상해없음,승용,남,54세,경상
2013092700100122,2013년 9월 27일 07시,금요일,대전광역시 유성구 봉명동,중상사고,0,2,0,0,차대차 - 측면직각충돌,신호위반,건조,맑음,교차로 - 교차로부근,승용,남,61세,상해없음,승용,남,33세,중상
2013092700100197,2013년 9월 27일 09시,금요일,대전광역시 중구 대사동,경상사고,0,0,1,0,차량단독 - 공작물충돌,기타,건조,맑음,단일로 - 기타,승합,남,51세,상해없음,,,,
2013092700100222,2013년 9월 27일 10시,금요일,대전광역시 동구 가양동,중상사고,0,1,1,0,차대차 - 측면직각충돌,교차로운행방법위반,건조,맑음,교차로 - 교차로안,화물,여,48세,중상,승합,여,38세,경상
2013092700100254,2013년 9월 27일 11시,금요일,대전광역시 중구 산성동,경상사고,0,0,2,0,차대차 - 기타,안전운전불이행,건조,맑음,교차로 - 교차로안,승합,남,47세,경상,승용,남,27세,경상
2013092700100255,2013년 9월 27일 11시,금요일,대전광역시 서구 변동,중상사고,0,1,0,0,차대사람 - 차도통행중,안전운전불이행,습기,비,단일로 - 기타,승용,남,22세,상해없음,보행자,여,77세,중상
2013092700100265,2013년 9월 27일 12시,금요일,대전광역시 대덕구 신대동,중상사고,0,1,0,0,차대차 - 추돌 - 주정차중,안전운전불이행,건조,맑음,단일로 - 기타,승용,기타불명,기타불명,기타불명,승용,남,45세,중상
2013092700100275,2013년 9월 27일 12시,금요일,대전광역시 서구 정림동,경상사고,0,0,1,0,차대사람 - 횡단중,보행자보호의무위반,건조,맑음,단일로 - 기타,승용,남,68세,상해없음,보행자,여,33세,경상
2013092700100340,2013년 9월 27일 14시,금요일,대전광역시 중구 용두동,경상사고,0,0,1,0,차량단독 - 공작물충돌,기타,건조,맑음,단일로 - 기타,승합,남,42세,상해없음,,,,
2013092700100416,2013년 9월 27일 16시,금요일,대전광역시 서구 둔산동,중상사고,0,1,0,0,차량단독 - 기타,안전거리미확보,건조,맑음,단일로 - 기타,승합,남,55세,상해없음,,,,
2013092700100460,2013년 9월 27일 17시,금요일,대전광역시 서구 도마동,중상사고,0,1,0,0,차대사람 - 차도통행중,안전운전불이행,건조,맑음,단일로 - 기타,특수,남,32세,상해없음,보행자,남,15세,중상
2013092700100522,2013년 9월 27일 18시,금요일,대전광역시 유성구 용계동,중상사고,0,1,0,0,차대차 - 측면직각충돌,신호위반,건조,맑음,교차로 - 교차로안,승용,여,43세,상해없음,원동기,남,55세,중상
2013092700100523,2013년 9월 27일 18시,금요일,대전광역시 유성구 구암동,경상사고,0,0,1,0,차대차 - 측면직각충돌,안전운전불이행,건조,맑음,단일로 - 기타,승합,남,42세,상해없음,승용,여,46세,경상
2013092700100611,2013년 9월 27일 20시,금요일,대전광역시 서구 둔산동,경상사고,0,0,1,0,차대사람 - 차도통행중,안전운전불이행,건조,맑음,단일로 - 기타,승용,여,41세,상해없음,보행자,남,20세,경상
2013092700100612,2013년 9월 27일 20시,금요일,대전광역시 서구 월평동,경상사고,0,0,1,0,차대차 - 측면직각충돌,교차로운행방법위반,건조,맑음,교차로 - 교차로안,이륜,남,38세,상해없음,자전거,남,17세,경상
2013092700100689,2013년 9월 27일 22시,금요일,대전광역시 유성구 반석동,부상신고사고,0,0,0,1,차대차 - 추돌 - 진행중,안전운전불이행,건조,맑음,기타 - 기타,승용,여,53세,상해없음,승용,여,43세,부상신고
2013092700100711,2013년 9월 27일 23시,금요일,대전광역시 동구 소제동,경상사고,0,0,1,0,차대차 - 측면직각충돌,안전운전불이행,건조,맑음,단일로 - 기타,승용,여,40세,상해없음,승용,남,42세,경상
2013092700100712,2013년 9월 27일 23시,금요일,대전광역시 서구 도마동,중상사고,0,1,0,0,차대사람 - 횡단중,신호위반,건조,맑음,단일로 - 횡단보도상,이륜,남,18세,상해없음,보행자,남,57세,중상
2013092700100713,2013년 9월 27일 23시,금요일,대전광역시 서구 탄방동,중상사고,0,1,0,0,차대차 - 측면직각충돌,중앙선침범,건조,맑음,교차로 - 교차로부근,승용,여,36세,상해없음,승용,여,34세,중상
2013092700100714,2013년 9월 27일 23시,금요일,대전광역시 서구 탄방동,경상사고,0,0,1,0,차대차 - 측면직각충돌,교차로운행방법위반,건조,맑음,교차로 - 교차로안,승합,남,47세,상해없음,승용,여,33세,경상
2013092800100043,2013년 9월 28일 01시,토요일,대전광역시 중구 유천동,사망사고,1,0,0,0,차대사람 - 기타,안전운전불이행,건조,맑음,교차로 - 교차로부근,승용,남,70세,상해없음,보행자,남,45세,사망
2013092800100147,2013년 9월 28일 07시,토요일,대전광역시 동구 자양동,경상사고,0,0,4,0,차대차 - 측면직각충돌,교차로운행방법위반,건조,맑음,교차로 - 교차로안,승용,남,18세,기타불명,승용,남,54세,경상
2013092800100192,2013년 9월 28일 09시,토요일,대전광역시 유성구 원촌동,중상사고,0,1,0,0,차대차 - 정면충돌,안전운전불이행,건조,맑음,기타 - 기타,승용,남,26세,상해없음,자전거,남,43세,중상
2013092800100223,2013년 9월 28일 10시,토요일,대전광역시 중구 선화동,경상사고,0,0,1,0,차대사람 - 길가장자리구역통행중,안전운전불이행,건조,흐림,단일로 - 기타,승용,남,50세,상해없음,보행자,남,38세,경상
2013092800100224,2013년 9월 28일 10시,토요일,대전광역시 유성구 용산동,중상사고,0,1,0,0,차대사람 - 횡단중,신호위반,건조,흐림,단일로 - 횡단보도상,승용,여,45세,상해없음,보행자,여,9세,중상
2013092800100319,2013년 9월 28일 14시,토요일,대전광역시 중구 대흥동,중상사고,0,1,0,0,차대사람 - 횡단중,중앙선침범,건조,흐림,단일로 - 기타,승용,여,31세,상해없음,보행자,남,10세,중상
2013092800100320,2013년 9월 28일 14시,토요일,대전광역시 동구 대동,경상사고,0,0,1,0,차대사람 - 횡단중,안전운전불이행,건조,맑음,단일로 - 횡단보도부근,승합,남,55세,상해없음,보행자,여,12세,경상
2013092800100422,2013년 9월 28일 17시,토요일,대전광역시 동구 삼성동,경상사고,0,0,1,0,차대차 - 측면직각충돌,신호위반,습기,비,교차로 - 교차로부근,승용,남,57세,상해없음,승용,남,58세,경상
2013092800100423,2013년 9월 28일 17시,토요일,대전광역시 대덕구 중리동,경상사고,0,0,1,0,차대차 - 추돌 - 주정차중,중앙선침범,건조,맑음,단일로 - 기타,승용,남,53세,상해없음,승용,남,58세,경상
2013092800100479,2013년 9월 28일 18시,토요일,대전광역시 대덕구 오정동,경상사고,0,0,1,0,차대차 - 측면직각충돌,안전운전불이행,건조,맑음,교차로 - 교차로안,승용,남,49세,상해없음,승용,남,55세,경상
2013092800100537,2013년 9월 28일 19시,토요일,대전광역시 서구 도마동,중상사고,0,1,1,0,차대사람 - 횡단중,신호위반,습기,비,교차로 - 교차로부근,이륜,남,70세,상해없음,보행자,여,17세,중상
2013092800100538,2013년 9월 28일 19시,토요일,대전광역시 유성구 장대동,중상사고,0,1,0,0,차대차 - 정면충돌,신호위반,습기,비,교차로 - 교차로안,승용,남,23세,상해없음,이륜,남,45세,중상
2013092800100574,2013년 9월 28일 20시,토요일,대전광역시 서구 도안동,중상사고,0,1,0,0,차대차 - 측면직각충돌,안전운전불이행,습기,비,단일로 - 기타,승용,남,28세,상해없음,이륜,남,47세,중상
2013092800100575,2013년 9월 28일 20시,토요일,대전광역시 서구 갈마동,중상사고,0,1,0,0,차대차 - 측면직각충돌,신호위반,건조,맑음,교차로 - 교차로안,승용,남,33세,상해없음,승용,남,34세,중상
2013092800100670,2013년 9월 28일 22시,토요일,대전광역시 동구 원동,경상사고,0,0,3,0,차대차 - 측면직각충돌,교차로운행방법위반,습기,비,교차로 - 교차로안,승용,남,45세,상해없음,승용,여,35세,경상
2013092800100671,2013년 9월 28일 22시,토요일,대전광역시 대덕구 오정동,중상사고,0,1,0,0,차대사람 - 횡단중,안전운전불이행,습기,비,단일로 - 횡단보도부근,승용,여,53세,상해없음,보행자,여,35세,중상
2013092800100672,2013년 9월 28일 22시,토요일,대전광역시 대덕구 오정동,중상사고,0,1,1,0,차대사람 - 길가장자리구역통행중,안전운전불이행,건조,맑음,단일로 - 기타,승용,남,50세,상해없음,보행자,남,19세,중상
2013092800100705,2013년 9월 28일 23시,토요일,대전광역시 중구 선화동,경상사고,0,0,1,0,차대차 - 기타,안전운전불이행,건조,맑음,단일로 - 기타,승용,남,29세,상해없음,승용,남,56세,상해없음
2013092800100706,2013년 9월 28일 23시,토요일,대전광역시 동구 효동,경상사고,0,0,1,0,차대차 - 측면직각충돌,안전거리미확보,습기,비,단일로 - 기타,승용,여,46세,상해없음,원동기,남,21세,경상
2013092800100707,2013년 9월 28일 23시,토요일,대전광역시 서구 둔산동,경상사고,0,0,3,0,차대차 - 측면직각충돌,안전거리미확보,습기,비,단일로 - 기타,승용,남,33세,상해없음,승용,남,54세,상해없음
2013092900100116,2013년 9월 29일 03시,일요일,대전광역시 동구 소제동,경상사고,0,0,1,0,차대사람 - 횡단중,신호위반,습기,비,단일로 - 횡단보도부근,승용,여,45세,기타불명,보행자,남,55세,경상
2013092900100134,2013년 9월 29일 04시,일요일,대전광역시 서구 가장동,경상사고,0,0,1,0,차대차 - 측면직각충돌,신호위반,습기,비,교차로 - 교차로안,승용,남,31세,상해없음,승용,남,20세,상해없음
2013092900100155,2013년 9월 29일 05시,일요일,대전광역시 동구 자양동,경상사고,0,0,1,0,차대차 - 측면직각충돌,교차로운행방법위반,건조,맑음,교차로 - 교차로안,승용,여,22세,상해없음,승용,남,66세,경상
2013092900100156,2013년 9월 29일 05시,일요일,대전광역시 대덕구 오정동,경상사고,0,0,4,0,차대차 - 추돌 - 진행중,안전운전불이행,습기,비,교차로 - 교차로부근,승용,남,27세,상해없음,승용,남,60세,경상
2013092900100208,2013년 9월 29일 09시,일요일,대전광역시 유성구 장대동,경상사고,0,0,1,0,차대차 - 기타,안전운전불이행,습기,비,단일로 - 기타,승용,남,43세,상해없음,승용,남,25세,경상
2013092900100328,2013년 9월 29일 14시,일요일,대전광역시 동구 중동,경상사고,0,0,1,0,차대사람 - 횡단중,보행자보호의무위반,습기,비,교차로 - 교차로부근,화물,남,41세,상해없음,보행자,남,82세,경상
2013092900100379,2013년 9월 29일 16시,일요일,대전광역시 유성구 궁동,중상사고,0,2,0,0,차대사람 - 기타,안전운전불이행,습기,맑음,교차로 - 교차로부근,승용,여,47세,상해없음,보행자,여,48세,중상
2013092900100380,2013년 9월 29일 16시,일요일,대전광역시 유성구 봉명동,경상사고,0,0,1,0,차대사람 - 기타,안전운전불이행,건조,맑음,단일로 - 기타,승용,남,34세,상해없음,보행자,남,28세,경상
2013092900100491,2013년 9월 29일 19시,일요일,대전광역시 동구 성남동,경상사고,0,0,2,0,차대차 - 추돌 - 주정차중,안전운전불이행,습기,흐림,교차로 - 교차로부근,승용,남,52세,상해없음,승용,남,22세,상해없음
2013092900100492,2013년 9월 29일 19시,일요일,대전광역시 동구 홍도동,경상사고,0,0,1,0,차대차 - 측면직각충돌,안전운전불이행,습기,흐림,교차로 - 교차로안,승용,기타불명,기타불명,기타불명,승용,여,46세,경상
2013092900100493,2013년 9월 29일 19시,일요일,대전광역시 대덕구 미호동,중상사고,0,1,0,0,차대사람 - 횡단중,안전운전불이행,습기,비,교차로 - 교차로안,승용,남,66세,상해없음,보행자,남,55세,중상
2013092900100494,2013년 9월 29일 19시,일요일,대전광역시 서구 둔산동,경상사고,0,0,7,0,차대차 - 추돌 - 주정차중,안전운전불이행,습기,비,단일로 - 기타,화물,남,37세,상해없음,승용,남,33세,경상
2013092900100578,2013년 9월 29일 22시,일요일,대전광역시 동구 삼성동,중상사고,0,1,0,0,차대사람 - 횡단중,안전운전불이행,습기,비,단일로 - 기타,승용,남,42세,상해없음,보행자,여,51세,중상
2013093000100031,2013년 9월 30일 04시,월요일,대전광역시 서구 둔산동,경상사고,0,0,1,0,차대차 - 추돌 - 주정차중,안전운전불이행,습기,흐림,단일로 - 기타,승용,남,39세,상해없음,화물,여,49세,경상
2013093000100128,2013년 9월 30일 08시,월요일,대전광역시 동구 용전동,경상사고,0,0,1,0,차대차 - 추돌 - 진행중,안전거리미확보,건조,맑음,단일로 - 기타,원동기,남,24세,상해없음,승용,남,52세,경상
2013093000100129,2013년 9월 30일 08시,월요일,대전광역시 서구 둔산동,중상사고,0,1,1,0,차대차 - 기타,안전거리미확보,건조,맑음,미분류 - 미분류,승용,남,22세,상해없음,화물,남,52세,상해없음
2013093000100177,2013년 9월 30일 10시,월요일,대전광역시 중구 대흥동,경상사고,0,0,1,0,차대차 - 추돌 - 주정차중,안전운전불이행,건조,맑음,단일로 - 기타,승용,남,56세,상해없음,승용,남,52세,경상
2013093000100178,2013년 9월 30일 10시,월요일,대전광역시 서구 도마동,중상사고,0,1,0,0,차량단독 - 기타,안전운전불이행,건조,맑음,단일로 - 기타,승합,남,38세,상해없음,,,,
2013093000100209,2013년 9월 30일 11시,월요일,대전광역시 중구 선화동,경상사고,0,0,1,0,차대차 - 측면직각충돌,안전운전불이행,건조,맑음,교차로 - 교차로부근,화물,남,71세,상해없음,승용,남,61세,경상
2013093000100210,2013년 9월 30일 11시,월요일,대전광역시 서구 가수원동,경상사고,0,0,1,0,차대차 - 추돌 - 주정차중,안전운전불이행,건조,맑음,교차로 - 교차로부근,승용,기타불명,기타불명,기타불명,승용,남,48세,경상
2013093000100233,2013년 9월 30일 12시,월요일,대전광역시 유성구 신성동,경상사고,0,0,2,0,차대차 - 추돌 - 주정차중,안전운전불이행,건조,맑음,교차로 - 교차로부근,승용,남,76세,상해없음,승용,남,58세,경상
2013093000100346,2013년 9월 30일 16시,월요일,대전광역시 유성구 원내동,경상사고,0,0,2,0,차대차 - 측면직각충돌,안전운전불이행,건조,맑음,단일로 - 기타,승용,남,46세,상해없음,승용,여,23세,경상
2013093000100383,2013년 9월 30일 17시,월요일,대전광역시 유성구 반석동,경상사고,0,0,1,0,차대차 - 추돌 - 주정차중,안전운전불이행,건조,맑음,교차로 - 교차로부근,승용,남,39세,상해없음,승용,남,36세,경상
2013093000100427,2013년 9월 30일 18시,월요일,대전광역시 서구 용문동,중상사고,0,1,0,0,차대사람 - 기타,안전운전불이행,건조,맑음,단일로 - 기타,승용,남,47세,상해없음,보행자,여,56세,중상
2013093000100469,2013년 9월 30일 19시,월요일,대전광역시 유성구 봉명동,중상사고,0,1,0,0,차대사람 - 기타,안전운전불이행,건조,맑음,단일로 - 기타,농기계,남,42세,상해없음,보행자,남,79세,중상
2013093000100529,2013년 9월 30일 21시,월요일,대전광역시 동구 홍도동,경상사고,0,0,1,0,차대차 - 기타,안전운전불이행,건조,맑음,단일로 - 기타,승용,남,38세,기타불명,승용,남,39세,경상
2013093000100530,2013년 9월 30일 21시,월요일,대전광역시 유성구 탑립동,경상사고,0,0,2,0,차대차 - 추돌 - 주정차중,안전운전불이행,건조,맑음,교차로 - 교차로부근,승용,남,40세,상해없음,승용,여,49세,경상
2013093000100548,2013년 9월 30일 22시,월요일,대전광역시 서구 도마동,경상사고,0,0,1,0,차대사람 - 차도통행중,안전운전불이행,건조,맑음,단일로 - 기타,이륜,남,18세,상해없음,보행자,남,25세,경상
2013093000100579,2013년 9월 30일 23시,월요일,대전광역시 서구 도마동,중상사고,0,1,0,0,차대사람 - 차도통행중,안전운전불이행,건조,맑음,단일로 - 기타,이륜,남,18세,상해없음,보행자,여,53세,중상
2013100100100018,2013년 10월 1일 00시,화요일,대전광역시 서구 둔산동,경상사고,0,0,2,0,차대차 - 기타,신호위반,건조,맑음,교차로 - 교차로안,승용,남,33세,상해없음,승용,여,58세,경상
2013100100100042,2013년 10월 1일 03시,화요일,대전광역시 대덕구 중리동,중상사고,0,1,0,0,차대차 - 추돌 - 진행중,안전운전불이행,건조,맑음,단일로 - 기타,승용,남,32세,상해없음,이륜,남,59세,중상
2013100100100053,2013년 10월 1일 04시,화요일,대전광역시 서구 월평동,경상사고,0,0,4,0,차대차 - 측면직각충돌,안전운전불이행,건조,맑음,단일로 - 기타,기타불명,기타불명,기타불명,기타불명,화물,남,33세,경상
2013100100100067,2013년 10월 1일 05시,화요일,대전광역시 동구 중동,경상사고,0,0,1,0,차대차 - 측면직각충돌,신호위반,건조,맑음,교차로 - 교차로안,화물,남,19세,상해없음,승합,남,41세,경상
2013100100100088,2013년 10월 1일 06시,화요일,대전광역시 동구 삼성동,중상사고,0,1,0,0,차대차 - 기타,신호위반,건조,맑음,단일로 - 횡단보도상,화물,남,32세,상해없음,자전거,남,56세,중상
2013100100100119,2013년 10월 1일 07시,화요일,대전광역시 중구 오류동,경상사고,0,0,1,0,차대차 - 추돌 - 진행중,안전거리미확보,건조,맑음,교차로 - 교차로부근,승합,남,59세,상해없음,승용,여,48세,경상
2013100100100237,2013년 10월 1일 11시,화요일,대전광역시 중구 오류동,중상사고,0,1,0,0,차대차 - 측면직각충돌,안전운전불이행,건조,맑음,교차로 - 교차로안,승용,여,41세,상해없음,승용,남,64세,중상
2013100100100238,2013년 10월 1일 11시,화요일,대전광역시 동구 중동,경상사고,0,0,1,0,차대사람 - 길가장자리구역통행중,안전운전불이행,건조,맑음,단일로 - 기타,승용,여,66세,상해없음,보행자,남,42세,경상
2013100100100266,2013년 10월 1일 12시,화요일,대전광역시 동구 정동,중상사고,0,1,1,0,차대차 - 추돌 - 주정차중,안전운전불이행,건조,맑음,단일로 - 기타,화물,남,35세,상해없음,원동기,남,41세,중상
2013100100100292,2013년 10월 1일 13시,화요일,대전광역시 서구 둔산동,경상사고,0,0,2,0,차대차 - 측면직각충돌,신호위반,건조,맑음,교차로 - 교차로안,승용,남,66세,상해없음,승용,여,37세,경상
2013100100100387,2013년 10월 1일 16시,화요일,대전광역시 서구 정림동,중상사고,0,1,1,0,차대차 - 측면직각충돌,신호위반,건조,맑음,교차로 - 교차로안,승용,여,50세,경상,승용,남,44세,중상
2013100100100388,2013년 10월 1일 16시,화요일,대전광역시 서구 변동,경상사고,0,0,1,0,차대차 - 추돌 - 진행중,안전운전불이행,건조,맑음,단일로 - 기타,승용,여,50세,상해없음,승용,남,49세,경상
2013100100100473,2013년 10월 1일 18시,화요일,대전광역시 대덕구 읍내동,중상사고,0,1,0,0,차대차 - 측면직각충돌,안전운전불이행,건조,맑음,교차로 - 교차로안,승용,여,20세,상해없음,이륜,남,60세,중상
2013100100100515,2013년 10월 1일 19시,화요일,대전광역시 중구 석교동,경상사고,0,0,1,0,차대차 - 측면직각충돌,안전운전불이행,건조,맑음,교차로 - 교차로안,승용,남,44세,상해없음,승용,남,68세,경상
2013100100100554,2013년 10월 1일 20시,화요일,대전광역시 대덕구 오정동,중상사고,0,1,0,0,차대차 - 측면직각충돌,신호위반,건조,맑음,교차로 - 교차로안,승용,여,45세,상해없음,원동기,남,34세,중상
2013100100100627,2013년 10월 1일 23시,화요일,대전광역시 동구 용전동,중상사고,0,1,1,0,차대차 - 추돌 - 진행중,중앙선침범,건조,맑음,교차로 - 교차로부근,승용,남,62세,경상,승용,남,36세,중상
2013100100100628,2013년 10월 1일 23시,화요일,대전광역시 서구 둔산동,경상사고,0,0,2,0,차대차 - 측면직각충돌,안전거리미확보,건조,맑음,교차로 - 교차로부근,승용,남,23세,상해없음,승용,남,59세,경상
2013100100100629,2013년 10월 1일 23시,화요일,대전광역시 서구 갈마동,경상사고,0,0,1,0,차대차 - 추돌 - 진행중,안전운전불이행,건조,맑음,단일로 - 교량,승용,남,56세,기타불명,승용,남,26세,경상
2013100200100095,2013년 10월 2일 07시,수요일,대전광역시 중구 호동,경상사고,0,0,1,0,차대차 - 측면직각충돌,안전거리미확보,건조,맑음,단일로 - 기타,승합,남,56세,상해없음,승용,남,41세,경상
2013100200100145,2013년 10월 2일 09시,수요일,대전광역시 대덕구 덕암동,경상사고,0,0,1,0,차대사람 - 횡단중,보행자보호의무위반,건조,맑음,단일로 - 횡단보도상,승용,여,35세,상해없음,보행자,여,63세,경상
2013100200100220,2013년 10월 2일 12시,수요일,대전광역시 중구 선화동,중상사고,0,1,2,0,차대차 - 추돌 - 주정차중,안전운전불이행,건조,맑음,교차로 - 교차로부근,화물,남,28세,상해없음,화물,남,45세,경상
2013100200100349,2013년 10월 2일 16시,수요일,대전광역시 중구 호동,중상사고,0,1,0,0,차대사람 - 기타,보행자보호의무위반,건조,맑음,교차로 - 교차로안,화물,기타불명,기타불명,기타불명,보행자,남,9세,중상
2013100200100398,2013년 10월 2일 17시,수요일,대전광역시 대덕구 석봉동,중상사고,0,1,0,0,차대차 - 측면직각충돌,안전운전불이행,건조,맑음,교차로 - 교차로안,승용,남,69세,상해없음,자전거,남,11세,중상
2013100200100540,2013년 10월 2일 20시,수요일,대전광역시 중구 태평동,경상사고,0,0,1,0,차대사람 - 횡단중,안전운전불이행,건조,맑음,단일로 - 기타,승용,남,51세,상해없음,보행자,남,58세,경상
2013100200100541,2013년 10월 2일 20시,수요일,대전광역시 동구 용전동,경상사고,0,0,1,0,차대사람 - 기타,안전운전불이행,건조,맑음,단일로 - 기타,승용,여,49세,상해없음,보행자,여,58세,경상
2013100300100051,2013년 10월 3일 01시,목요일,대전광역시 서구 용문동,경상사고,0,0,2,0,차대차 - 추돌 - 진행중,안전거리미확보,건조,맑음,단일로 - 기타,승용,남,37세,상해없음,승용,남,38세,경상
2013100300100052,2013년 10월 3일 01시,목요일,대전광역시 유성구 봉명동,경상사고,0,0,3,0,차대차 - 추돌 - 주정차중,안전운전불이행,건조,맑음,교차로 - 교차로부근,승용,남,33세,상해없음,승용,남,54세,경상
2013100300100070,2013년 10월 3일 02시,목요일,대전광역시 서구 탄방동,경상사고,0,0,1,0,차대차 - 추돌 - 진행중,안전거리미확보,건조,맑음,교차로 - 교차로안,승용,남,29세,상해없음,이륜,남,25세,경상
2013100300100088,2013년 10월 3일 03시,목요일,대전광역시 서구 둔산동,경상사고,0,0,1,0,차대차 - 추돌 - 주정차중,안전거리미확보,건조,맑음,단일로 - 기타,승용,남,36세,상해없음,승용,남,57세,경상
2013100300100243,2013년 10월 3일 11시,목요일,대전광역시 동구 신흥동,경상사고,0,0,4,0,차대차 - 추돌 - 주정차중,안전운전불이행,건조,맑음,교차로 - 교차로부근,승용,남,39세,상해없음,승용,남,31세,경상
2013100300100267,2013년 10월 3일 12시,목요일,대전광역시 대덕구 상서동,경상사고,0,0,1,0,차대차 - 측면직각충돌,차로위반,건조,맑음,미분류 - 미분류,화물,남,65세,상해없음,승합,남,44세,경상
2013100300100401,2013년 10월 3일 16시,목요일,대전광역시 유성구 봉명동,중상사고,0,1,0,0,차대차 - 측면직각충돌,중앙선침범,건조,맑음,교차로 - 교차로부근,승용,남,45세,상해없음,이륜,남,26세,중상
2013100300100549,2013년 10월 3일 20시,목요일,대전광역시 유성구 전민동,경상사고,0,0,1,0,차대사람 - 횡단중,신호위반,건조,맑음,단일로 - 횡단보도상,승용,남,49세,상해없음,보행자,여,18세,경상
2013100300100622,2013년 10월 3일 23시,목요일,대전광역시 대덕구 신탄진동,경상사고,0,0,3,0,차대차 - 추돌 - 진행중,중앙선침범,건조,맑음,단일로 - 기타,승용,여,43세,상해없음,승용,남,22세,경상
2013100400100130,2013년 10월 4일 08시,금요일,대전광역시 동구 가양동,경상사고,0,0,1,0,차대차 - 추돌 - 주정차중,안전거리미확보,건조,맑음,단일로 - 기타,원동기,남,19세,기타불명,승용,여,32세,경상
2013100400100171,2013년 10월 4일 09시,금요일,대전광역시 대덕구 읍내동,중상사고,0,1,0,0,차대차 - 기타,교차로운행방법위반,건조,맑음,교차로 - 교차로안,승용,남,69세,상해없음,자전거,남,39세,중상
2013100400100220,2013년 10월 4일 11시,금요일,대전광역시 중구 유천동,중상사고,0,1,4,0,차대차 - 추돌 - 진행중,안전운전불이행,건조,맑음,단일로 - 기타,승합,남,41세,상해없음,승용,여,33세,경상
2013100400100250,2013년 10월 4일 12시,금요일,대전광역시 중구 태평동,경상사고,0,0,1,0,차대사람 - 횡단중,안전운전불이행,건조,맑음,교차로 - 교차로안,승용,여,34세,상해없음,보행자,남,16세,경상
2013100400100251,2013년 10월 4일 12시,금요일,대전광역시 동구 대성동,중상사고,0,1,0,0,차대차 - 측면직각충돌,안전거리미확보,건조,맑음,단일로 - 기타,승용,남,57세,상해없음,승용,남,41세,중상
2013100400100279,2013년 10월 4일 13시,금요일,대전광역시 서구 갈마동,경상사고,0,0,2,0,차대차 - 기타,안전운전불이행,건조,맑음,단일로 - 기타,승용,남,54세,상해없음,화물,여,53세,상해없음
2013100400100326,2013년 10월 4일 14시,금요일,대전광역시 중구 유천동,경상사고,0,0,1,0,차대차 - 측면직각충돌,안전운전불이행,건조,맑음,단일로 - 기타,승용,여,50세,상해없음,승용,여,33세,경상