사고번호,사고일시,요일,시군구,사고내용,사망자수,중상자수,경상자수,부상신고자수,사고유형,법규위반,노면상태,기상상태,도로형태,가해운전자 차종,가해운전자 성별,가해운전자 연령,가해운전자 상해정도,피해운전자 차종,피해운전자 성별,피해운전자 연령,피해운전자 상해정도
2013101100100688,2013년 10월 11일 22시,금요일,대전광역시 동구 대동,중상사고,0,1,0,0,차대차 - 측면직각충돌,안전운전불이행,건조,맑음,단일로 - 횡단보도상,승용,남,31세,상해없음,자전거,여,58세,중상
2013101200100021,2013년 10월 12일 00시,토요일,대전광역시 서구 변동,사망사고,1,0,0,0,차대사람 - 기타,안전운전불이행,건조,맑음,단일로 - 기타,화물,남,38세,상해없음,보행자,남,41세,사망
2013101200100039,2013년 10월 12일 01시,토요일,대전광역시 대덕구 오정동,중상사고,0,2,0,0,차대차 - 측면직각충돌,안전거리미확보,건조,맑음,교차로 - 교차로부근,승용,남,54세,상해없음,승용,남,48세,중상
2013101200100057,2013년 10월 12일 02시,토요일,대전광역시 서구 갈마동,경상사고,0,0,1,0,차대차 - 기타,안전운전불이행,건조,맑음,교차로 - 교차로안,화물,남,39세,상해없음,승용,남,59세,경상
2013101200100080,2013년 10월 12일 04시,토요일,대전광역시 서구 갈마동,경상사고,0,0,1,0,차대차 - 측면직각충돌,안전운전불이행,건조,맑음,단일로 - 기타,승용,남,21세,상해없음,승용,남,57세,경상
2013101200100100,2013년 10월 12일 05시,토요일,대전광역시 동구 중동,경상사고,0,0,2,0,차대차 - 측면직각충돌,신호위반,건조,맑음,교차로 - 교차로안,승용,남,55세,상해없음,승용,남,64세,경상
2013101200100101,2013년 10월 12일 05시,토요일,대전광역시 서구 도마동,경상사고,0,0,1,0,차대차 - 기타,차로위반,건조,맑음,단일로 - 기타,승용,기타불명,기타불명,기타불명,승용,여,50세,경상
2013101200100207,2013년 10월 12일 09시,토요일,대전광역시 중구 문화동,중상사고,0,1,0,0,차대차 - 측면직각충돌,안전거리미확보,건조,맑음,단일로 - 기타,화물,남,43세,상해없음,원동기,남,62세,중상
2013101200100208,2013년 10월 12일 09시,토요일,대전광역시 유성구 송강동,중상사고,0,1,0,0,차대차 - 기타,안전운전불이행,건조,맑음,교차로 - 교차로안,승용,여,43세,상해없음,자전거,남,17세,중상
2013101200100235,2013년 10월 12일 10시,토요일,대전광역시 동구 판암동,경상사고,0,0,1,0,차대사람 - 차도통행중,안전운전불이행,건조,맑음,단일로 - 기타,화물,남,43세,상해없음,보행자,남,4세,경상
2013101200100327,2013년 10월 12일 13시,토요일,대전광역시 중구 산성동,경상사고,0,0,1,0,차량단독 - 기타,기타,건조,맑음,단일로 - 기타,승합,남,45세,상해없음,,,,
2013101200100328,2013년 10월 12일 13시,토요일,대전광역시 서구 둔산동,중상사고,0,1,0,0,차량단독 - 기타,안전운전불이행,건조,맑음,단일로 - 기타,승합,남,50세,상해없음,,,,
2013101200100375,2013년 10월 12일 14시,토요일,대전광역시 동구 용전동,중상사고,0,1,0,0,차대사람 - 차도통행중,안전운전불이행,건조,맑음,단일로 - 기타,승용,남,61세,상해없음,보행자,여,13세,중상
2013101200100376,2013년 10월 12일 14시,토요일,대전광역시 동구 용전동,경상사고,0,0,1,0,차대사람 - 기타,기타,건조,맑음,교차로 - 교차로부근,승합,남,39세,상해없음,보행자,여,61세,경상
2013101200100377,2013년 10월 12일 14시,토요일,대전광역시 유성구 전민동,경상사고,0,0,1,0,차대사람 - 기타,안전운전불이행,건조,맑음,기타 - 기타,자전거,남,62세,상해없음,보행자,여,5세,경상
2013101200100423,2013년 10월 12일 15시,토요일,대전광역시 동구 판암동,경상사고,0,0,1,0,차대차 - 측면직각충돌,신호위반,건조,맑음,교차로 - 교차로안,승용,여,63세,상해없음,승용,남,24세,경상
2013101200100424,2013년 10월 12일 15시,토요일,대전광역시 서구 월평동,중상사고,0,1,0,0,차량단독 - 기타,안전운전불이행,건조,맑음,단일로 - 기타,승합,남,54세,상해없음,,,,
2013101200100457,2013년 10월 12일 16시,토요일,대전광역시 동구 원동,경상사고,0,0,1,0,차대차 - 측면직각충돌,안전거리미확보,건조,맑음,교차로 - 교차로부근,승합,남,50세,상해없음,승용,여,51세,경상
2013101200100491,2013년 10월 12일 17시,토요일,대전광역시 동구 신흥동,경상사고,0,0,1,0,차대차 - 측면직각충돌,안전거리미확보,건조,맑음,교차로 - 교차로부근,화물,남,32세,상해없음,자전거,남,31세,경상
2013101200100534,2013년 10월 12일 18시,토요일,대전광역시 중구 선화동,경상사고,0,0,1,0,차대사람 - 차도통행중,중앙선침범,건조,맑음,단일로 - 기타,승용,남,52세,상해없음,보행자,남,34세,경상
2013101200100535,2013년 10월 12일 18시,토요일,대전광역시 동구 소제동,경상사고,0,0,1,0,차대사람 - 기타,기타,건조,맑음,단일로 - 기타,승합,남,64세,상해없음,보행자,여,59세,경상
2013101200100587,2013년 10월 12일 19시,토요일,대전광역시 서구 변동,중상사고,0,1,0,0,차대차 - 측면직각충돌,신호위반,건조,맑음,교차로 - 교차로안,이륜,남,50세,중상,승용,남,43세,상해없음
2013101200100620,2013년 10월 12일 20시,토요일,대전광역시 중구 문화동,경상사고,0,0,1,0,차대차 - 기타,안전운전불이행,건조,맑음,단일로 - 기타,승합,남,44세,상해없음,승용,남,47세,상해없음
2013101200100660,2013년 10월 12일 21시,토요일,대전광역시 서구 변동,부상신고사고,0,0,0,1,차대차 - 측면직각충돌,안전거리미확보,건조,흐림,교차로 - 교차로부근,승용,남,26세,상해없음,화물,남,30세,부상신고
2013101200100684,2013년 10월 12일 22시,토요일,대전광역시 중구 태평동,경상사고,0,0,2,0,차대차 - 추돌 - 주정차중,안전운전불이행,건조,맑음,교차로 - 교차로부근,승용,남,45세,상해없음,승용,남,30세,경상
2013101200100712,2013년 10월 12일 23시,토요일,대전광역시 중구 산성동,경상사고,0,0,2,0,차대차 - 측면직각충돌,안전운전불이행,건조,맑음,교차로 - 교차로안,승용,남,22세,상해없음,승용,여,48세,경상
2013101300100027,2013년 10월 13일 00시,일요일,대전광역시 중구 대흥동,중상사고,0,1,0,0,차대차 - 측면직각충돌,중앙선침범,건조,맑음,단일로 - 기타,승용,남,56세,상해없음,이륜,남,23세,중상
2013101300100062,2013년 10월 13일 02시,일요일,대전광역시 동구 용전동,경상사고,0,0,1,0,차대사람 - 횡단중,신호위반,건조,맑음,단일로 - 횡단보도상,승용,남,51세,상해없음,보행자,남,32세,경상
2013101300100063,2013년 10월 13일 02시,일요일,대전광역시 동구 가양동,경상사고,0,0,1,0,차대차 - 측면직각충돌,안전거리미확보,건조,맑음,단일로 - 기타,승용,남,21세,상해없음,화물,남,60세,경상
2013101300100064,2013년 10월 13일 02시,일요일,대전광역시 서구 월평동,중상사고,0,1,0,0,차대사람 - 횡단중,안전운전불이행,건조,맑음,교차로 - 교차로부근,승용,남,62세,상해없음,보행자,남,15세,중상
2013101300100073,2013년 10월 13일 03시,일요일,대전광역시 동구 성남동,경상사고,0,0,1,0,차대사람 - 기타,안전운전불이행,건조,맑음,단일로 - 기타,승용,남,42세,상해없음,보행자,남,56세,경상
2013101300100161,2013년 10월 13일 09시,일요일,대전광역시 유성구 신봉동,경상사고,0,0,1,0,차대차 - 기타,교차로운행방법위반,건조,맑음,교차로 - 교차로안,승용,남,31세,상해없음,승용,여,35세,경상
2013101300100356,2013년 10월 13일 17시,일요일,대전광역시 유성구 봉명동,중상사고,0,1,3,0,차대차 - 측면직각충돌,신호위반,건조,맑음,교차로 - 교차로안,승용,남,42세,상해없음,승용,남,40세,경상
2013101400100063,2013년 10월 14일 06시,월요일,대전광역시 대덕구 오정동,중상사고,0,1,0,0,차대사람 - 횡단중,안전운전불이행,건조,맑음,단일로 - 기타,승용,남,59세,상해없음,보행자,여,81세,중상
2013101400100145,2013년 10월 14일 08시,월요일,대전광역시 중구 태평동,중상사고,0,1,0,0,차대차 - 측면직각충돌,안전운전불이행,건조,맑음,교차로 - 교차로안,승용,여,47세,상해없음,원동기,남,53세,중상
2013101400100184,2013년 10월 14일 09시,월요일,대전광역시 동구 가양동,경상사고,0,0,2,0,차대차 - 추돌 - 진행중,차로위반,건조,맑음,단일로 - 기타,승합,남,35세,상해없음,승용,남,32세,경상
2013101400100210,2013년 10월 14일 10시,월요일,대전광역시 중구 목동,중상사고,0,1,1,0,차대차 - 측면직각충돌,신호위반,건조,맑음,교차로 - 교차로안,이륜,남,52세,중상,승용,여,41세,경상
2013101400100211,2013년 10월 14일 10시,월요일,대전광역시 서구 탄방동,경상사고,0,0,1,0,차대차 - 기타,안전운전불이행,건조,맑음,교차로 - 교차로안,승용,남,32세,상해없음,승용,여,26세,경상
2013101400100272,2013년 10월 14일 12시,월요일,대전광역시 대덕구 대화동,중상사고,0,1,0,0,차대사람 - 차도통행중,안전운전불이행,건조,맑음,교차로 - 교차로안,화물,남,64세,상해없음,보행자,여,69세,중상
2013101400100331,2013년 10월 14일 14시,월요일,대전광역시 서구 복수동,중상사고,0,1,0,0,차대사람 - 횡단중,보행자보호의무위반,건조,맑음,교차로 - 교차로부근,승용,남,24세,상해없음,보행자,남,21세,중상
2013101400100385,2013년 10월 14일 15시,월요일,대전광역시 동구 판암동,경상사고,0,0,7,0,차대차 - 측면직각충돌,신호위반,건조,맑음,교차로 - 교차로안,승용,남,68세,상해없음,승합,남,68세,경상
2013101400100419,2013년 10월 14일 16시,월요일,대전광역시 중구 산성동,경상사고,0,0,1,0,차대차 - 기타,안전운전불이행,건조,맑음,교차로 - 교차로부근,승합,남,67세,상해없음,이륜,남,35세,경상
2013101400100458,2013년 10월 14일 17시,월요일,대전광역시 동구 대동,경상사고,0,0,1,0,차대사람 - 기타,안전운전불이행,건조,맑음,단일로 - 기타,원동기,남,38세,상해없음,보행자,여,11세,경상
2013101400100528,2013년 10월 14일 18시,월요일,대전광역시 대덕구 신일동,경상사고,0,0,2,0,차대차 - 측면직각충돌,안전운전불이행,건조,맑음,교차로 - 교차로부근,승용,남,68세,경상,승용,남,23세,경상
2013101400100574,2013년 10월 14일 19시,월요일,대전광역시 서구 월평동,경상사고,0,0,1,0,차대차 - 기타,안전운전불이행,건조,맑음,단일로 - 교량,승용,남,41세,상해없음,승용,여,57세,경상
2013101400100632,2013년 10월 14일 21시,월요일,대전광역시 서구 괴정동,중상사고,0,1,0,0,차대차 - 측면직각충돌,신호위반,건조,맑음,교차로 - 교차로안,승용,여,44세,상해없음,승용,남,52세,중상
2013101400100633,2013년 10월 14일 21시,월요일,대전광역시 서구 도마동,중상사고,0,1,0,0,차대차 - 추돌 - 주정차중,안전운전불이행,건조,맑음,단일로 - 기타,승용,남,56세,상해없음,이륜,남,29세,중상
2013101400100634,2013년 10월 14일 21시,월요일,대전광역시 서구 둔산동,중상사고,0,1,1,0,차대차 - 기타,안전거리미확보,건조,맑음,단일로 - 기타,승용,남,24세,상해없음,승용,남,55세,중상
2013101400100692,2013년 10월 14일 23시,월요일,대전광역시 동구 가오동,경상사고,0,0,2,0,차대차 - 측면직각충돌,안전거리미확보,건조,맑음,단일로 - 기타,승용,남,58세,경상,승용,남,42세,경상
2013101400100693,2013년 10월 14일 23시,월요일,대전광역시 서구 관저동,중상사고,0,1,0,0,차대차 - 기타,중앙선침범,건조,맑음,단일로 - 기타,승용,여,38세,상해없음,승용,여,40세,중상
2013101500100020,2013년 10월 15일 00시,화요일,대전광역시 동구 자양동,중상사고,0,1,2,0,차대차 - 추돌 - 주정차중,안전운전불이행,건조,맑음,교차로 - 교차로안,원동기,남,25세,중상,승용,남,37세,경상
2013101500100055,2013년 10월 15일 05시,화요일,대전광역시 동구 중동,경상사고,0,0,1,0,차대차 - 측면직각충돌,안전운전불이행,건조,맑음,교차로 - 교차로안,승용,기타불명,기타불명,기타불명,승용,남,55세,경상
2013101500100195,2013년 10월 15일 11시,화요일,대전광역시 서구 복수동,중상사고,0,1,2,0,차대차 - 측면직각충돌,신호위반,건조,맑음,교차로 - 교차로안,승용,남,51세,상해없음,화물,남,49세,경상
2013101500100280,2013년 10월 15일 14시,화요일,대전광역시 대덕구 송촌동,경상사고,0,0,1,0,차대사람 - 기타,보행자보호의무위반,건조,맑음,단일로 - 기타,승용,여,38세,상해없음,보행자,남,6세,경상
2013101500100331,2013년 10월 15일 16시,화요일,대전광역시 대덕구 비래동,경상사고,0,0,1,0,차대사람 - 기타,안전운전불이행,건조,맑음,단일로 - 기타,승용,기타불명,기타불명,기타불명,보행자,남,10세,경상
2013101500100357,2013년 10월 15일 17시,화요일,대전광역시 중구 용두동,경상사고,0,0,2,0,차대차 - 기타,안전운전불이행,건조,맑음,교차로 - 교차로안,승용,남,49세,경상,화물,남,54세,경상
2013101500100358,2013년 10월 15일 17시,화요일,대전광역시 서구 둔산동,경상사고,0,0,1,0,차대차 - 추돌 - 진행중,안전운전불이행,건조,맑음,단일로 - 기타,기타불명,기타불명,기타불명,기타불명,승용,여,33세,경상
2013101500100428,2013년 10월 15일 18시,화요일,대전광역시 동구 삼성동,중상사고,0,1,0,0,차대사람 - 횡단중,안전운전불이행,건조,맑음,단일로 - 기타,승용,남,50세,상해없음,보행자,여,12세,중상
2013101500100472,2013년 10월 15일 19시,화요일,대전광역시 서구 가장동,중상사고,0,1,0,0,차대차 - 기타,안전운전불이행,건조,맑음,교차로 - 교차로안,자전거,남,46세,중상,승용,남,21세,상해없음
2013101500100542,2013년 10월 15일 21시,화요일,대전광역시 동구 가양동,경상사고,0,0,1,0,차대차 - 측면직각충돌,신호위반,건조,맑음,교차로 - 교차로안,승용,남,48세,상해없음,원동기,남,46세,경상
2013101500100590,2013년 10월 15일 23시,화요일,대전광역시 중구 유천동,중상사고,0,1,0,0,차대사람 - 횡단중,신호위반,건조,맑음,교차로 - 교차로부근,승용,남,53세,상해없음,보행자,남,57세,중상
2013101500100591,2013년 10월 15일 23시,화요일,대전광역시 대덕구 덕암동,중상사고,0,1,1,0,차대차 - 측면직각충돌,교차로운행방법위반,건조,맑음,교차로 - 교차로안,승용,남,36세,상해없음,승용,여,46세,중상
2013101600100048,2013년 10월 16일 03시,수요일,대전광역시 동구 신상동,경상사고,0,0,1,0,차량단독 - 공작물충돌,안전운전불이행,건조,맑음,단일로 - 기타,승용,남,55세,경상,,,,
2013101600100181,2013년 10월 16일 08시,수요일,대전광역시 동구 소제동,경상사고,0,0,2,0,차대차 - 추돌 - 주정차중,안전운전불이행,건조,맑음,단일로 - 기타,승용,남,30세,기타불명,승용,남,42세,경상
2013101600100182,2013년 10월 16일 08시,수요일,대전광역시 대덕구 와동,경상사고,0,0,2,0,차대차 - 측면직각충돌,중앙선침범,건조,맑음,단일로 - 기타,승용,남,37세,상해없음,승용,남,53세,경상
2013101600100183,2013년 10월 16일 08시,수요일,대전광역시 서구 둔산동,경상사고,0,0,1,0,차대사람 - 기타,보행자보호의무위반,건조,맑음,단일로 - 횡단보도상,승용,여,55세,상해없음,보행자,여,45세,경상
2013101600100219,2013년 10월 16일 09시,수요일,대전광역시 중구 오류동,경상사고,0,0,2,0,차대차 - 추돌 - 진행중,안전운전불이행,건조,맑음,교차로 - 교차로부근,승용,남,58세,상해없음,승용,남,62세,경상
2013101600100287,2013년 10월 16일 11시,수요일,대전광역시 동구 가양동,경상사고,0,0,1,0,차대사람 - 기타,안전운전불이행,건조,맑음,단일로 - 기타,승용,남,74세,상해없음,보행자,여,33세,경상
2013101600100338,2013년 10월 16일 13시,수요일,대전광역시 서구 둔산동,중상사고,0,1,0,0,차대사람 - 횡단중,보행자보호의무위반,건조,맑음,단일로 - 기타,승용,여,50세,상해없음,보행자,여,48세,중상
2013101600100365,2013년 10월 16일 14시,수요일,대전광역시 서구 정림동,경상사고,0,0,1,0,차대사람 - 횡단중,보행자보호의무위반,건조,맑음,교차로 - 교차로안,승용,기타불명,기타불명,기타불명,보행자,여,12세,경상
2013101600100478,2013년 10월 16일 17시,수요일,대전광역시 중구 용두동,경상사고,0,0,1,0,차대차 - 측면직각충돌,안전운전불이행,건조,맑음,단일로 - 기타,승용,남,72세,상해없음,원동기,남,46세,경상
2013101600100479,2013년 10월 16일 17시,수요일,대전광역시 서구 만년동,경상사고,0,0,1,0,차대차 - 추돌 - 진행중,안전거리미확보,기타,맑음,기타 - 기타,자전거,남,60세,상해없음,자전거,여,63세,경상
2013101600100528,2013년 10월 16일 18시,수요일,대전광역시 동구 자양동,경상사고,0,0,1,0,차대차 - 측면직각충돌,안전운전불이행,건조,맑음,단일로 - 횡단보도상,승용,남,36세,상해없음,자전거,남,22세,경상
2013101600100529,2013년 10월 16일 18시,수요일,대전광역시 동구 가오동,중상사고,0,1,0,0,차대차 - 기타,안전거리미확보,건조,맑음,단일로 - 기타,승용,남,33세,상해없음,원동기,남,53세,중상
2013101600100530,2013년 10월 16일 18시,수요일,대전광역시 대덕구 문평동,경상사고,0,0,1,0,차대사람 - 횡단중,안전운전불이행,건조,맑음,단일로 - 기타,승용,여,31세,상해없음,보행자,여,23세,경상
2013101600100565,2013년 10월 16일 19시,수요일,대전광역시 유성구 궁동,경상사고,0,0,2,0,차대차 - 추돌 - 진행중,안전운전불이행,건조,맑음,단일로 - 기타,승용,남,43세,상해없음,승용,남,39세,경상
2013101600100566,2013년 10월 16일 19시,수요일,대전광역시 유성구 용산동,부상신고사고,0,0,0,1,차대차 - 기타,안전운전불이행,건조,맑음,교차로 - 교차로안,승합,남,50세,상해없음,자전거,남,15세,부상신고
2013101600100633,2013년 10월 16일 21시,수요일,대전광역시 대덕구 송촌동,중상사고,0,1,4,0,차대차 - 추돌 - 주정차중,안전운전불이행,건조,맑음,교차로 - 교차로부근,승용,남,49세,상해없음,승용,여,50세,중상
2013101600100663,2013년 10월 16일 22시,수요일,대전광역시 중구 대흥동,경상사고,0,0,1,0,차대차 - 기타,안전운전불이행,건조,맑음,단일로 - 기타,승용,남,29세,상해없음,원동기,남,44세,경상
2013101600100664,2013년 10월 16일 22시,수요일,대전광역시 서구 월평동,경상사고,0,0,1,0,차대차 - 추돌 - 진행중,중앙선침범,건조,맑음,단일로 - 기타,승용,남,43세,상해없음,원동기,남,29세,경상
2013101600100665,2013년 10월 16일 22시,수요일,대전광역시 유성구 장대동,경상사고,0,0,3,0,차대차 - 추돌 - 진행중,안전운전불이행,건조,맑음,교차로 - 교차로부근,승용,남,37세,상해없음,승용,남,48세,경상
2013101600100684,2013년 10월 16일 23시,수요일,대전광역시 서구 월평동,경상사고,0,0,2,0,차대차 - 추돌 - 진행중,안전거리미확보,건조,맑음,교차로 - 교차로안,승용,남,31세,상해없음,승용,남,48세,경상
2013101700100021,2013년 10월 17일 00시,목요일,대전광역시 대덕구 중리동,경상사고,0,0,1,0,차대차 - 추돌 - 주정차중,안전운전불이행,건조,맑음,교차로 - 교차로부근,승용,남,30세,상해없음,이륜,남,19세,경상
2013101700100022,2013년 10월 17일 00시,목요일,대전광역시 서구 갈마동,경상사고,0,0,1,0,차대차 - 추돌 - 진행중,안전운전불이행,건조,맑음,단일로 - 기타,승용,남,25세,상해없음,승용,남,48세,경상
2013101700100033,2013년 10월 17일 01시,목요일,대전광역시 서구 괴정동,경상사고,0,0,1,0,차대사람 - 기타,안전운전불이행,건조,맑음,단일로 - 기타,승용,남,36세,상해없음,보행자,남,39세,경상
2013101700100049,2013년 10월 17일 03시,목요일,대전광역시 대덕구 석봉동,경상사고,0,0,1,0,차대차 - 추돌 - 주정차중,안전운전불이행,건조,맑음,단일로 - 기타,승용,남,25세,경상,승용,기타불명,기타불명,기타불명
2013101700100149,2013년 10월 17일 08시,목요일,대전광역시 유성구 죽동,중상사고,0,1,0,0,차대사람 - 기타,안전운전불이행,건조,맑음,기타 - 기타,화물,남,60세,상해없음,보행자,여,45세,중상
2013101700100221,2013년 10월 17일 11시,목요일,대전광역시 동구 판암동,경상사고,0,0,2,0,차대차 - 측면직각충돌,신호위반,건조,맑음,교차로 - 교차로안,승용,남,46세,상해없음,승용,남,66세,상해없음
2013101700100293,2013년 10월 17일 14시,목요일,대전광역시 동구 낭월동,경상사고,0,0,1,0,차대사람 - 횡단중,보행자보호의무위반,건조,맑음,교차로 - 교차로부근,승용,남,56세,상해없음,보행자,여,11세,경상
2013101700100294,2013년 10월 17일 14시,목요일,대전광역시 유성구 화암동,중상사고,0,1,0,0,차대사람 - 기타,안전운전불이행,건조,맑음,단일로 - 기타,승용,남,31세,상해없음,보행자,남,68세,중상
2013101700100384,2013년 10월 17일 17시,목요일,대전광역시 유성구 도룡동,중상사고,0,1,0,0,차대차 - 기타,신호위반,건조,맑음,교차로 - 교차로안,승용,남,25세,상해없음,원동기,남,59세,중상
2013101700100385,2013년 10월 17일 17시,목요일,대전광역시 서구 둔산동,경상사고,0,0,2,0,차대차 - 기타,안전운전불이행,건조,맑음,단일로 - 기타,승용,남,52세,상해없음,승용,여,22세,경상
2013101700100421,2013년 10월 17일 18시,목요일,대전광역시 중구 은행동,경상사고,0,0,1,0,차대사람 - 길가장자리구역통행중,안전운전불이행,건조,맑음,단일로 - 기타,승용,기타불명,기타불명,기타불명,보행자,여,21세,경상
2013101700100479,2013년 10월 17일 20시,목요일,대전광역시 서구 월평동,중상사고,0,1,0,0,차대사람 - 횡단중,보행자보호의무위반,건조,맑음,교차로 - 교차로안,원동기,남,20세,상해없음,보행자,남,68세,중상
2013101700100518,2013년 10월 17일 21시,목요일,대전광역시 서구 괴정동,경상사고,0,0,2,0,차대차 - 추돌 - 주정차중,안전운전불이행,건조,맑음,단일로 - 기타,승용,남,54세,상해없음,승용,여,34세,경상
2013101700100545,2013년 10월 17일 22시,목요일,대전광역시 중구 태평동,중상사고,0,1,0,0,차대차 - 측면직각충돌,교차로운행방법위반,건조,흐림,교차로 - 교차로안,승용,여,40세,상해없음,원동기,남,45세,중상
2013101800100037,2013년 10월 18일 02시,금요일,대전광역시 서구 월평동,중상사고,0,1,1,0,차대차 - 측면직각충돌,신호위반,건조,맑음,교차로 - 교차로안,승용,여,31세,상해없음,승용,여,33세,경상
2013101800100062,2013년 10월 18일 05시,금요일,대전광역시 동구 신흥동,중상사고,0,1,0,0,차대사람 - 보도통행중,보행자보호의무위반,건조,맑음,단일로 - 횡단보도상,승용,남,72세,상해없음,보행자,여,69세,중상
2013101800100081,2013년 10월 18일 06시,금요일,대전광역시 동구 용전동,경상사고,0,0,1,0,차대차 - 추돌 - 진행중,안전운전불이행,건조,맑음,교차로 - 교차로부근,승용,여,44세,상해없음,승용,남,71세,경상
2013101800100082,2013년 10월 18일 06시,금요일,대전광역시 동구 판암동,경상사고,0,0,1,0,차대사람 - 기타,안전운전불이행,건조,맑음,단일로 - 기타,승용,남,23세,상해없음,보행자,남,76세,경상
2013101800100168,2013년 10월 18일 08시,금요일,대전광역시 서구 용문동,경상사고,0,0,1,0,차대차 - 측면직각충돌,안전운전불이행,건조,맑음,단일로 - 기타,승용,여,44세,상해없음,화물,남,61세,상해없음
2013101800100347,2013년 10월 18일 14시,금요일,대전광역시 동구 소제동,경상사고,0,0,1,0,차대차 - 측면직각충돌,신호위반,건조,맑음,단일로 - 기타,승용,남,79세,상해없음,승용,여,50세,경상
2013101800100421,2013년 10월 18일 16시,금요일,대전광역시 동구 대동,중상사고,0,1,0,0,차대사람 - 횡단중,중앙선침범,건조,맑음,단일로 - 기타,승용,남,60세,상해없음,보행자,여,18세,중상
2013101800100470,2013년 10월 18일 17시,금요일,대전광역시 중구 부사동,경상사고,0,0,1,0,차대차 - 추돌 - 주정차중,안전운전불이행,건조,맑음,교차로 - 교차로안,승용,남,48세,상해없음,승용,남,47세,경상
2013101800100587,2013년 10월 18일 19시,금요일,대전광역시 서구 월평동,중상사고,0,1,2,0,차대차 - 측면직각충돌,신호위반,건조,맑음,교차로 - 교차로안,승용,여,38세,상해없음,승용,남,48세,경상
2013101800100642,2013년 10월 18일 20시,금요일,대전광역시 서구 내동,경상사고,0,0,1,0,차대사람 - 횡단중,보행자보호의무위반,건조,맑음,단일로 - 횡단보도상,이륜,남,52세,상해없음,보행자,남,56세,경상
2013101800100705,2013년 10월 18일 22시,금요일,대전광역시 중구 태평동,사망사고,1,0,0,0,차대사람 - 횡단중,안전운전불이행,건조,맑음,단일로 - 횡단보도상,승용,남,26세,상해없음,보행자,여,81세,사망
2013101800100706,2013년 10월 18일 22시,금요일,대전광역시 유성구 궁동,경상사고,0,0,1,0,차대차 - 기타,교차로운행방법위반,건조,맑음,교차로 - 교차로안,승용,남,26세,상해없음,화물,남,56세,경상
2013101800100735,2013년 10월 18일 23시,금요일,대전광역시 중구 태평동,경상사고,0,0,1,0,차대차 - 추돌 - 진행중,안전운전불이행,건조,맑음,교차로 - 교차로부근,승용,여,36세,상해없음,승용,여,41세,경상
2013101800100736,2013년 10월 18일 23시,금요일,대전광역시 중구 대흥동,경상사고,0,0,2,0,차대차 - 추돌 - 주정차중,안전운전불이행,건조,맑음,교차로 - 교차로부근,승용,남,53세,상해없음,승용,남,60세,경상
2013101800100737,2013년 10월 18일 23시,금요일,대전광역시 동구 천동,중상사고,0,1,0,0,차대차 - 정면충돌,중앙선침범,건조,흐림,단일로 - 기타,승용,남,46세,상해없음,승용,남,34세,중상
2013101800100738,2013년 10월 18일 23시,금요일,대전광역시 서구 괴정동,경상사고,0,0,1,0,차대차 - 측면직각충돌,신호위반,건조,맑음,교차로 - 교차로안,승용,남,34세,상해없음,승용,남,46세,경상
2013101800100739,2013년 10월 18일 23시,금요일,대전광역시 서구 둔산동,경상사고,0,0,1,0,차대차 - 기타,중앙선침범,건조,맑음,단일로 - 기타,승용,남,24세,상해없음,승용,남,23세,상해없음
2013101900100078,2013년 10월 19일 03시,토요일,대전광역시 동구 홍도동,경상사고,0,0,1,0,차대차 - 기타,안전운전불이행,건조,맑음,미분류 - 미분류,승용,남,48세,상해없음,승용,남,55세,상해없음
2013101900100079,2013년 10월 19일 03시,토요일,대전광역시 서구 둔산동,경상사고,0,0,4,0,차대차 - 측면직각충돌,안전운전불이행,건조,맑음,교차로 - 교차로안,승용,남,51세,상해없음,승합,남,27세,경상
2013101900100139,2013년 10월 19일 07시,토요일,대전광역시 동구 삼성동,경상사고,0,0,1,0,차대차 - 기타,신호위반,건조,맑음,교차로 - 교차로부근,기타불명,기타불명,기타불명,기타불명,자전거,남,54세,경상
2013101900100163,2013년 10월 19일 08시,토요일,대전광역시 대덕구 중리동,경상사고,0,0,1,0,차대사람 - 차도통행중,안전운전불이행,건조,맑음,단일로 - 기타,승용,남,26세,상해없음,보행자,여,57세,경상
2013101900100187,2013년 10월 19일 09시,토요일,대전광역시 중구 산성동,중상사고,0,1,0,0,차대차 - 측면직각충돌,안전운전불이행,건조,맑음,교차로 - 교차로안,승용,여,64세,상해없음,승용,여,48세,중상
2013101900100213,2013년 10월 19일 10시,토요일,대전광역시 중구 태평동,경상사고,0,0,1,0,차대차 - 측면직각충돌,안전거리미확보,건조,맑음,단일로 - 기타,승용,여,42세,상해없음,승용,여,49세,경상
2013101900100239,2013년 10월 19일 11시,토요일,대전광역시 서구 용문동,경상사고,0,0,1,0,차대차 - 측면직각충돌,차로위반,건조,맑음,단일로 - 기타,승합,남,32세,상해없음,승용,남,42세,상해없음