사고번호,사고일시,요일,시군구,사고내용,사망자수,중상자수,경상자수,부상신고자수,사고유형,법규위반,노면상태,기상상태,도로형태,가해운전자 차종,가해운전자 성별,가해운전자 연령,가해운전자 상해정도,피해운전자 차종,피해운전자 성별,피해운전자 연령,피해운전자 상해정도
2013101900100259,2013년 10월 19일 12시,토요일,대전광역시 동구 용전동,중상사고,0,1,0,0,차대사람 - 기타,안전운전불이행,건조,맑음,단일로 - 기타,원동기,남,56세,상해없음,보행자,남,15세,중상
2013101900100260,2013년 10월 19일 12시,토요일,대전광역시 서구 변동,경상사고,0,0,1,0,차대차 - 기타,중앙선침범,건조,맑음,단일로 - 터널,승용,남,45세,상해없음,승용,남,42세,경상
2013101900100261,2013년 10월 19일 12시,토요일,대전광역시 대덕구 덕암동,중상사고,0,1,0,0,차대차 - 측면직각충돌,안전운전불이행,건조,맑음,단일로 - 기타,화물,남,56세,상해없음,자전거,남,75세,중상
2013101900100363,2013년 10월 19일 15시,토요일,대전광역시 유성구 궁동,경상사고,0,0,1,0,차대차 - 기타,안전운전불이행,건조,맑음,단일로 - 기타,승합,남,44세,상해없음,승용,남,25세,경상
2013101900100364,2013년 10월 19일 15시,토요일,대전광역시 서구 월평동,경상사고,0,0,2,0,차대차 - 기타,안전운전불이행,건조,맑음,단일로 - 기타,승용,여,28세,상해없음,승용,남,34세,경상
2013101900100365,2013년 10월 19일 15시,토요일,대전광역시 유성구 전민동,경상사고,0,0,1,0,차대차 - 기타,안전운전불이행,건조,맑음,교차로 - 교차로안,승용,여,43세,상해없음,화물,남,29세,경상
2013101900100397,2013년 10월 19일 16시,토요일,대전광역시 중구 오류동,경상사고,0,0,1,0,차대차 - 측면직각충돌,안전운전불이행,건조,맑음,교차로 - 교차로부근,승용,남,27세,상해없음,승용,남,44세,경상
2013101900100398,2013년 10월 19일 16시,토요일,대전광역시 유성구 노은동,중상사고,0,3,0,0,차대차 - 기타,신호위반,건조,맑음,교차로 - 교차로안,승용,남,46세,중상,화물,남,30세,중상
2013101900100486,2013년 10월 19일 18시,토요일,대전광역시 중구 옥계동,중상사고,0,1,0,0,차대사람 - 횡단중,안전운전불이행,건조,맑음,단일로 - 기타,승합,남,35세,상해없음,보행자,남,71세,중상
2013101900100487,2013년 10월 19일 18시,토요일,대전광역시 대덕구 읍내동,경상사고,0,0,2,0,차대차 - 측면직각충돌,안전운전불이행,건조,맑음,단일로 - 기타,승용,기타불명,기타불명,기타불명,승용,남,25세,경상
2013101900100522,2013년 10월 19일 19시,토요일,대전광역시 중구 오류동,경상사고,0,0,6,0,차대차 - 추돌 - 주정차중,안전운전불이행,건조,맑음,단일로 - 기타,승용,남,54세,상해없음,승용,여,33세,경상
2013101900100523,2013년 10월 19일 19시,토요일,대전광역시 중구 산성동,경상사고,0,0,1,0,차대차 - 측면직각충돌,안전운전불이행,건조,맑음,교차로 - 교차로안,원동기,남,19세,상해없음,승용,남,55세,경상
2013101900100524,2013년 10월 19일 19시,토요일,대전광역시 서구 월평동,경상사고,0,0,1,0,차대차 - 측면직각충돌,직진우회전진행방해,건조,맑음,교차로 - 교차로안,승합,남,61세,상해없음,승용,여,38세,경상
2013101900100563,2013년 10월 19일 20시,토요일,대전광역시 서구 둔산동,경상사고,0,0,1,0,차량단독 - 기타,기타,건조,맑음,단일로 - 기타,승합,남,53세,상해없음,,,,
2013101900100595,2013년 10월 19일 21시,토요일,대전광역시 대덕구 오정동,경상사고,0,0,1,0,차대사람 - 횡단중,안전운전불이행,건조,맑음,교차로 - 교차로안,원동기,남,48세,상해없음,보행자,여,40세,경상
2013102000100044,2013년 10월 20일 01시,일요일,대전광역시 동구 삼성동,중상사고,0,1,0,0,차대차 - 추돌 - 주정차중,안전운전불이행,건조,맑음,단일로 - 기타,승용,여,21세,상해없음,특수,남,29세,기타불명
2013102000100059,2013년 10월 20일 02시,일요일,대전광역시 유성구 어은동,경상사고,0,0,1,0,차대차 - 측면직각충돌,신호위반,건조,맑음,교차로 - 교차로안,승용,남,65세,상해없음,승용,남,34세,경상
2013102000100073,2013년 10월 20일 03시,일요일,대전광역시 서구 월평동,경상사고,0,0,1,0,차대차 - 측면직각충돌,안전운전불이행,건조,맑음,교차로 - 교차로안,화물,남,39세,상해없음,승용,남,45세,경상
2013102000100086,2013년 10월 20일 04시,일요일,대전광역시 서구 둔산동,경상사고,0,0,1,0,차대차 - 측면직각충돌,안전거리미확보,건조,맑음,단일로 - 교량,승용,남,23세,상해없음,승용,남,51세,경상
2013102000100094,2013년 10월 20일 05시,일요일,대전광역시 서구 내동,중상사고,0,1,0,0,차대사람 - 보도통행중,신호위반,건조,맑음,단일로 - 횡단보도부근,화물,기타불명,기타불명,기타불명,보행자,여,75세,중상
2013102000100095,2013년 10월 20일 05시,일요일,대전광역시 대덕구 오정동,중상사고,0,1,0,0,차대차 - 측면직각충돌,신호위반,건조,맑음,교차로 - 교차로안,승합,남,54세,상해없음,승용,여,39세,중상
2013102000100185,2013년 10월 20일 10시,일요일,대전광역시 유성구 도룡동,중상사고,0,1,1,0,차대차 - 측면직각충돌,신호위반,건조,맑음,교차로 - 교차로안,승용,여,49세,상해없음,승용,남,64세,경상
2013102000100286,2013년 10월 20일 14시,일요일,대전광역시 유성구 송강동,경상사고,0,0,1,0,차대차 - 기타,안전운전불이행,건조,맑음,단일로 - 기타,이륜,남,40세,상해없음,승용,여,36세,경상
2013102000100324,2013년 10월 20일 15시,일요일,대전광역시 중구 부사동,경상사고,0,0,5,0,차대차 - 측면직각충돌,교차로운행방법위반,건조,맑음,교차로 - 교차로안,승용,남,59세,상해없음,승용,남,30세,경상
2013102000100401,2013년 10월 20일 17시,일요일,대전광역시 중구 은행동,경상사고,0,0,1,0,차대차 - 측면직각충돌,신호위반,건조,맑음,교차로 - 교차로안,승용,여,52세,상해없음,승용,남,45세,경상
2013102000100461,2013년 10월 20일 18시,일요일,대전광역시 중구 선화동,경상사고,0,0,1,0,차대차 - 측면직각충돌,안전거리미확보,건조,맑음,단일로 - 기타,승용,여,46세,상해없음,원동기,남,47세,경상
2013102000100489,2013년 10월 20일 19시,일요일,대전광역시 동구 정동,중상사고,0,1,0,0,차대차 - 기타,신호위반,건조,맑음,교차로 - 교차로안,승용,남,62세,상해없음,승용,남,23세,중상
2013102000100521,2013년 10월 20일 20시,일요일,대전광역시 중구 사정동,중상사고,0,1,0,0,차대사람 - 횡단중,보행자보호의무위반,건조,맑음,교차로 - 교차로부근,승용,여,34세,상해없음,보행자,남,56세,중상
2013102000100558,2013년 10월 20일 22시,일요일,대전광역시 서구 둔산동,경상사고,0,0,2,0,차대차 - 기타,안전운전불이행,건조,맑음,단일로 - 기타,승용,남,54세,상해없음,승용,여,49세,경상
2013102000100569,2013년 10월 20일 23시,일요일,대전광역시 서구 변동,경상사고,0,0,4,2,차대차 - 측면직각충돌,안전운전불이행,건조,맑음,교차로 - 교차로안,승용,남,32세,경상,승용,여,46세,경상
2013102000100570,2013년 10월 20일 23시,일요일,대전광역시 서구 월평동,경상사고,0,0,2,0,차대차 - 추돌 - 진행중,안전운전불이행,건조,맑음,단일로 - 기타,승용,남,31세,상해없음,승용,남,28세,경상
2013102100100015,2013년 10월 21일 00시,월요일,대전광역시 서구 둔산동,중상사고,0,2,0,0,차대차 - 기타,신호위반,건조,맑음,교차로 - 교차로안,승용,남,22세,상해없음,승용,남,55세,중상
2013102100100076,2013년 10월 21일 06시,월요일,대전광역시 유성구 봉명동,경상사고,0,0,1,0,차대차 - 기타,안전운전불이행,건조,맑음,단일로 - 교량,승용,남,32세,상해없음,화물,남,56세,경상
2013102100100170,2013년 10월 21일 09시,월요일,대전광역시 서구 갈마동,경상사고,0,0,1,0,차대사람 - 횡단중,안전운전불이행,건조,맑음,교차로 - 교차로부근,승용,남,36세,상해없음,보행자,여,45세,경상
2013102100100363,2013년 10월 21일 15시,월요일,대전광역시 중구 문화동,경상사고,0,0,1,0,차대사람 - 횡단중,신호위반,건조,맑음,교차로 - 교차로안,화물,남,66세,상해없음,보행자,남,58세,경상
2013102100100364,2013년 10월 21일 15시,월요일,대전광역시 서구 도마동,경상사고,0,0,1,0,차대사람 - 길가장자리구역통행중,안전운전불이행,건조,맑음,단일로 - 기타,승용,기타불명,기타불명,기타불명,보행자,여,22세,경상
2013102100100404,2013년 10월 21일 16시,월요일,대전광역시 서구 가수원동,사망사고,1,0,0,0,차대차 - 추돌 - 주정차중,중앙선침범,건조,맑음,단일로 - 기타,승용,여,56세,사망,승합,남,44세,상해없음
2013102100100508,2013년 10월 21일 18시,월요일,대전광역시 서구 변동,경상사고,0,0,2,0,차대차 - 추돌 - 진행중,안전운전불이행,건조,맑음,단일로 - 기타,승용,남,65세,상해없음,승용,여,48세,경상
2013102100100509,2013년 10월 21일 18시,월요일,대전광역시 유성구 구암동,경상사고,0,0,1,0,차대차 - 기타,신호위반,건조,맑음,교차로 - 교차로부근,화물,남,36세,상해없음,이륜,남,58세,경상
2013102100100588,2013년 10월 21일 20시,월요일,대전광역시 동구 판암동,경상사고,0,0,1,0,차대차 - 측면직각충돌,안전운전불이행,건조,맑음,기타 - 기타,승용,남,59세,상해없음,승용,남,44세,경상
2013102200100059,2013년 10월 22일 05시,화요일,대전광역시 동구 대성동,중상사고,0,2,0,0,차대차 - 추돌 - 진행중,중앙선침범,건조,맑음,단일로 - 기타,자전거,남,78세,중상,화물,남,62세,상해없음
2013102200100074,2013년 10월 22일 06시,화요일,대전광역시 동구 홍도동,사망사고,1,0,0,0,차대사람 - 차도통행중,안전운전불이행,건조,맑음,단일로 - 기타,승용,남,37세,상해없음,보행자,여,86세,사망
2013102200100266,2013년 10월 22일 12시,화요일,대전광역시 대덕구 법동,중상사고,0,1,0,0,차대사람 - 기타,안전운전불이행,건조,맑음,단일로 - 기타,승합,남,43세,상해없음,보행자,여,75세,중상
2013102200100330,2013년 10월 22일 14시,화요일,대전광역시 동구 삼성동,경상사고,0,0,2,0,차대차 - 추돌 - 주정차중,안전거리미확보,건조,맑음,단일로 - 기타,승용,남,53세,상해없음,승용,남,55세,경상
2013102200100331,2013년 10월 22일 14시,화요일,대전광역시 서구 도마동,경상사고,0,0,1,0,차대사람 - 기타,안전운전불이행,건조,맑음,단일로 - 기타,승용,여,48세,상해없음,보행자,남,23세,경상
2013102200100389,2013년 10월 22일 16시,화요일,대전광역시 유성구 궁동,사망사고,1,0,0,0,차량단독 - 기타,안전운전불이행,건조,맑음,단일로 - 기타,승용,남,54세,사망,,,,
2013102200100474,2013년 10월 22일 18시,화요일,대전광역시 유성구 덕명동,경상사고,0,0,2,0,차대차 - 추돌 - 주정차중,안전거리미확보,건조,맑음,교차로 - 교차로부근,승용,기타불명,기타불명,기타불명,승용,남,60세,상해없음
2013102200100574,2013년 10월 22일 21시,화요일,대전광역시 동구 소제동,중상사고,0,1,0,0,차대사람 - 횡단중,신호위반,건조,맑음,단일로 - 횡단보도상,이륜,남,72세,상해없음,보행자,여,46세,중상
2013102200100608,2013년 10월 22일 22시,화요일,대전광역시 대덕구 오정동,중상사고,0,1,0,0,차대사람 - 횡단중,보행자보호의무위반,건조,맑음,교차로 - 교차로안,승용,남,40세,상해없음,보행자,여,52세,중상
2013102300100024,2013년 10월 23일 00시,수요일,대전광역시 서구 만년동,경상사고,0,0,1,0,차량단독 - 기타,기타,건조,맑음,단일로 - 기타,승용,남,60세,상해없음,,,,
2013102300100025,2013년 10월 23일 00시,수요일,대전광역시 유성구 지족동,경상사고,0,0,1,0,차대차 - 추돌 - 주정차중,안전운전불이행,건조,맑음,교차로 - 교차로부근,승용,남,24세,상해없음,승용,남,42세,경상
2013102300100085,2013년 10월 23일 05시,수요일,대전광역시 유성구 원내동,중상사고,0,1,0,0,차대사람 - 횡단중,안전운전불이행,건조,맑음,교차로 - 교차로부근,승용,남,58세,상해없음,보행자,남,23세,중상
2013102300100215,2013년 10월 23일 09시,수요일,대전광역시 동구 구도동,경상사고,0,0,2,0,차대차 - 추돌 - 진행중,안전거리미확보,건조,맑음,단일로 - 기타,화물,남,46세,상해없음,승용,여,57세,경상
2013102300100245,2013년 10월 23일 10시,수요일,대전광역시 유성구 대정동,중상사고,0,1,0,0,차대차 - 기타,안전운전불이행,건조,맑음,교차로 - 교차로안,승합,남,56세,상해없음,자전거,여,37세,중상
2013102300100273,2013년 10월 23일 11시,수요일,대전광역시 중구 사정동,중상사고,0,1,0,0,차대차 - 기타,안전운전불이행,건조,맑음,교차로 - 교차로안,승합,남,39세,상해없음,원동기,남,74세,중상
2013102300100274,2013년 10월 23일 11시,수요일,대전광역시 서구 가수원동,중상사고,0,1,0,0,차대사람 - 기타,안전운전불이행,건조,맑음,교차로 - 교차로안,승용,남,67세,상해없음,보행자,남,24세,중상
2013102300100291,2013년 10월 23일 12시,수요일,대전광역시 유성구 관평동,경상사고,0,0,1,0,차대사람 - 기타,안전운전불이행,건조,맑음,단일로 - 기타,이륜,기타불명,기타불명,기타불명,보행자,남,6세,경상
2013102300100388,2013년 10월 23일 15시,수요일,대전광역시 중구 대흥동,중상사고,0,1,0,0,차량단독 - 기타,기타,건조,맑음,교차로 - 교차로안,승합,남,47세,상해없음,,,,
2013102300100519,2013년 10월 23일 18시,수요일,대전광역시 유성구 관평동,경상사고,0,0,1,0,차대차 - 기타,안전운전불이행,건조,맑음,교차로 - 교차로안,승용,남,26세,상해없음,승용,남,24세,경상
2013102300100557,2013년 10월 23일 19시,수요일,대전광역시 중구 문화동,경상사고,0,0,1,0,차대차 - 정면충돌,신호위반,건조,맑음,교차로 - 교차로안,승용,여,50세,상해없음,이륜,남,44세,경상
2013102300100618,2013년 10월 23일 21시,수요일,대전광역시 대덕구 오정동,경상사고,0,0,1,1,차대차 - 측면직각충돌,신호위반,건조,맑음,교차로 - 교차로안,승용,여,50세,상해없음,승용,남,46세,경상
2013102300100619,2013년 10월 23일 21시,수요일,대전광역시 유성구 지족동,중상사고,0,1,0,0,차대차 - 기타,안전운전불이행,건조,맑음,단일로 - 기타,승용,여,29세,상해없음,승용,여,34세,중상
2013102400100019,2013년 10월 24일 00시,목요일,대전광역시 서구 둔산동,중상사고,0,2,2,0,차대차 - 측면직각충돌,안전운전불이행,건조,맑음,단일로 - 기타,승용,남,23세,상해없음,승용,남,35세,중상
2013102400100029,2013년 10월 24일 01시,목요일,대전광역시 동구 용운동,경상사고,0,0,1,0,차대차 - 측면직각충돌,안전거리미확보,건조,맑음,단일로 - 기타,원동기,여,19세,상해없음,승용,남,52세,상해없음
2013102400100048,2013년 10월 24일 03시,목요일,대전광역시 동구 용운동,경상사고,0,0,3,0,차대차 - 측면직각충돌,중앙선침범,건조,맑음,교차로 - 교차로부근,승용,남,25세,상해없음,승용,남,22세,경상
2013102400100054,2013년 10월 24일 04시,목요일,대전광역시 서구 용문동,경상사고,0,0,3,0,차대차 - 추돌 - 주정차중,안전운전불이행,건조,맑음,단일로 - 기타,화물,남,66세,상해없음,화물,남,56세,상해없음
2013102400100175,2013년 10월 24일 08시,목요일,대전광역시 동구 대동,경상사고,0,0,1,0,차대차 - 추돌 - 진행중,안전거리미확보,기타,기타,단일로 - 기타,승용,남,67세,상해없음,승용,여,43세,경상
2013102400100176,2013년 10월 24일 08시,목요일,대전광역시 서구 변동,중상사고,0,1,0,0,차대차 - 측면직각충돌,안전운전불이행,건조,맑음,단일로 - 기타,승용,남,50세,상해없음,원동기,남,73세,중상
2013102400100203,2013년 10월 24일 09시,목요일,대전광역시 중구 태평동,중상사고,0,1,0,0,차대차 - 기타,신호위반,건조,맑음,단일로 - 횡단보도상,승용,남,38세,상해없음,자전거,남,47세,중상
2013102400100524,2013년 10월 24일 18시,목요일,대전광역시 중구 부사동,경상사고,0,0,1,0,차대차 - 기타,안전운전불이행,건조,맑음,단일로 - 기타,승용,남,57세,상해없음,승용,여,32세,경상
2013102400100525,2013년 10월 24일 18시,목요일,대전광역시 동구 인동,중상사고,0,1,0,0,차대차 - 기타,안전운전불이행,건조,맑음,단일로 - 기타,승용,남,21세,상해없음,원동기,남,66세,중상
2013102400100598,2013년 10월 24일 20시,목요일,대전광역시 중구 옥계동,중상사고,0,1,0,0,차대차 - 기타,중앙선침범,건조,맑음,단일로 - 기타,이륜,남,58세,상해없음,원동기,남,36세,중상
2013102400100599,2013년 10월 24일 20시,목요일,대전광역시 유성구 봉명동,경상사고,0,0,1,0,차대사람 - 횡단중,안전운전불이행,건조,맑음,단일로 - 기타,승용,여,51세,상해없음,보행자,여,16세,경상
2013102400100624,2013년 10월 24일 21시,목요일,대전광역시 유성구 지족동,경상사고,0,0,1,0,차대차 - 측면직각충돌,신호위반,건조,맑음,교차로 - 교차로안,이륜,남,18세,상해없음,승용,남,52세,상해없음
2013102400100686,2013년 10월 24일 23시,목요일,대전광역시 서구 월평동,경상사고,0,0,1,0,차대차 - 추돌 - 진행중,안전거리미확보,건조,맑음,교차로 - 교차로부근,승용,남,36세,상해없음,승용,남,44세,경상
2013102500100016,2013년 10월 25일 00시,금요일,대전광역시 중구 태평동,경상사고,0,0,3,0,차대차 - 기타,안전운전불이행,건조,맑음,단일로 - 기타,승용,여,46세,상해없음,승용,남,40세,경상
2013102500100017,2013년 10월 25일 00시,금요일,대전광역시 서구 갈마동,중상사고,0,1,0,0,차대차 - 측면직각충돌,신호위반,건조,맑음,교차로 - 교차로안,승용,여,40세,상해없음,승용,여,47세,중상
2013102500100037,2013년 10월 25일 01시,금요일,대전광역시 서구 탄방동,경상사고,0,0,1,0,차대차 - 측면직각충돌,안전운전불이행,건조,맑음,교차로 - 교차로안,승용,남,49세,상해없음,원동기,남,20세,경상
2013102500100058,2013년 10월 25일 03시,금요일,대전광역시 서구 탄방동,경상사고,0,0,1,0,차대차 - 추돌 - 진행중,안전운전불이행,건조,맑음,교차로 - 교차로안,승용,남,26세,상해없음,승용,여,47세,경상
2013102500100081,2013년 10월 25일 05시,금요일,대전광역시 중구 용두동,중상사고,0,1,0,0,차대차 - 기타,안전운전불이행,건조,맑음,단일로 - 기타,승용,남,28세,상해없음,자전거,남,70세,중상
2013102500100196,2013년 10월 25일 09시,금요일,대전광역시 중구 대흥동,경상사고,0,0,1,0,차대차 - 측면직각충돌,신호위반,건조,맑음,단일로 - 기타,승용,남,53세,상해없음,자전거,여,42세,경상
2013102500100197,2013년 10월 25일 09시,금요일,대전광역시 동구 용운동,중상사고,0,1,0,0,차대차 - 측면직각충돌,신호위반,건조,맑음,교차로 - 교차로안,승용,여,37세,상해없음,승용,여,55세,중상
2013102500100363,2013년 10월 25일 14시,금요일,대전광역시 중구 부사동,중상사고,0,1,1,0,차대차 - 측면직각충돌,신호위반,건조,맑음,교차로 - 교차로부근,승용,여,62세,상해없음,승합,여,22세,경상
2013102500100364,2013년 10월 25일 14시,금요일,대전광역시 동구 정동,중상사고,0,1,0,0,차대사람 - 기타,기타,건조,맑음,단일로 - 횡단보도부근,승용,남,47세,상해없음,보행자,여,77세,중상
2013102500100398,2013년 10월 25일 15시,금요일,대전광역시 중구 대사동,중상사고,0,1,0,0,차량단독 - 기타,안전운전불이행,건조,맑음,교차로 - 교차로부근,승합,남,61세,상해없음,,,,
2013102500100399,2013년 10월 25일 15시,금요일,대전광역시 동구 판암동,사망사고,1,0,0,0,차대사람 - 횡단중,안전운전불이행,건조,맑음,단일로 - 기타,승용,남,77세,상해없음,보행자,남,76세,사망
2013102500100604,2013년 10월 25일 19시,금요일,대전광역시 대덕구 삼정동,경상사고,0,0,1,0,차대사람 - 횡단중,안전운전불이행,건조,맑음,단일로 - 기타,승용,남,73세,상해없음,보행자,남,61세,경상
2013102500100605,2013년 10월 25일 19시,금요일,대전광역시 대덕구 오정동,경상사고,0,0,2,0,차대차 - 추돌 - 주정차중,안전운전불이행,건조,맑음,교차로 - 교차로안,승용,남,53세,상해없음,승용,남,50세,경상
2013102500100606,2013년 10월 25일 19시,금요일,대전광역시 유성구 궁동,경상사고,0,0,1,0,차대차 - 추돌 - 진행중,안전운전불이행,습기,맑음,단일로 - 기타,화물,남,63세,상해없음,원동기,남,25세,경상
2013102500100675,2013년 10월 25일 21시,금요일,대전광역시 동구 가오동,중상사고,0,1,0,0,차대사람 - 횡단중,중앙선침범,건조,맑음,단일로 - 기타,승용,남,26세,상해없음,보행자,남,51세,중상
2013102500100744,2013년 10월 25일 23시,금요일,대전광역시 대덕구 송촌동,중상사고,0,1,0,0,차대사람 - 길가장자리구역통행중,안전운전불이행,건조,맑음,단일로 - 기타,승용,남,47세,상해없음,보행자,남,52세,중상
2013102500100745,2013년 10월 25일 23시,금요일,대전광역시 서구 월평동,경상사고,0,0,1,0,차대사람 - 기타,안전운전불이행,건조,맑음,단일로 - 기타,승용,남,49세,상해없음,보행자,여,16세,경상
2013102600100023,2013년 10월 26일 00시,토요일,대전광역시 대덕구 송촌동,경상사고,0,0,1,2,차대차 - 추돌 - 주정차중,안전운전불이행,건조,맑음,교차로 - 교차로부근,화물,남,40세,상해없음,승용,남,57세,경상
2013102600100040,2013년 10월 26일 01시,토요일,대전광역시 동구 용전동,경상사고,0,0,1,0,차대사람 - 기타,안전운전불이행,건조,맑음,단일로 - 기타,승용,기타불명,기타불명,기타불명,보행자,남,50세,경상
2013102600100041,2013년 10월 26일 01시,토요일,대전광역시 서구 둔산동,중상사고,0,3,2,0,차대차 - 측면직각충돌,중앙선침범,건조,맑음,단일로 - 기타,승용,남,21세,상해없음,승용,남,30세,중상
2013102600100062,2013년 10월 26일 02시,토요일,대전광역시 동구 용전동,부상신고사고,0,0,0,1,차대사람 - 기타,안전운전불이행,건조,맑음,단일로 - 기타,승용,남,26세,상해없음,보행자,남,53세,부상신고
2013102600100118,2013년 10월 26일 06시,토요일,대전광역시 중구 산성동,중상사고,0,1,0,0,차대차 - 측면직각충돌,안전운전불이행,건조,맑음,교차로 - 교차로안,승용,남,52세,상해없음,승용,남,60세,중상
2013102600100119,2013년 10월 26일 06시,토요일,대전광역시 서구 둔산동,중상사고,0,1,0,0,차대차 - 추돌 - 주정차중,안전운전불이행,건조,맑음,단일로 - 기타,승용,여,31세,상해없음,승용,남,34세,중상
2013102600100137,2013년 10월 26일 07시,토요일,대전광역시 동구 판암동,경상사고,0,0,1,0,차대차 - 측면직각충돌,신호위반,건조,맑음,교차로 - 교차로안,승용,남,69세,상해없음,승용,남,39세,경상
2013102600100138,2013년 10월 26일 07시,토요일,대전광역시 서구 둔산동,경상사고,0,0,2,0,차대차 - 추돌 - 주정차중,안전운전불이행,건조,맑음,단일로 - 기타,승용,남,44세,상해없음,승용,남,49세,경상
2013102600100283,2013년 10월 26일 11시,토요일,대전광역시 대덕구 읍내동,경상사고,0,0,1,0,차량단독 - 기타,안전운전불이행,건조,맑음,단일로 - 기타,승합,남,57세,상해없음,,,,
2013102600100284,2013년 10월 26일 11시,토요일,대전광역시 유성구 탑립동,중상사고,0,1,0,0,차대차 - 추돌 - 주정차중,신호위반,건조,맑음,교차로 - 교차로안,승용,여,44세,상해없음,승용,남,52세,중상
2013102600100363,2013년 10월 26일 13시,토요일,대전광역시 대덕구 중리동,중상사고,0,1,0,0,차대사람 - 횡단중,안전운전불이행,건조,맑음,단일로 - 기타,승용,남,53세,상해없음,보행자,여,81세,중상
2013102600100401,2013년 10월 26일 14시,토요일,대전광역시 동구 가양동,중상사고,0,1,1,0,차대차 - 기타,안전운전불이행,건조,맑음,교차로 - 교차로안,원동기,남,21세,중상,승용,남,60세,경상
2013102600100433,2013년 10월 26일 15시,토요일,대전광역시 서구 둔산동,경상사고,0,0,2,0,차대차 - 측면직각충돌,중앙선침범,건조,맑음,교차로 - 교차로부근,승용,남,34세,상해없음,승용,남,55세,경상
2013102600100434,2013년 10월 26일 15시,토요일,대전광역시 유성구 관평동,경상사고,0,0,7,0,차대차 - 추돌 - 주정차중,안전운전불이행,건조,맑음,교차로 - 교차로부근,승용,남,9세,상해없음,승용,여,34세,경상
2013102600100474,2013년 10월 26일 16시,토요일,대전광역시 서구 괴정동,경상사고,0,0,1,0,차대차 - 추돌 - 주정차중,안전운전불이행,건조,맑음,단일로 - 기타,승용,남,40세,상해없음,승용,남,62세,경상
2013102600100510,2013년 10월 26일 17시,토요일,대전광역시 유성구 복용동,경상사고,0,0,1,0,차대차 - 기타,안전운전불이행,건조,맑음,단일로 - 기타,승용,여,32세,상해없음,화물,남,42세,기타불명
2013102600100612,2013년 10월 26일 19시,토요일,대전광역시 동구 판암동,경상사고,0,0,4,0,차대차 - 기타,중앙선침범,건조,맑음,교차로 - 교차로부근,승용,남,61세,상해없음,승용,남,39세,경상
2013102700100036,2013년 10월 27일 01시,일요일,대전광역시 서구 도마동,경상사고,0,0,1,0,차대차 - 기타,안전거리미확보,건조,맑음,교차로 - 교차로부근,승용,기타불명,기타불명,기타불명,승용,남,65세,경상
2013102700100052,2013년 10월 27일 02시,일요일,대전광역시 서구 용문동,경상사고,0,0,1,0,차대차 - 추돌 - 주정차중,안전운전불이행,건조,맑음,교차로 - 교차로부근,승용,남,34세,상해없음,승용,남,25세,경상
2013102700100108,2013년 10월 27일 06시,일요일,대전광역시 중구 문화동,중상사고,0,1,0,0,차대차 - 정면충돌,신호위반,건조,흐림,교차로 - 교차로안,승합,남,54세,상해없음,승용,남,64세,중상
2013102700100109,2013년 10월 27일 06시,일요일,대전광역시 중구 목동,경상사고,0,0,1,0,차대차 - 정면충돌,신호위반,건조,흐림,교차로 - 교차로안,승용,남,24세,상해없음,승용,남,52세,경상
2013102700100127,2013년 10월 27일 07시,일요일,대전광역시 서구 괴정동,경상사고,0,0,1,0,차대차 - 추돌 - 주정차중,안전운전불이행,건조,맑음,교차로 - 교차로부근,승용,남,30세,상해없음,승용,여,41세,경상
2013102700100170,2013년 10월 27일 09시,일요일,대전광역시 중구 선화동,경상사고,0,0,1,0,차량단독 - 기타,안전운전불이행,건조,맑음,교차로 - 교차로안,승합,남,56세,상해없음,,,,
2013102700100292,2013년 10월 27일 14시,일요일,대전광역시 유성구 봉명동,경상사고,0,0,5,0,차대차 - 추돌 - 진행중,안전운전불이행,건조,맑음,단일로 - 교량,승용,남,22세,상해없음,승용,남,43세,경상
2013102700100328,2013년 10월 27일 15시,일요일,대전광역시 중구 대흥동,경상사고,0,0,2,0,차대차 - 추돌 - 주정차중,안전운전불이행,건조,맑음,교차로 - 교차로부근,승용,남,41세,상해없음,승용,남,61세,경상
2013102700100329,2013년 10월 27일 15시,일요일,대전광역시 중구 선화동,중상사고,0,1,0,0,차대사람 - 횡단중,보행자보호의무위반,건조,맑음,교차로 - 교차로부근,승용,남,66세,상해없음,보행자,남,59세,중상
2013102700100371,2013년 10월 27일 16시,일요일,대전광역시 서구 용문동,중상사고,0,1,0,0,차대사람 - 길가장자리구역통행중,안전운전불이행,건조,맑음,교차로 - 교차로안,승합,남,50세,상해없음,보행자,여,82세,중상
2013102700100458,2013년 10월 27일 18시,일요일,대전광역시 서구 월평동,경상사고,0,0,1,0,차대차 - 측면직각충돌,안전운전불이행,건조,맑음,교차로 - 교차로부근,기타불명,기타불명,기타불명,기타불명,승용,여,46세,경상
2013102700100493,2013년 10월 27일 19시,일요일,대전광역시 동구 용전동,경상사고,0,0,1,0,차대차 - 측면직각충돌,중앙선침범,건조,맑음,교차로 - 교차로부근,승용,남,50세,상해없음,승용,남,56세,경상