사고번호,사고일시,요일,시군구,사고내용,사망자수,중상자수,경상자수,부상신고자수,사고유형,법규위반,노면상태,기상상태,도로형태,가해운전자 차종,가해운전자 성별,가해운전자 연령,가해운전자 상해정도,피해운전자 차종,피해운전자 성별,피해운전자 연령,피해운전자 상해정도
2013102700100514,2013년 10월 27일 20시,일요일,대전광역시 서구 변동,경상사고,0,0,3,0,차대차 - 정면충돌,안전운전불이행,건조,맑음,단일로 - 기타,승용,남,38세,상해없음,승용,남,61세,경상
2013102700100515,2013년 10월 27일 20시,일요일,대전광역시 서구 내동,경상사고,0,0,3,0,차대차 - 측면직각충돌,안전거리미확보,건조,맑음,단일로 - 기타,승용,남,43세,상해없음,승용,남,46세,경상
2013102700100543,2013년 10월 27일 21시,일요일,대전광역시 동구 용전동,경상사고,0,0,1,0,차대사람 - 길가장자리구역통행중,안전운전불이행,건조,맑음,단일로 - 기타,승용,남,27세,기타불명,보행자,남,23세,경상
2013102700100544,2013년 10월 27일 21시,일요일,대전광역시 서구 월평동,중상사고,0,1,0,0,차대차 - 측면직각충돌,안전운전불이행,건조,맑음,단일로 - 기타,승용,남,30세,상해없음,원동기,남,21세,중상
2013102700100563,2013년 10월 27일 22시,일요일,대전광역시 중구 태평동,경상사고,0,0,1,0,차대차 - 추돌 - 주정차중,안전거리미확보,건조,맑음,교차로 - 교차로부근,원동기,남,53세,상해없음,승용,남,25세,경상
2013102800100028,2013년 10월 28일 02시,월요일,대전광역시 서구 둔산동,경상사고,0,0,2,0,차대차 - 추돌 - 주정차중,안전운전불이행,건조,맑음,단일로 - 기타,승용,남,22세,상해없음,승용,남,38세,경상
2013102800100051,2013년 10월 28일 05시,월요일,대전광역시 유성구 도룡동,중상사고,0,1,0,0,차대차 - 측면직각충돌,신호위반,건조,맑음,교차로 - 교차로안,승용,남,66세,상해없음,승용,남,24세,중상
2013102800100064,2013년 10월 28일 06시,월요일,대전광역시 동구 가양동,부상신고사고,0,0,0,1,차대사람 - 횡단중,보행자보호의무위반,건조,맑음,단일로 - 기타,기타불명,기타불명,기타불명,기타불명,보행자,여,77세,부상신고
2013102800100126,2013년 10월 28일 08시,월요일,대전광역시 서구 용문동,중상사고,0,1,0,0,차대차 - 기타,중앙선침범,건조,맑음,교차로 - 교차로부근,이륜,남,43세,중상,승용,여,54세,상해없음
2013102800100127,2013년 10월 28일 08시,월요일,대전광역시 유성구 덕명동,중상사고,0,1,4,0,차대차 - 측면직각충돌,안전운전불이행,건조,맑음,교차로 - 교차로안,승용,남,71세,중상,승합,남,49세,경상
2013102800100152,2013년 10월 28일 09시,월요일,대전광역시 중구 중촌동,경상사고,0,0,1,0,차대사람 - 기타,안전운전불이행,건조,맑음,기타 - 기타,승용,남,56세,상해없음,보행자,남,32세,경상
2013102800100153,2013년 10월 28일 09시,월요일,대전광역시 중구 산성동,중상사고,0,1,0,0,차대차 - 측면직각충돌,중앙선침범,건조,맑음,단일로 - 기타,승합,남,45세,상해없음,승용,여,60세,중상
2013102800100183,2013년 10월 28일 10시,월요일,대전광역시 서구 변동,중상사고,0,1,0,0,차대사람 - 횡단중,보행자보호의무위반,건조,맑음,교차로 - 교차로부근,화물,남,43세,상해없음,보행자,여,70세,중상
2013102800100213,2013년 10월 28일 11시,월요일,대전광역시 중구 선화동,중상사고,0,1,0,0,차량단독 - 기타,기타,건조,맑음,단일로 - 기타,승합,남,53세,상해없음,,,,
2013102800100351,2013년 10월 28일 16시,월요일,대전광역시 동구 판암동,중상사고,0,1,0,0,차량단독 - 기타,안전운전불이행,건조,맑음,단일로 - 기타,승합,남,44세,상해없음,,,,
2013102800100458,2013년 10월 28일 18시,월요일,대전광역시 중구 부사동,경상사고,0,0,1,0,차량단독 - 기타,기타,건조,맑음,단일로 - 기타,승합,남,46세,상해없음,,,,
2013102800100601,2013년 10월 28일 23시,월요일,대전광역시 유성구 덕명동,경상사고,0,0,1,0,차대차 - 정면충돌,신호위반,건조,맑음,교차로 - 교차로안,승용,여,53세,상해없음,승용,남,36세,경상
2013102900100027,2013년 10월 29일 00시,화요일,대전광역시 중구 용두동,중상사고,0,2,0,0,차대차 - 측면직각충돌,신호위반,건조,맑음,교차로 - 교차로안,승용,남,36세,상해없음,원동기,남,37세,중상
2013102900100052,2013년 10월 29일 03시,화요일,대전광역시 서구 탄방동,중상사고,0,1,0,0,차대차 - 기타,신호위반,건조,맑음,교차로 - 교차로안,승용,남,32세,상해없음,이륜,남,30세,중상
2013102900100176,2013년 10월 29일 09시,화요일,대전광역시 유성구 궁동,중상사고,0,1,0,0,차대차 - 기타,안전운전불이행,건조,맑음,기타 - 기타,승용,남,39세,상해없음,자전거,여,21세,중상
2013102900100248,2013년 10월 29일 12시,화요일,대전광역시 서구 도마동,경상사고,0,0,1,0,차대차 - 측면직각충돌,중앙선침범,건조,맑음,교차로 - 교차로안,승용,여,56세,상해없음,승용,여,40세,경상
2013102900100478,2013년 10월 29일 18시,화요일,대전광역시 중구 대흥동,중상사고,0,1,0,0,차량단독 - 기타,기타,건조,맑음,교차로 - 교차로부근,승합,남,49세,상해없음,,,,
2013102900100479,2013년 10월 29일 18시,화요일,대전광역시 동구 판암동,경상사고,0,0,1,0,차대차 - 측면직각충돌,안전운전불이행,건조,맑음,단일로 - 기타,건설기계,남,64세,상해없음,승용,여,28세,경상
2013102900100515,2013년 10월 29일 19시,화요일,대전광역시 동구 용전동,경상사고,0,0,2,0,차대차 - 측면직각충돌,안전운전불이행,건조,맑음,단일로 - 기타,승용,남,52세,상해없음,승용,여,36세,경상
2013102900100516,2013년 10월 29일 19시,화요일,대전광역시 서구 갈마동,경상사고,0,0,2,0,차대차 - 측면직각충돌,신호위반,건조,흐림,교차로 - 교차로안,승용,여,63세,상해없음,승용,남,54세,경상
2013102900100517,2013년 10월 29일 19시,화요일,대전광역시 서구 둔산동,경상사고,0,0,2,0,차대차 - 기타,안전거리미확보,건조,맑음,단일로 - 기타,승용,남,30세,상해없음,승용,남,53세,경상
2013102900100585,2013년 10월 29일 21시,화요일,대전광역시 서구 가장동,중상사고,0,1,0,0,차대사람 - 기타,안전운전불이행,건조,맑음,교차로 - 교차로부근,승용,남,36세,상해없음,보행자,여,55세,중상
2013102900100631,2013년 10월 29일 23시,화요일,대전광역시 중구 산성동,경상사고,0,0,2,0,차대차 - 추돌 - 진행중,안전운전불이행,습기,흐림,단일로 - 기타,승용,남,28세,상해없음,승용,남,56세,경상
2013102900100632,2013년 10월 29일 23시,화요일,대전광역시 유성구 노은동,중상사고,0,1,8,0,차대차 - 추돌 - 주정차중,안전운전불이행,건조,흐림,단일로 - 기타,승용,남,30세,상해없음,승용,남,31세,중상
2013103000100022,2013년 10월 30일 00시,수요일,대전광역시 서구 둔산동,경상사고,0,0,3,0,차대차 - 추돌 - 주정차중,안전운전불이행,건조,흐림,단일로 - 기타,승용,남,36세,상해없음,승용,남,43세,경상
2013103000100156,2013년 10월 30일 08시,수요일,대전광역시 유성구 장대동,경상사고,0,0,1,0,차대차 - 추돌 - 주정차중,안전운전불이행,건조,맑음,단일로 - 기타,승용,남,42세,상해없음,승용,여,46세,경상
2013103000100311,2013년 10월 30일 13시,수요일,대전광역시 서구 도마동,중상사고,0,1,0,0,차량단독 - 기타,안전운전불이행,건조,맑음,단일로 - 기타,승합,남,55세,상해없음,,,,
2013103000100442,2013년 10월 30일 17시,수요일,대전광역시 동구 가양동,경상사고,0,0,1,0,차대사람 - 횡단중,안전운전불이행,건조,맑음,단일로 - 기타,승용,여,51세,상해없음,보행자,여,11세,경상
2013103000100568,2013년 10월 30일 20시,수요일,대전광역시 중구 호동,중상사고,0,1,0,0,차대차 - 기타,안전운전불이행,건조,맑음,단일로 - 기타,화물,남,55세,상해없음,원동기,남,51세,중상
2013103000100569,2013년 10월 30일 20시,수요일,대전광역시 동구 용전동,경상사고,0,0,4,0,차대차 - 추돌 - 진행중,안전운전불이행,건조,맑음,단일로 - 기타,승용,남,48세,상해없음,승합,남,49세,경상
2013103000100642,2013년 10월 30일 22시,수요일,대전광역시 중구 문화동,경상사고,0,0,1,0,차대차 - 추돌 - 주정차중,안전운전불이행,건조,맑음,단일로 - 기타,승용,남,43세,상해없음,승용,여,33세,경상
2013103000100669,2013년 10월 30일 23시,수요일,대전광역시 서구 내동,경상사고,0,0,1,0,차대차 - 추돌 - 주정차중,안전운전불이행,건조,맑음,단일로 - 기타,승용,여,33세,상해없음,승용,여,52세,경상
2013103100100021,2013년 10월 31일 00시,목요일,대전광역시 유성구 신성동,경상사고,0,0,1,0,차대차 - 측면직각충돌,안전운전불이행,건조,맑음,단일로 - 기타,승용,남,35세,상해없음,승용,남,29세,경상
2013103100100055,2013년 10월 31일 02시,목요일,대전광역시 서구 월평동,경상사고,0,0,1,0,차대사람 - 기타,안전운전불이행,건조,맑음,단일로 - 기타,승용,여,46세,상해없음,보행자,남,39세,경상
2013103100100061,2013년 10월 31일 03시,목요일,대전광역시 서구 둔산동,경상사고,0,0,1,0,차대차 - 기타,교차로운행방법위반,건조,맑음,교차로 - 교차로안,승용,남,63세,상해없음,승합,남,43세,경상
2013103100100070,2013년 10월 31일 04시,목요일,대전광역시 동구 용전동,경상사고,0,0,1,0,차대차 - 추돌 - 주정차중,안전거리미확보,건조,맑음,단일로 - 기타,승용,남,37세,상해없음,승용,여,47세,경상
2013103100100116,2013년 10월 31일 07시,목요일,대전광역시 대덕구 읍내동,중상사고,0,1,0,0,차대차 - 측면직각충돌,안전운전불이행,건조,맑음,단일로 - 기타,승용,남,34세,상해없음,자전거,남,32세,중상
2013103100100145,2013년 10월 31일 08시,목요일,대전광역시 서구 월평동,경상사고,0,0,1,0,차대차 - 측면직각충돌,안전운전불이행,건조,맑음,단일로 - 기타,기타불명,기타불명,기타불명,기타불명,승용,여,31세,경상
2013103100100442,2013년 10월 31일 17시,목요일,대전광역시 중구 석교동,중상사고,0,1,0,0,차대사람 - 횡단중,안전운전불이행,건조,맑음,단일로 - 기타,승용,여,52세,상해없음,보행자,여,76세,중상
2013103100100443,2013년 10월 31일 17시,목요일,대전광역시 중구 문화동,경상사고,0,0,1,0,차대사람 - 횡단중,보행자보호의무위반,건조,맑음,단일로 - 횡단보도상,승용,기타불명,기타불명,기타불명,보행자,여,17세,경상
2013103100100444,2013년 10월 31일 17시,목요일,대전광역시 서구 용문동,경상사고,0,0,1,0,차대차 - 추돌 - 주정차중,안전운전불이행,건조,맑음,교차로 - 교차로부근,승용,남,35세,상해없음,승용,여,36세,경상
2013103100100492,2013년 10월 31일 18시,목요일,대전광역시 유성구 노은동,중상사고,0,1,0,0,차대사람 - 횡단중,안전운전불이행,건조,맑음,교차로 - 교차로안,승용,여,36세,상해없음,보행자,여,49세,중상
2013103100100592,2013년 10월 31일 21시,목요일,대전광역시 대덕구 송촌동,중상사고,0,1,0,0,차대차 - 측면직각충돌,신호위반,건조,맑음,교차로 - 교차로안,승용,남,51세,상해없음,이륜,남,52세,중상
2013103100100619,2013년 10월 31일 22시,목요일,대전광역시 중구 선화동,중상사고,0,1,0,0,차량단독 - 기타,기타,건조,맑음,단일로 - 기타,승합,남,53세,상해없음,,,,
2013103100100652,2013년 10월 31일 23시,목요일,대전광역시 서구 도마동,중상사고,0,1,0,0,차대사람 - 기타,안전운전불이행,건조,맑음,단일로 - 기타,승용,남,38세,상해없음,보행자,여,21세,중상
2013103100100653,2013년 10월 31일 23시,목요일,대전광역시 서구 갈마동,경상사고,0,0,3,0,차대차 - 추돌 - 진행중,안전운전불이행,건조,맑음,교차로 - 교차로부근,승용,남,54세,상해없음,승용,남,47세,경상
2013110100100038,2013년 11월 1일 01시,금요일,대전광역시 서구 둔산동,사망사고,1,0,0,0,차대차 - 추돌 - 주정차중,안전운전불이행,건조,맑음,단일로 - 기타,승용,남,27세,상해없음,승용,남,61세,사망
2013110100100078,2013년 11월 1일 05시,금요일,대전광역시 중구 대사동,중상사고,0,2,1,0,차대차 - 측면직각충돌,과속,건조,맑음,단일로 - 기타,승용,남,39세,중상,승용,남,39세,상해없음
2013110100100099,2013년 11월 1일 06시,금요일,대전광역시 중구 대사동,중상사고,0,1,0,0,차대차 - 추돌 - 주정차중,안전거리미확보,건조,맑음,단일로 - 기타,승합,남,36세,상해없음,승용,여,60세,중상
2013110100100248,2013년 11월 1일 11시,금요일,대전광역시 동구 용전동,경상사고,0,0,1,0,차대차 - 측면직각충돌,안전운전불이행,건조,맑음,교차로 - 교차로부근,자전거,남,64세,경상,승용,여,52세,상해없음
2013110100100249,2013년 11월 1일 11시,금요일,대전광역시 대덕구 상서동,중상사고,0,1,0,0,차대사람 - 횡단중,안전운전불이행,건조,맑음,단일로 - 횡단보도상,승용,여,25세,상해없음,보행자,여,71세,중상
2013110100100282,2013년 11월 1일 12시,금요일,대전광역시 중구 문화동,경상사고,0,0,1,0,차대사람 - 기타,안전운전불이행,건조,맑음,교차로 - 교차로부근,승용,여,51세,상해없음,보행자,여,48세,경상
2013110100100378,2013년 11월 1일 15시,금요일,대전광역시 유성구 장대동,중상사고,0,1,0,0,차대차 - 기타,안전운전불이행,건조,맑음,단일로 - 기타,승합,남,55세,상해없음,원동기,남,82세,중상
2013110100100445,2013년 11월 1일 17시,금요일,대전광역시 중구 부사동,경상사고,0,0,4,0,차대차 - 추돌 - 주정차중,안전거리미확보,건조,맑음,교차로 - 교차로안,화물,남,65세,상해없음,승용,여,43세,경상
2013110100100446,2013년 11월 1일 17시,금요일,대전광역시 유성구 궁동,경상사고,0,0,1,0,차대차 - 기타,안전거리미확보,건조,맑음,단일로 - 기타,승합,남,51세,상해없음,원동기,여,54세,경상
2013110100100513,2013년 11월 1일 18시,금요일,대전광역시 동구 삼성동,경상사고,0,0,1,0,차대사람 - 기타,안전운전불이행,건조,맑음,단일로 - 기타,승용,남,47세,상해없음,보행자,여,19세,경상
2013110100100561,2013년 11월 1일 19시,금요일,대전광역시 중구 산성동,중상사고,0,2,0,0,차대차 - 측면직각충돌,교차로운행방법위반,건조,맑음,단일로 - 기타,화물,남,53세,상해없음,승용,남,39세,중상
2013110100100644,2013년 11월 1일 22시,금요일,대전광역시 서구 도마동,경상사고,0,0,1,0,차대차 - 기타,안전운전불이행,건조,맑음,단일로 - 기타,승용,기타불명,기타불명,기타불명,이륜,남,22세,경상
2013110200100025,2013년 11월 2일 00시,토요일,대전광역시 중구 선화동,중상사고,0,1,0,0,차대차 - 측면직각충돌,교차로운행방법위반,건조,맑음,교차로 - 교차로안,승용,남,63세,상해없음,화물,남,64세,중상
2013110200100026,2013년 11월 2일 00시,토요일,대전광역시 동구 낭월동,중상사고,0,1,1,0,차대차 - 측면직각충돌,신호위반,건조,맑음,교차로 - 교차로안,승용,남,25세,상해없음,승용,남,26세,경상
2013110200100044,2013년 11월 2일 01시,토요일,대전광역시 서구 정림동,중상사고,0,1,1,0,차대차 - 정면충돌,중앙선침범,건조,맑음,교차로 - 교차로부근,승용,남,33세,상해없음,이륜,남,22세,중상
2013110200100075,2013년 11월 2일 03시,토요일,대전광역시 중구 유천동,경상사고,0,0,1,0,차대차 - 기타,안전운전불이행,건조,맑음,단일로 - 기타,승용,남,31세,상해없음,승용,남,56세,경상
2013110200100108,2013년 11월 2일 06시,토요일,대전광역시 동구 용운동,중상사고,0,1,0,0,차대사람 - 횡단중,보행자보호의무위반,건조,맑음,교차로 - 교차로안,승용,남,67세,상해없음,보행자,남,33세,중상
2013110200100122,2013년 11월 2일 07시,토요일,대전광역시 서구 월평동,중상사고,0,3,1,0,차대차 - 추돌 - 주정차중,안전운전불이행,건조,맑음,교차로 - 교차로부근,승용,남,24세,상해없음,승용,남,43세,중상
2013110200100138,2013년 11월 2일 08시,토요일,대전광역시 유성구 장대동,경상사고,0,0,1,0,차대차 - 추돌 - 진행중,안전거리미확보,건조,맑음,교차로 - 교차로안,승용,남,41세,상해없음,승용,남,39세,경상
2013110200100236,2013년 11월 2일 11시,토요일,대전광역시 유성구 봉명동,경상사고,0,0,1,0,차대차 - 추돌 - 주정차중,안전운전불이행,건조,흐림,단일로 - 기타,승용,남,41세,상해없음,승용,남,44세,경상
2013110200100278,2013년 11월 2일 12시,토요일,대전광역시 중구 산성동,중상사고,0,1,0,0,차량단독 - 공작물충돌,안전거리미확보,건조,맑음,단일로 - 기타,승합,남,47세,상해없음,,,,
2013110200100279,2013년 11월 2일 12시,토요일,대전광역시 서구 용문동,중상사고,0,1,0,0,차대사람 - 횡단중,안전운전불이행,건조,맑음,단일로 - 횡단보도상,화물,남,28세,상해없음,보행자,여,15세,중상
2013110200100280,2013년 11월 2일 12시,토요일,대전광역시 유성구 봉명동,중상사고,0,1,0,0,차대사람 - 횡단중,신호위반,건조,맑음,단일로 - 횡단보도상,승용,여,47세,상해없음,보행자,여,41세,중상
2013110200100366,2013년 11월 2일 14시,토요일,대전광역시 서구 갈마동,경상사고,0,0,1,0,차대차 - 측면직각충돌,안전운전불이행,건조,맑음,단일로 - 기타,승용,여,43세,상해없음,승용,남,48세,경상
2013110200100402,2013년 11월 2일 15시,토요일,대전광역시 서구 월평동,사망사고,1,0,0,0,차대사람 - 기타,안전운전불이행,습기,비,미분류 - 미분류,화물,남,48세,상해없음,보행자,남,70세,사망
2013110200100443,2013년 11월 2일 16시,토요일,대전광역시 동구 자양동,중상사고,0,1,0,0,차대차 - 측면직각충돌,교차로운행방법위반,습기,비,교차로 - 교차로안,승용,여,36세,상해없음,원동기,남,66세,중상
2013110200100444,2013년 11월 2일 16시,토요일,대전광역시 유성구 구성동,경상사고,0,0,2,0,차대차 - 측면직각충돌,중앙선침범,건조,맑음,단일로 - 기타,승용,남,61세,상해없음,승용,남,48세,경상
2013110200100488,2013년 11월 2일 17시,토요일,대전광역시 중구 중촌동,경상사고,0,0,2,0,차대차 - 기타,안전운전불이행,건조,맑음,단일로 - 기타,승용,남,21세,상해없음,승용,남,25세,경상
2013110200100489,2013년 11월 2일 17시,토요일,대전광역시 중구 대사동,중상사고,0,1,0,0,차대사람 - 기타,안전운전불이행,습기,비,단일로 - 기타,승용,남,53세,상해없음,보행자,남,41세,중상
2013110200100490,2013년 11월 2일 17시,토요일,대전광역시 중구 문화동,경상사고,0,0,2,0,차대차 - 기타,안전운전불이행,습기,비,단일로 - 기타,승용,남,56세,상해없음,승용,여,34세,경상
2013110200100491,2013년 11월 2일 17시,토요일,대전광역시 서구 탄방동,경상사고,0,0,3,0,차대차 - 측면직각충돌,안전거리미확보,건조,맑음,교차로 - 교차로부근,승용,여,22세,경상,승용,여,22세,경상
2013110200100562,2013년 11월 2일 18시,토요일,대전광역시 서구 내동,경상사고,0,0,1,0,차대차 - 측면직각충돌,신호위반,습기,비,교차로 - 교차로안,승용,남,19세,상해없음,이륜,남,34세,경상
2013110200100563,2013년 11월 2일 18시,토요일,대전광역시 유성구 덕명동,경상사고,0,0,1,0,차대차 - 기타,신호위반,습기,비,교차로 - 교차로안,승합,남,57세,상해없음,승용,남,37세,경상
2013110200100564,2013년 11월 2일 18시,토요일,대전광역시 서구 탄방동,중상사고,0,1,0,0,차대차 - 기타,안전운전불이행,건조,흐림,단일로 - 기타,화물,남,65세,상해없음,승용,남,39세,중상
2013110200100620,2013년 11월 2일 19시,토요일,대전광역시 대덕구 와동,경상사고,0,0,1,0,차대사람 - 횡단중,안전운전불이행,습기,비,단일로 - 횡단보도상,승용,남,54세,상해없음,보행자,남,53세,경상
2013110200100621,2013년 11월 2일 19시,토요일,대전광역시 유성구 노은동,경상사고,0,0,1,0,차대차 - 기타,안전운전불이행,건조,흐림,단일로 - 기타,승용,남,41세,상해없음,승용,남,49세,경상
2013110200100622,2013년 11월 2일 19시,토요일,대전광역시 서구 탄방동,경상사고,0,0,4,0,차대차 - 기타,안전운전불이행,습기,비,단일로 - 기타,승용,여,45세,상해없음,승용,남,37세,경상
2013110200100623,2013년 11월 2일 19시,토요일,대전광역시 서구 월평동,경상사고,0,0,1,0,차대차 - 기타,보행자보호의무위반,습기,비,교차로 - 교차로안,승용,남,55세,상해없음,기타불명,남,63세,경상
2013110200100655,2013년 11월 2일 20시,토요일,대전광역시 중구 태평동,경상사고,0,0,1,0,차대차 - 기타,안전운전불이행,건조,맑음,단일로 - 기타,승용,여,26세,상해없음,원동기,남,21세,경상
2013110200100692,2013년 11월 2일 21시,토요일,대전광역시 동구 낭월동,경상사고,0,0,1,0,차대차 - 추돌 - 진행중,안전거리미확보,습기,비,단일로 - 기타,화물,남,39세,상해없음,승용,여,40세,경상
2013110200100693,2013년 11월 2일 21시,토요일,대전광역시 유성구 죽동,경상사고,0,0,3,0,차대차 - 기타,안전거리미확보,습기,비,단일로 - 기타,승용,남,52세,상해없음,승용,남,40세,경상
2013110200100725,2013년 11월 2일 22시,토요일,대전광역시 중구 대흥동,경상사고,0,0,1,0,차량단독 - 기타,안전운전불이행,건조,맑음,단일로 - 기타,이륜,남,51세,상해없음,,,,
2013110200100726,2013년 11월 2일 22시,토요일,대전광역시 중구 부사동,중상사고,0,1,0,0,차대사람 - 차도통행중,안전운전불이행,건조,맑음,교차로 - 교차로안,승용,남,71세,상해없음,보행자,남,55세,중상
2013110200100727,2013년 11월 2일 22시,토요일,대전광역시 서구 도마동,경상사고,0,0,1,0,차대사람 - 횡단중,안전운전불이행,건조,맑음,단일로 - 기타,승용,남,21세,상해없음,보행자,여,18세,경상
2013110200100755,2013년 11월 2일 23시,토요일,대전광역시 대덕구 중리동,경상사고,0,0,1,0,차대사람 - 횡단중,안전운전불이행,건조,맑음,단일로 - 기타,승합,남,29세,상해없음,보행자,남,24세,경상
2013110300100033,2013년 11월 3일 00시,일요일,대전광역시 유성구 장대동,경상사고,0,0,3,0,차대차 - 기타,안전운전불이행,건조,흐림,단일로 - 기타,승용,남,29세,상해없음,승용,남,22세,경상
2013110300100066,2013년 11월 3일 02시,일요일,대전광역시 유성구 송강동,경상사고,0,0,1,0,차대차 - 추돌 - 주정차중,안전운전불이행,건조,맑음,교차로 - 교차로부근,승용,여,44세,상해없음,승용,남,43세,경상
2013110300100101,2013년 11월 3일 05시,일요일,대전광역시 유성구 송강동,경상사고,0,0,1,0,차대사람 - 기타,보행자보호의무위반,건조,맑음,단일로 - 횡단보도상,자전거,남,52세,상해없음,보행자,남,67세,경상
2013110300100119,2013년 11월 3일 07시,일요일,대전광역시 서구 둔산동,중상사고,0,2,1,0,차대차 - 기타,신호위반,건조,맑음,교차로 - 교차로안,승용,남,26세,경상,승용,남,52세,중상
2013110300100167,2013년 11월 3일 10시,일요일,대전광역시 서구 갈마동,경상사고,0,0,1,0,차대차 - 기타,교차로운행방법위반,건조,맑음,교차로 - 교차로안,승용,남,53세,상해없음,승용,남,64세,경상
2013110300100186,2013년 11월 3일 11시,일요일,대전광역시 동구 자양동,경상사고,0,0,2,2,차대차 - 기타,안전거리미확보,습기,비,단일로 - 기타,승용,남,65세,상해없음,승용,남,27세,경상
2013110300100187,2013년 11월 3일 11시,일요일,대전광역시 동구 인동,중상사고,0,1,0,0,차대차 - 기타,안전운전불이행,습기,비,단일로 - 기타,승용,남,29세,상해없음,자전거,남,87세,중상
2013110300100188,2013년 11월 3일 11시,일요일,대전광역시 유성구 관평동,중상사고,0,1,0,0,차대차 - 기타,안전운전불이행,건조,맑음,단일로 - 횡단보도상,승용,남,55세,상해없음,자전거,남,64세,중상
2013110300100207,2013년 11월 3일 12시,일요일,대전광역시 중구 문화동,경상사고,0,0,2,0,차대차 - 측면직각충돌,안전운전불이행,건조,맑음,교차로 - 교차로안,화물,남,49세,상해없음,이륜,남,33세,경상
2013110300100208,2013년 11월 3일 12시,일요일,대전광역시 서구 복수동,경상사고,0,0,2,0,차대차 - 측면직각충돌,직진우회전진행방해,건조,맑음,교차로 - 교차로안,승용,여,24세,상해없음,승용,여,34세,경상
2013110300100272,2013년 11월 3일 14시,일요일,대전광역시 유성구 궁동,경상사고,0,0,1,0,차대사람 - 기타,보행자보호의무위반,건조,맑음,단일로 - 횡단보도상,승용,여,36세,상해없음,보행자,남,15세,경상
2013110300100295,2013년 11월 3일 15시,일요일,대전광역시 서구 월평동,경상사고,0,0,1,0,차대사람 - 보도통행중,안전운전불이행,건조,맑음,단일로 - 기타,승용,남,29세,상해없음,보행자,여,7세,경상
2013110300100319,2013년 11월 3일 16시,일요일,대전광역시 서구 만년동,경상사고,0,0,1,0,차대차 - 기타,안전운전불이행,건조,맑음,교차로 - 교차로부근,승용,남,49세,상해없음,승용,남,53세,경상
2013110300100353,2013년 11월 3일 17시,일요일,대전광역시 유성구 봉명동,경상사고,0,0,2,0,차대차 - 기타,신호위반,건조,맑음,교차로 - 교차로안,승용,남,63세,상해없음,화물,남,43세,경상
2013110300100395,2013년 11월 3일 18시,일요일,대전광역시 유성구 갑동,경상사고,0,0,2,0,차대차 - 추돌 - 주정차중,안전운전불이행,건조,맑음,단일로 - 기타,승용,남,56세,상해없음,승용,남,20세,경상
2013110400100047,2013년 11월 4일 05시,월요일,대전광역시 대덕구 덕암동,중상사고,0,1,0,0,차대사람 - 횡단중,보행자보호의무위반,습기,안개,교차로 - 교차로안,승용,남,52세,상해없음,보행자,여,75세,중상
2013110400100095,2013년 11월 4일 07시,월요일,대전광역시 동구 삼성동,중상사고,0,2,0,0,차대차 - 측면직각충돌,신호위반,건조,맑음,교차로 - 교차로안,승용,남,62세,상해없음,원동기,남,50세,중상
2013110400100144,2013년 11월 4일 08시,월요일,대전광역시 중구 문화동,경상사고,0,0,1,0,차대차 - 기타,교차로운행방법위반,건조,맑음,교차로 - 교차로안,승용,남,50세,상해없음,승용,여,60세,경상
2013110400100145,2013년 11월 4일 08시,월요일,대전광역시 대덕구 읍내동,경상사고,0,0,1,0,차대차 - 추돌 - 주정차중,안전운전불이행,건조,맑음,단일로 - 기타,승용,남,32세,상해없음,승용,남,27세,경상
2013110400100146,2013년 11월 4일 08시,월요일,대전광역시 유성구 신성동,경상사고,0,0,2,0,차대차 - 추돌 - 주정차중,안전운전불이행,건조,맑음,교차로 - 교차로부근,승용,남,62세,상해없음,승용,남,44세,경상
2013110400100147,2013년 11월 4일 08시,월요일,대전광역시 유성구 봉산동,경상사고,0,0,1,0,차대사람 - 횡단중,안전운전불이행,건조,맑음,단일로 - 기타,승용,여,57세,상해없음,보행자,여,58세,경상
2013110400100212,2013년 11월 4일 10시,월요일,대전광역시 동구 구도동,경상사고,0,0,1,0,차대차 - 측면직각충돌,안전운전불이행,건조,맑음,단일로 - 기타,승용,남,62세,상해없음,승합,남,40세,경상
2013110400100213,2013년 11월 4일 10시,월요일,대전광역시 유성구 송강동,중상사고,0,1,0,0,차대차 - 측면직각충돌,신호위반,건조,맑음,교차로 - 교차로안,화물,남,54세,상해없음,화물,남,23세,중상
2013110400100238,2013년 11월 4일 11시,월요일,대전광역시 유성구 원내동,경상사고,0,0,1,0,차대사람 - 기타,안전운전불이행,건조,맑음,단일로 - 기타,승용,남,59세,상해없음,보행자,여,53세,경상
2013110400100263,2013년 11월 4일 12시,월요일,대전광역시 동구 가오동,중상사고,0,1,0,0,차대차 - 기타,안전운전불이행,건조,맑음,교차로 - 교차로부근,승용,남,74세,상해없음,자전거,남,76세,중상