사고번호,사고일시,요일,시군구,사고내용,사망자수,중상자수,경상자수,부상신고자수,사고유형,법규위반,노면상태,기상상태,도로형태,가해운전자 차종,가해운전자 성별,가해운전자 연령,가해운전자 상해정도,피해운전자 차종,피해운전자 성별,피해운전자 연령,피해운전자 상해정도
2013111900100267,2013년 11월 19일 13시,화요일,대전광역시 중구 문화동,경상사고,0,0,2,0,차대차 - 측면직각충돌,안전운전불이행,습기,기타,단일로 - 기타,승용,남,52세,상해없음,승용,여,28세,경상
2013111900100409,2013년 11월 19일 17시,화요일,대전광역시 동구 원동,경상사고,0,0,1,0,차대사람 - 횡단중,안전운전불이행,건조,맑음,교차로 - 교차로부근,승용,여,27세,상해없음,보행자,남,42세,경상
2013111900100410,2013년 11월 19일 17시,화요일,대전광역시 동구 구도동,경상사고,0,0,1,0,차대차 - 추돌 - 진행중,안전운전불이행,건조,맑음,단일로 - 기타,원동기,남,36세,상해없음,원동기,남,61세,경상
2013111900100411,2013년 11월 19일 17시,화요일,대전광역시 서구 월평동,중상사고,0,1,0,0,차대차 - 기타,신호위반,건조,맑음,교차로 - 교차로안,승용,남,52세,상해없음,승용,여,44세,중상
2013111900100462,2013년 11월 19일 18시,화요일,대전광역시 유성구 상대동,중상사고,0,1,0,0,차대사람 - 기타,안전운전불이행,건조,맑음,단일로 - 기타,승용,기타불명,기타불명,기타불명,보행자,남,9세,중상
2013111900100552,2013년 11월 19일 21시,화요일,대전광역시 중구 선화동,경상사고,0,0,2,0,차대차 - 측면직각충돌,안전운전불이행,건조,맑음,교차로 - 교차로안,승용,남,63세,상해없음,승용,여,34세,경상
2013111900100553,2013년 11월 19일 21시,화요일,대전광역시 서구 둔산동,중상사고,0,1,0,0,차대차 - 측면직각충돌,안전운전불이행,건조,맑음,단일로 - 기타,이륜,남,54세,상해없음,승용,여,27세,상해없음
2013111900100581,2013년 11월 19일 22시,화요일,대전광역시 대덕구 비래동,중상사고,0,2,0,0,차대차 - 추돌 - 주정차중,안전운전불이행,건조,맑음,교차로 - 교차로부근,승용,남,43세,상해없음,승용,여,50세,중상
2013111900100612,2013년 11월 19일 23시,화요일,대전광역시 유성구 봉명동,경상사고,0,0,2,0,차대차 - 기타,안전운전불이행,건조,맑음,단일로 - 기타,승용,남,34세,상해없음,승용,남,26세,경상
2013112000100019,2013년 11월 20일 00시,수요일,대전광역시 동구 성남동,중상사고,0,1,1,0,차대차 - 측면직각충돌,안전운전불이행,건조,맑음,단일로 - 기타,승용,남,55세,상해없음,승용,여,57세,경상
2013112000100037,2013년 11월 20일 01시,수요일,대전광역시 동구 가양동,중상사고,0,1,0,0,차대사람 - 횡단중,안전운전불이행,건조,맑음,교차로 - 교차로부근,승용,남,45세,상해없음,보행자,남,46세,중상
2013112000100060,2013년 11월 20일 05시,수요일,대전광역시 서구 갈마동,중상사고,0,1,0,0,차대차 - 기타,안전운전불이행,건조,맑음,단일로 - 횡단보도부근,승용,여,48세,상해없음,자전거,여,63세,중상
2013112000100165,2013년 11월 20일 09시,수요일,대전광역시 중구 대흥동,경상사고,0,0,1,0,차대차 - 기타,안전운전불이행,건조,맑음,교차로 - 교차로안,승용,남,49세,상해없음,원동기,남,70세,경상
2013112000100166,2013년 11월 20일 09시,수요일,대전광역시 서구 내동,중상사고,0,1,1,0,차대차 - 추돌 - 진행중,안전거리미확보,건조,맑음,교차로 - 교차로부근,승용,남,55세,상해없음,승용,여,47세,경상
2013112000100323,2013년 11월 20일 15시,수요일,대전광역시 대덕구 오정동,경상사고,0,0,2,0,차대차 - 측면직각충돌,교차로운행방법위반,건조,맑음,교차로 - 교차로안,승용,남,62세,상해없음,승용,남,68세,경상
2013112000100355,2013년 11월 20일 16시,수요일,대전광역시 중구 중촌동,경상사고,0,0,1,0,차대차 - 측면직각충돌,안전운전불이행,건조,맑음,단일로 - 기타,승합,기타불명,기타불명,기타불명,승용,남,51세,경상
2013112000100463,2013년 11월 20일 18시,수요일,대전광역시 중구 대흥동,경상사고,0,0,1,0,차대차 - 기타,중앙선침범,건조,맑음,단일로 - 기타,화물,남,73세,상해없음,원동기,남,71세,경상
2013112000100464,2013년 11월 20일 18시,수요일,대전광역시 서구 월평동,경상사고,0,0,2,0,차대차 - 기타,안전운전불이행,건조,맑음,교차로 - 교차로안,승용,남,52세,상해없음,승합,남,41세,경상
2013112000100465,2013년 11월 20일 18시,수요일,대전광역시 유성구 원내동,경상사고,0,0,1,0,차량단독 - 기타,기타,건조,맑음,단일로 - 기타,승합,남,58세,상해없음,,,,
2013112000100607,2013년 11월 20일 22시,수요일,대전광역시 대덕구 중리동,중상사고,0,1,0,0,차대사람 - 횡단중,신호위반,건조,맑음,교차로 - 교차로부근,승용,여,56세,상해없음,보행자,여,49세,중상
2013112000100608,2013년 11월 20일 22시,수요일,대전광역시 유성구 관평동,중상사고,0,1,0,0,차대차 - 추돌 - 주정차중,안전운전불이행,건조,맑음,기타 - 기타,승용,남,45세,상해없음,화물,남,49세,중상
2013112000100633,2013년 11월 20일 23시,수요일,대전광역시 대덕구 중리동,경상사고,0,0,1,0,차대사람 - 횡단중,보행자보호의무위반,건조,맑음,교차로 - 교차로부근,승용,남,63세,상해없음,보행자,남,38세,경상
2013112100100101,2013년 11월 21일 07시,목요일,대전광역시 중구 대흥동,중상사고,0,1,0,0,차대차 - 기타,안전운전불이행,건조,맑음,단일로 - 기타,승용,남,27세,상해없음,승합,남,47세,상해없음
2013112100100102,2013년 11월 21일 07시,목요일,대전광역시 대덕구 읍내동,중상사고,0,1,0,0,차대차 - 측면직각충돌,안전운전불이행,건조,맑음,단일로 - 기타,승용,남,29세,상해없음,자전거,남,68세,중상
2013112100100149,2013년 11월 21일 08시,목요일,대전광역시 서구 가장동,경상사고,0,0,1,0,차량단독 - 기타,안전운전불이행,건조,맑음,교차로 - 교차로안,승합,남,51세,상해없음,,,,
2013112100100150,2013년 11월 21일 08시,목요일,대전광역시 서구 둔산동,경상사고,0,0,1,0,차대차 - 추돌 - 주정차중,안전운전불이행,건조,맑음,교차로 - 교차로부근,승용,남,50세,상해없음,승용,남,24세,경상
2013112100100151,2013년 11월 21일 08시,목요일,대전광역시 서구 월평동,경상사고,0,0,1,0,차대차 - 추돌 - 주정차중,안전운전불이행,건조,맑음,교차로 - 교차로부근,승합,남,45세,상해없음,승용,여,41세,경상
2013112100100177,2013년 11월 21일 09시,목요일,대전광역시 동구 판암동,경상사고,0,0,1,0,차대사람 - 횡단중,안전운전불이행,건조,맑음,교차로 - 교차로안,승용,여,53세,상해없음,보행자,여,75세,경상
2013112100100230,2013년 11월 21일 11시,목요일,대전광역시 대덕구 신탄진동,중상사고,0,1,0,0,차대차 - 기타,안전운전불이행,건조,맑음,단일로 - 기타,화물,남,44세,상해없음,자전거,남,64세,중상
2013112100100316,2013년 11월 21일 14시,목요일,대전광역시 유성구 지족동,경상사고,0,0,1,0,차대차 - 기타,신호위반,건조,맑음,교차로 - 교차로안,원동기,남,24세,상해없음,승합,여,31세,경상
2013112100100355,2013년 11월 21일 15시,목요일,대전광역시 유성구 봉명동,경상사고,0,0,1,0,차대사람 - 보도통행중,신호위반,건조,맑음,교차로 - 교차로부근,승합,남,31세,상해없음,보행자,여,26세,경상
2013112100100389,2013년 11월 21일 16시,목요일,대전광역시 동구 삼괴동,경상사고,0,0,2,0,차대차 - 추돌 - 진행중,안전거리미확보,건조,맑음,교차로 - 교차로부근,승용,남,63세,상해없음,승용,여,33세,경상
2013112100100434,2013년 11월 21일 17시,목요일,대전광역시 중구 대흥동,중상사고,0,1,0,0,차대사람 - 횡단중,안전운전불이행,건조,흐림,교차로 - 교차로안,승용,여,39세,상해없음,보행자,남,75세,중상
2013112100100488,2013년 11월 21일 18시,목요일,대전광역시 유성구 전민동,경상사고,0,0,1,0,차대차 - 측면직각충돌,안전운전불이행,건조,맑음,단일로 - 기타,승합,남,61세,상해없음,자전거,남,7세,경상
2013112100100522,2013년 11월 21일 19시,목요일,대전광역시 중구 사정동,중상사고,0,3,4,0,차대차 - 정면충돌,신호위반,건조,맑음,교차로 - 교차로안,화물,남,24세,경상,승용,남,23세,경상
2013112100100561,2013년 11월 21일 20시,목요일,대전광역시 동구 용전동,중상사고,0,1,1,0,차대사람 - 기타,보행자보호의무위반,건조,맑음,교차로 - 교차로안,승용,여,40세,상해없음,보행자,여,14세,경상
2013112100100562,2013년 11월 21일 20시,목요일,대전광역시 대덕구 신탄진동,경상사고,0,0,2,0,차대차 - 측면직각충돌,안전운전불이행,건조,맑음,단일로 - 기타,승용,남,36세,상해없음,승용,남,23세,경상
2013112100100640,2013년 11월 21일 22시,목요일,대전광역시 서구 변동,경상사고,0,0,1,0,차대차 - 기타,안전운전불이행,건조,맑음,교차로 - 교차로안,승용,남,58세,상해없음,승용,남,54세,경상
2013112100100641,2013년 11월 21일 22시,목요일,대전광역시 대덕구 대화동,경상사고,0,0,1,0,차대차 - 기타,중앙선침범,건조,맑음,미분류 - 미분류,승용,남,43세,상해없음,승용,여,26세,경상
2013112200100027,2013년 11월 22일 00시,금요일,대전광역시 서구 내동,경상사고,0,0,2,0,차대차 - 기타,안전운전불이행,건조,맑음,교차로 - 교차로안,승용,여,51세,상해없음,승용,남,49세,경상
2013112200100028,2013년 11월 22일 00시,금요일,대전광역시 서구 둔산동,중상사고,0,1,1,0,차대차 - 정면충돌,중앙선침범,건조,맑음,교차로 - 교차로부근,승용,남,29세,상해없음,승용,남,30세,중상
2013112200100029,2013년 11월 22일 00시,금요일,대전광역시 유성구 노은동,경상사고,0,0,2,0,차대차 - 측면직각충돌,신호위반,건조,맑음,교차로 - 교차로안,승용,남,42세,상해없음,화물,남,61세,경상
2013112200100061,2013년 11월 22일 03시,금요일,대전광역시 서구 관저동,경상사고,0,0,1,0,차대차 - 기타,안전운전불이행,건조,맑음,교차로 - 교차로부근,승용,여,44세,상해없음,승용,남,38세,경상
2013112200100080,2013년 11월 22일 05시,금요일,대전광역시 유성구 상대동,경상사고,0,0,1,0,차대차 - 측면직각충돌,교차로운행방법위반,건조,맑음,교차로 - 교차로안,승용,기타불명,기타불명,기타불명,승용,여,30세,경상
2013112200100129,2013년 11월 22일 07시,금요일,대전광역시 대덕구 비래동,중상사고,0,1,0,0,차대사람 - 기타,신호위반,건조,맑음,교차로 - 교차로안,승용,남,68세,상해없음,보행자,여,30세,중상
2013112200100130,2013년 11월 22일 07시,금요일,대전광역시 대덕구 중리동,경상사고,0,0,2,0,차대차 - 측면직각충돌,직진우회전진행방해,건조,맑음,교차로 - 교차로안,승용,남,60세,상해없음,승용,남,45세,경상
2013112200100168,2013년 11월 22일 08시,금요일,대전광역시 중구 산성동,중상사고,0,1,0,0,차대사람 - 기타,안전운전불이행,건조,맑음,단일로 - 기타,승용,여,45세,상해없음,보행자,남,10세,중상
2013112200100169,2013년 11월 22일 08시,금요일,대전광역시 대덕구 오정동,경상사고,0,0,1,0,차량단독 - 기타,기타,건조,맑음,단일로 - 기타,승합,남,42세,상해없음,,,,
2013112200100170,2013년 11월 22일 08시,금요일,대전광역시 서구 둔산동,경상사고,0,0,1,0,차대차 - 측면직각충돌,안전운전불이행,건조,맑음,단일로 - 기타,승용,남,53세,상해없음,승용,여,33세,상해없음
2013112200100192,2013년 11월 22일 09시,금요일,대전광역시 동구 가양동,경상사고,0,0,1,0,차대사람 - 횡단중,신호위반,건조,맑음,단일로 - 횡단보도상,승용,남,47세,상해없음,보행자,여,22세,경상
2013112200100297,2013년 11월 22일 13시,금요일,대전광역시 중구 안영동,경상사고,0,0,3,0,차대차 - 측면직각충돌,안전운전불이행,건조,맑음,교차로 - 교차로안,승용,남,32세,경상,승용,남,25세,경상
2013112200100371,2013년 11월 22일 15시,금요일,대전광역시 대덕구 대화동,경상사고,0,0,1,0,차대차 - 측면직각충돌,안전운전불이행,건조,맑음,교차로 - 교차로안,승용,남,41세,상해없음,승용,남,31세,경상
2013112200100441,2013년 11월 22일 17시,금요일,대전광역시 유성구 관평동,경상사고,0,0,1,0,차대차 - 측면직각충돌,안전거리미확보,건조,맑음,교차로 - 교차로부근,승용,남,40세,상해없음,승용,여,43세,경상
2013112200100442,2013년 11월 22일 17시,금요일,대전광역시 유성구 장대동,경상사고,0,0,1,0,차대차 - 기타,안전운전불이행,건조,맑음,단일로 - 기타,화물,여,54세,상해없음,승용,남,34세,경상
2013112200100504,2013년 11월 22일 18시,금요일,대전광역시 동구 삼성동,중상사고,0,1,0,0,차대사람 - 기타,안전운전불이행,건조,맑음,교차로 - 교차로안,승용,남,55세,상해없음,보행자,여,51세,중상
2013112200100579,2013년 11월 22일 20시,금요일,대전광역시 중구 호동,경상사고,0,0,1,0,차대차 - 측면직각충돌,중앙선침범,건조,흐림,단일로 - 기타,승용,남,65세,상해없음,승용,남,23세,경상
2013112200100580,2013년 11월 22일 20시,금요일,대전광역시 서구 월평동,경상사고,0,0,1,0,차대차 - 기타,안전거리미확보,건조,맑음,단일로 - 기타,승용,여,44세,상해없음,승용,남,32세,경상
2013112200100670,2013년 11월 22일 23시,금요일,대전광역시 동구 소제동,경상사고,0,0,1,0,차대차 - 측면직각충돌,신호위반,건조,맑음,교차로 - 교차로안,승용,남,26세,상해없음,승용,남,53세,경상
2013112300100027,2013년 11월 23일 00시,토요일,대전광역시 동구 대동,경상사고,0,0,1,0,차대차 - 추돌 - 주정차중,안전운전불이행,건조,맑음,교차로 - 교차로부근,승용,남,50세,상해없음,승용,여,38세,경상
2013112300100050,2013년 11월 23일 01시,토요일,대전광역시 대덕구 오정동,경상사고,0,0,1,0,차대차 - 정면충돌,중앙선침범,건조,맑음,교차로 - 교차로안,승용,남,27세,상해없음,승용,남,55세,경상
2013112300100069,2013년 11월 23일 02시,토요일,대전광역시 대덕구 오정동,경상사고,0,0,1,0,차대차 - 추돌 - 주정차중,안전운전불이행,건조,맑음,단일로 - 기타,승용,남,41세,상해없음,승용,여,24세,경상
2013112300100090,2013년 11월 23일 04시,토요일,대전광역시 서구 관저동,중상사고,0,1,1,0,차대차 - 추돌 - 주정차중,안전운전불이행,건조,맑음,교차로 - 교차로부근,승합,남,34세,상해없음,승용,남,47세,중상
2013112300100167,2013년 11월 23일 08시,토요일,대전광역시 서구 괴정동,경상사고,0,0,1,0,차대차 - 기타,안전운전불이행,건조,맑음,단일로 - 기타,승용,남,40세,상해없음,자전거,여,20세,경상
2013112300100168,2013년 11월 23일 08시,토요일,대전광역시 서구 월평동,중상사고,0,1,0,0,차대사람 - 기타,안전운전불이행,건조,맑음,단일로 - 기타,승용,남,59세,상해없음,보행자,여,41세,중상
2013112300100197,2013년 11월 23일 09시,토요일,대전광역시 서구 복수동,중상사고,0,1,0,0,차대차 - 측면직각충돌,신호위반,건조,맑음,교차로 - 교차로안,승합,남,43세,상해없음,승용,남,49세,중상
2013112300100226,2013년 11월 23일 10시,토요일,대전광역시 서구 갈마동,중상사고,0,1,0,0,차량단독 - 기타,기타,건조,맑음,단일로 - 기타,승합,남,47세,상해없음,,,,
2013112300100252,2013년 11월 23일 11시,토요일,대전광역시 서구 둔산동,경상사고,0,0,2,0,차대차 - 추돌 - 주정차중,안전거리미확보,건조,맑음,단일로 - 기타,승용,남,59세,상해없음,승용,남,54세,상해없음
2013112300100253,2013년 11월 23일 11시,토요일,대전광역시 유성구 방동,중상사고,0,1,0,0,차대차 - 측면직각충돌,안전거리미확보,건조,맑음,단일로 - 기타,승용,남,30세,상해없음,승용,남,30세,중상
2013112300100360,2013년 11월 23일 14시,토요일,대전광역시 중구 목동,경상사고,0,0,1,0,차대차 - 추돌 - 진행중,안전거리미확보,건조,맑음,교차로 - 교차로부근,승용,남,49세,상해없음,승용,남,52세,경상
2013112300100471,2013년 11월 23일 17시,토요일,대전광역시 서구 관저동,중상사고,0,1,0,0,차대차 - 기타,신호위반,건조,맑음,교차로 - 교차로안,승용,여,54세,상해없음,이륜,남,48세,중상
2013112300100512,2013년 11월 23일 18시,토요일,대전광역시 서구 갈마동,중상사고,0,1,0,0,차대차 - 기타,안전거리미확보,건조,맑음,단일로 - 기타,승용,남,60세,상해없음,승용,여,46세,중상
2013112300100556,2013년 11월 23일 19시,토요일,대전광역시 동구 자양동,중상사고,0,1,0,0,차대차 - 측면직각충돌,안전운전불이행,건조,맑음,단일로 - 기타,승용,남,65세,상해없음,이륜,남,39세,중상
2013112300100590,2013년 11월 23일 20시,토요일,대전광역시 동구 가양동,중상사고,0,1,0,0,차대사람 - 횡단중,안전운전불이행,건조,맑음,교차로 - 교차로안,승용,남,49세,상해없음,보행자,여,47세,중상
2013112300100591,2013년 11월 23일 20시,토요일,대전광역시 동구 가양동,경상사고,0,0,4,0,차대차 - 측면직각충돌,신호위반,건조,맑음,교차로 - 교차로안,승용,남,61세,상해없음,승용,남,22세,경상
2013112300100643,2013년 11월 23일 22시,토요일,대전광역시 유성구 장대동,경상사고,0,0,1,0,차대차 - 기타,기타,건조,맑음,교차로 - 교차로안,이륜,남,19세,경상,승용,남,43세,상해없음
2013112300100667,2013년 11월 23일 23시,토요일,대전광역시 서구 둔산동,중상사고,0,1,4,0,차대차 - 측면직각충돌,안전운전불이행,건조,맑음,교차로 - 교차로안,승용,남,27세,경상,승용,여,33세,중상
2013112400100022,2013년 11월 24일 00시,일요일,대전광역시 중구 유천동,경상사고,0,0,4,0,차대차 - 기타,안전운전불이행,건조,맑음,단일로 - 기타,승용,남,48세,상해없음,화물,남,44세,상해없음
2013112400100023,2013년 11월 24일 00시,일요일,대전광역시 서구 월평동,경상사고,0,0,1,0,차대사람 - 기타,안전운전불이행,건조,맑음,교차로 - 교차로안,승용,남,58세,상해없음,보행자,여,17세,경상
2013112400100056,2013년 11월 24일 02시,일요일,대전광역시 동구 대동,중상사고,0,2,0,0,차대차 - 측면직각충돌,안전운전불이행,건조,맑음,교차로 - 교차로안,승용,남,54세,상해없음,이륜,남,19세,중상
2013112400100145,2013년 11월 24일 10시,일요일,대전광역시 중구 선화동,경상사고,0,0,1,0,차대차 - 추돌 - 진행중,안전운전불이행,건조,맑음,교차로 - 교차로부근,승용,남,52세,상해없음,승용,남,67세,경상
2013112400100172,2013년 11월 24일 11시,일요일,대전광역시 서구 관저동,경상사고,0,0,1,0,차대차 - 측면직각충돌,안전거리미확보,건조,기타,단일로 - 횡단보도부근,화물,남,42세,상해없음,승용,여,60세,경상
2013112400100226,2013년 11월 24일 13시,일요일,대전광역시 동구 중동,중상사고,0,1,0,0,차대사람 - 기타,안전운전불이행,건조,맑음,기타 - 기타,승용,기타불명,기타불명,기타불명,보행자,여,53세,중상
2013112400100249,2013년 11월 24일 14시,일요일,대전광역시 동구 삼성동,중상사고,0,1,0,0,차대사람 - 횡단중,신호위반,건조,맑음,교차로 - 교차로안,승용,남,64세,상해없음,보행자,여,30세,중상
2013112400100250,2013년 11월 24일 14시,일요일,대전광역시 유성구 봉명동,중상사고,0,1,0,0,차대차 - 기타,안전운전불이행,건조,맑음,단일로 - 기타,승용,남,41세,기타불명,승합,남,51세,상해없음
2013112400100302,2013년 11월 24일 16시,일요일,대전광역시 동구 가양동,경상사고,0,0,5,0,차대차 - 측면직각충돌,교차로운행방법위반,건조,맑음,교차로 - 교차로안,화물,남,40세,경상,승용,남,59세,경상
2013112400100303,2013년 11월 24일 16시,일요일,대전광역시 동구 용전동,경상사고,0,0,1,0,차대차 - 기타,안전거리미확보,습기,비,단일로 - 기타,승합,남,49세,상해없음,승용,여,40세,상해없음
2013112400100349,2013년 11월 24일 17시,일요일,대전광역시 동구 삼성동,경상사고,0,0,1,0,차대차 - 추돌 - 주정차중,안전운전불이행,습기,비,단일로 - 기타,승용,남,59세,상해없음,승용,남,35세,경상
2013112400100404,2013년 11월 24일 18시,일요일,대전광역시 서구 가수원동,경상사고,0,0,1,0,차대차 - 측면직각충돌,안전운전불이행,습기,비,교차로 - 교차로부근,승용,남,51세,상해없음,자전거,남,48세,경상
2013112400100405,2013년 11월 24일 18시,일요일,대전광역시 대덕구 석봉동,경상사고,0,0,2,0,차대차 - 추돌 - 주정차중,안전운전불이행,건조,맑음,교차로 - 교차로부근,화물,남,59세,상해없음,승용,남,42세,경상
2013112400100464,2013년 11월 24일 19시,일요일,대전광역시 동구 판암동,중상사고,0,1,0,0,차대사람 - 횡단중,신호위반,습기,비,단일로 - 횡단보도상,승용,남,70세,상해없음,보행자,여,23세,중상
2013112400100465,2013년 11월 24일 19시,일요일,대전광역시 서구 만년동,경상사고,0,0,1,0,차대사람 - 횡단중,보행자보호의무위반,습기,비,단일로 - 횡단보도상,승용,남,29세,상해없음,보행자,남,13세,경상
2013112400100563,2013년 11월 24일 21시,일요일,대전광역시 중구 안영동,중상사고,0,1,0,0,차량단독 - 공작물충돌,안전운전불이행,건조,흐림,단일로 - 기타,승용,남,50세,중상,,,,
2013112400100564,2013년 11월 24일 21시,일요일,대전광역시 서구 괴정동,경상사고,0,0,2,0,차대차 - 추돌 - 진행중,안전운전불이행,습기,비,단일로 - 기타,승용,남,37세,상해없음,승용,남,62세,경상
2013112400100565,2013년 11월 24일 21시,일요일,대전광역시 서구 월평동,중상사고,0,1,0,0,차대사람 - 기타,안전운전불이행,습기,비,단일로 - 기타,승용,여,48세,상해없음,보행자,남,43세,중상
2013112400100597,2013년 11월 24일 22시,일요일,대전광역시 중구 오류동,경상사고,0,0,1,0,차량단독 - 기타,안전운전불이행,건조,맑음,교차로 - 교차로안,승합,여,48세,상해없음,,,,
2013112500100044,2013년 11월 25일 01시,월요일,대전광역시 중구 목동,경상사고,0,0,1,0,차대차 - 측면직각충돌,신호위반,건조,맑음,교차로 - 교차로안,승용,남,27세,상해없음,승용,남,58세,경상
2013112500100096,2013년 11월 25일 06시,월요일,대전광역시 유성구 장대동,경상사고,0,0,2,0,차대차 - 측면직각충돌,안전운전불이행,습기,비,교차로 - 교차로안,승합,남,38세,경상,건설기계,남,42세,경상
2013112500100172,2013년 11월 25일 08시,월요일,대전광역시 대덕구 읍내동,경상사고,0,0,1,0,차대차 - 추돌 - 주정차중,안전운전불이행,건조,맑음,단일로 - 기타,승용,남,40세,상해없음,승용,남,52세,경상
2013112500100173,2013년 11월 25일 08시,월요일,대전광역시 대덕구 오정동,경상사고,0,0,1,0,차대사람 - 길가장자리구역통행중,안전운전불이행,습기,흐림,단일로 - 기타,승용,기타불명,기타불명,기타불명,보행자,여,15세,경상
2013112500100244,2013년 11월 25일 10시,월요일,대전광역시 중구 문화동,경상사고,0,0,1,0,차대차 - 측면직각충돌,안전거리미확보,건조,맑음,단일로 - 기타,승합,남,48세,상해없음,승용,남,30세,경상
2013112500100270,2013년 11월 25일 11시,월요일,대전광역시 중구 목동,경상사고,0,0,2,0,차량단독 - 기타,기타,건조,맑음,단일로 - 기타,승합,남,47세,상해없음,,,,
2013112500100294,2013년 11월 25일 12시,월요일,대전광역시 동구 가오동,중상사고,0,1,0,0,차대사람 - 기타,안전운전불이행,습기,비,교차로 - 교차로안,승용,여,30세,상해없음,보행자,여,63세,중상
2013112500100319,2013년 11월 25일 13시,월요일,대전광역시 중구 오류동,중상사고,0,1,2,0,차대차 - 추돌 - 주정차중,안전운전불이행,건조,맑음,단일로 - 기타,승용,남,53세,상해없음,승용,남,64세,경상
2013112500100320,2013년 11월 25일 13시,월요일,대전광역시 유성구 전민동,중상사고,0,1,0,0,차대차 - 기타,신호위반,습기,비,교차로 - 교차로안,화물,남,66세,상해없음,승용,여,59세,중상
2013112500100375,2013년 11월 25일 15시,월요일,대전광역시 유성구 신성동,경상사고,0,0,3,0,차대차 - 기타,신호위반,건조,흐림,교차로 - 교차로안,승용,남,57세,상해없음,승용,남,35세,경상
2013112500100442,2013년 11월 25일 17시,월요일,대전광역시 동구 판암동,경상사고,0,0,1,0,차대사람 - 횡단중,안전운전불이행,건조,맑음,단일로 - 기타,승용,남,63세,상해없음,보행자,여,52세,경상
2013112500100443,2013년 11월 25일 17시,월요일,대전광역시 동구 대동,경상사고,0,0,1,0,차대차 - 측면직각충돌,안전운전불이행,건조,맑음,단일로 - 기타,승합,남,21세,상해없음,승용,여,30세,경상
2013112500100500,2013년 11월 25일 18시,월요일,대전광역시 유성구 봉명동,중상사고,0,1,2,0,차대차 - 측면직각충돌,안전운전불이행,건조,맑음,단일로 - 기타,화물,남,50세,상해없음,승용,남,41세,중상
2013112500100543,2013년 11월 25일 19시,월요일,대전광역시 중구 선화동,경상사고,0,0,1,0,차대차 - 측면직각충돌,직진우회전진행방해,건조,맑음,교차로 - 교차로안,승용,남,60세,상해없음,승용,여,33세,경상
2013112500100566,2013년 11월 25일 20시,월요일,대전광역시 동구 자양동,경상사고,0,0,1,0,차대차 - 정면충돌,안전운전불이행,건조,맑음,단일로 - 기타,이륜,남,22세,상해없음,이륜,남,39세,경상
2013112500100581,2013년 11월 25일 21시,월요일,대전광역시 동구 성남동,경상사고,0,0,1,0,차대차 - 측면직각충돌,안전운전불이행,건조,맑음,교차로 - 교차로부근,승용,남,26세,상해없음,자전거,남,24세,경상
2013112500100606,2013년 11월 25일 22시,월요일,대전광역시 유성구 방현동,경상사고,0,0,1,0,차대차 - 측면직각충돌,신호위반,건조,맑음,교차로 - 교차로안,승용,남,34세,상해없음,승용,남,58세,경상
2013112600100032,2013년 11월 26일 01시,화요일,대전광역시 중구 선화동,경상사고,0,0,1,0,차대차 - 기타,차로위반,건조,맑음,교차로 - 교차로부근,승용,기타불명,기타불명,기타불명,승용,남,55세,경상
2013112600100065,2013년 11월 26일 05시,화요일,대전광역시 중구 오류동,사망사고,1,0,0,0,차대사람 - 횡단중,안전운전불이행,건조,맑음,교차로 - 교차로부근,승합,남,62세,상해없음,보행자,여,51세,사망
2013112600100084,2013년 11월 26일 06시,화요일,대전광역시 중구 오류동,경상사고,0,0,2,0,차대차 - 측면직각충돌,중앙선침범,건조,맑음,교차로 - 교차로부근,승용,남,54세,상해없음,승용,남,42세,경상
2013112600100085,2013년 11월 26일 06시,화요일,대전광역시 대덕구 상서동,사망사고,1,0,0,0,차대사람 - 횡단중,안전운전불이행,건조,맑음,단일로 - 기타,승용,남,34세,상해없음,보행자,여,60세,사망
2013112600100112,2013년 11월 26일 07시,화요일,대전광역시 중구 문화동,중상사고,0,1,0,0,차대차 - 측면직각충돌,중앙선침범,건조,맑음,단일로 - 기타,자전거,남,13세,중상,승용,여,39세,상해없음
2013112600100176,2013년 11월 26일 08시,화요일,대전광역시 서구 괴정동,경상사고,0,0,2,0,차대차 - 추돌 - 주정차중,안전운전불이행,건조,맑음,단일로 - 기타,승용,남,25세,상해없음,승용,남,48세,기타불명
2013112600100236,2013년 11월 26일 10시,화요일,대전광역시 중구 선화동,경상사고,0,0,2,0,차대차 - 측면직각충돌,중앙선침범,건조,맑음,교차로 - 교차로부근,승용,남,24세,상해없음,승용,남,31세,경상
2013112600100237,2013년 11월 26일 10시,화요일,대전광역시 대덕구 비래동,중상사고,0,1,0,0,차대사람 - 횡단중,보행자보호의무위반,건조,흐림,단일로 - 횡단보도상,승용,여,43세,상해없음,보행자,여,73세,중상
2013112600100287,2013년 11월 26일 12시,화요일,대전광역시 대덕구 중리동,경상사고,0,0,2,0,차대차 - 추돌 - 주정차중,안전운전불이행,건조,맑음,단일로 - 기타,승용,남,54세,상해없음,승용,남,53세,경상