사고번호,사고일시,요일,시군구,사고내용,사망자수,중상자수,경상자수,부상신고자수,사고유형,법규위반,노면상태,기상상태,도로형태,가해운전자 차종,가해운전자 성별,가해운전자 연령,가해운전자 상해정도,피해운전자 차종,피해운전자 성별,피해운전자 연령,피해운전자 상해정도
2013122200100454,2013년 12월 22일 22시,일요일,대전광역시 유성구 노은동,중상사고,0,3,1,0,차대차 - 기타,신호위반,건조,맑음,교차로 - 교차로안,승용,남,34세,상해없음,승용,남,52세,중상
2013122300100099,2013년 12월 23일 07시,월요일,대전광역시 중구 대흥동,경상사고,0,0,2,0,차대차 - 측면직각충돌,안전운전불이행,건조,맑음,교차로 - 교차로부근,승용,남,55세,상해없음,승용,여,38세,경상
2013122300100142,2013년 12월 23일 08시,월요일,대전광역시 유성구 원신흥동,사망사고,1,0,0,0,차대차 - 기타,안전운전불이행,건조,맑음,단일로 - 기타,화물,남,52세,상해없음,자전거,남,76세,사망
2013122300100197,2013년 12월 23일 10시,월요일,대전광역시 중구 대사동,중상사고,0,1,0,0,차대사람 - 기타,안전운전불이행,건조,맑음,기타 - 기타,승용,기타불명,기타불명,기타불명,보행자,남,79세,중상
2013122300100257,2013년 12월 23일 12시,월요일,대전광역시 서구 월평동,경상사고,0,0,1,0,차대차 - 측면직각충돌,교차로운행방법위반,건조,맑음,단일로 - 기타,승용,남,61세,상해없음,승용,남,39세,경상
2013122300100300,2013년 12월 23일 13시,월요일,대전광역시 서구 관저동,경상사고,0,0,2,0,차대차 - 측면직각충돌,신호위반,건조,맑음,교차로 - 교차로안,승용,여,52세,상해없음,승용,여,37세,경상
2013122300100393,2013년 12월 23일 16시,월요일,대전광역시 유성구 원내동,경상사고,0,0,2,0,차대차 - 추돌 - 진행중,안전운전불이행,건조,맑음,단일로 - 기타,승용,남,42세,상해없음,승용,여,29세,경상
2013122300100497,2013년 12월 23일 18시,월요일,대전광역시 서구 만년동,경상사고,0,0,3,0,차대차 - 추돌 - 진행중,안전거리미확보,건조,맑음,교차로 - 교차로부근,승용,남,47세,상해없음,승용,남,58세,경상
2013122300100531,2013년 12월 23일 19시,월요일,대전광역시 중구 태평동,경상사고,0,0,3,0,차대차 - 추돌 - 주정차중,안전운전불이행,건조,맑음,교차로 - 교차로부근,승용,남,50세,상해없음,승용,남,39세,경상
2013122300100532,2013년 12월 23일 19시,월요일,대전광역시 중구 용두동,중상사고,0,1,0,0,차대차 - 기타,안전운전불이행,건조,맑음,단일로 - 기타,화물,남,46세,상해없음,자전거,여,24세,중상
2013122300100565,2013년 12월 23일 20시,월요일,대전광역시 유성구 신봉동,경상사고,0,0,1,0,차대차 - 측면직각충돌,교차로운행방법위반,건조,맑음,교차로 - 교차로안,승용,남,27세,상해없음,이륜,남,49세,경상
2013122300100588,2013년 12월 23일 21시,월요일,대전광역시 유성구 봉명동,경상사고,0,0,4,0,차대차 - 정면충돌,신호위반,건조,맑음,교차로 - 교차로안,승용,남,56세,상해없음,승용,남,34세,경상
2013122300100649,2013년 12월 23일 23시,월요일,대전광역시 서구 괴정동,중상사고,0,1,0,0,차대사람 - 횡단중,보행자보호의무위반,건조,맑음,단일로 - 횡단보도상,승용,남,36세,상해없음,보행자,여,43세,중상
2013122400100024,2013년 12월 24일 00시,화요일,대전광역시 유성구 대정동,사망사고,1,2,0,0,차대차 - 측면직각충돌,안전거리미확보,건조,맑음,교차로 - 교차로부근,승용,남,65세,사망,승합,남,41세,중상
2013122400100041,2013년 12월 24일 01시,화요일,대전광역시 유성구 봉명동,경상사고,0,0,1,0,차대차 - 추돌 - 주정차중,안전운전불이행,건조,맑음,교차로 - 교차로부근,승용,남,48세,상해없음,승용,남,34세,경상
2013122400100042,2013년 12월 24일 01시,화요일,대전광역시 서구 둔산동,경상사고,0,0,4,0,차대차 - 추돌 - 주정차중,안전운전불이행,건조,맑음,교차로 - 교차로부근,승용,남,62세,상해없음,승용,남,65세,경상
2013122400100085,2013년 12월 24일 04시,화요일,대전광역시 대덕구 덕암동,경상사고,0,0,3,0,차대차 - 측면직각충돌,안전운전불이행,건조,맑음,단일로 - 기타,승용,남,33세,상해없음,승용,남,24세,경상
2013122400100098,2013년 12월 24일 05시,화요일,대전광역시 서구 용문동,중상사고,0,1,0,0,차대사람 - 횡단중,안전운전불이행,건조,맑음,교차로 - 교차로안,승용,남,42세,상해없음,보행자,남,33세,중상
2013122400100169,2013년 12월 24일 08시,화요일,대전광역시 서구 갈마동,경상사고,0,0,1,0,차대사람 - 횡단중,안전운전불이행,건조,맑음,단일로 - 기타,승용,남,56세,상해없음,보행자,남,14세,경상
2013122400100191,2013년 12월 24일 09시,화요일,대전광역시 동구 가오동,경상사고,0,0,1,0,차대차 - 측면직각충돌,안전운전불이행,건조,맑음,교차로 - 교차로안,승합,여,61세,기타불명,승용,남,49세,경상
2013122400100211,2013년 12월 24일 10시,화요일,대전광역시 서구 둔산동,경상사고,0,0,1,0,차대차 - 기타,안전운전불이행,건조,맑음,단일로 - 기타,승용,남,28세,상해없음,승용,남,36세,경상
2013122400100233,2013년 12월 24일 11시,화요일,대전광역시 중구 태평동,경상사고,0,0,1,0,차대차 - 측면직각충돌,신호위반,건조,맑음,단일로 - 기타,승용,여,48세,상해없음,이륜,남,58세,경상
2013122400100433,2013년 12월 24일 18시,화요일,대전광역시 유성구 화암동,경상사고,0,0,1,0,차대차 - 기타,안전운전불이행,건조,맑음,단일로 - 기타,화물,남,52세,상해없음,화물,남,39세,상해없음
2013122400100460,2013년 12월 24일 18시,화요일,대전광역시 유성구 봉명동,중상사고,0,2,0,0,차대사람 - 횡단중,보행자보호의무위반,건조,맑음,단일로 - 횡단보도상,승용,남,30세,상해없음,보행자,남,50세,중상
2013122400100502,2013년 12월 24일 19시,화요일,대전광역시 서구 변동,중상사고,0,1,0,0,차대차 - 측면직각충돌,안전거리미확보,건조,맑음,단일로 - 기타,승용,남,56세,상해없음,원동기,남,51세,중상
2013122400100503,2013년 12월 24일 19시,화요일,대전광역시 유성구 탑립동,중상사고,0,1,0,0,차대차 - 측면직각충돌,신호위반,건조,흐림,교차로 - 교차로안,승용,남,58세,상해없음,승용,남,40세,중상
2013122400100587,2013년 12월 24일 21시,화요일,대전광역시 동구 효동,경상사고,0,0,1,0,차대차 - 추돌 - 주정차중,안전운전불이행,건조,맑음,교차로 - 교차로부근,화물,남,45세,상해없음,승용,남,55세,경상
2013122400100664,2013년 12월 24일 23시,화요일,대전광역시 서구 가수원동,경상사고,0,0,1,0,차대차 - 추돌 - 주정차중,안전운전불이행,건조,맑음,단일로 - 기타,승용,여,44세,상해없음,승용,남,41세,경상
2013122400100665,2013년 12월 24일 23시,화요일,대전광역시 대덕구 중리동,중상사고,0,1,0,0,차대사람 - 횡단중,보행자보호의무위반,건조,맑음,교차로 - 교차로안,승용,기타불명,기타불명,기타불명,보행자,여,33세,중상
2013122500100057,2013년 12월 25일 02시,수요일,대전광역시 중구 대흥동,중상사고,0,1,0,0,차대사람 - 기타,안전운전불이행,건조,맑음,단일로 - 기타,원동기,기타불명,기타불명,기타불명,보행자,남,50세,중상
2013122500100058,2013년 12월 25일 02시,수요일,대전광역시 중구 대사동,중상사고,0,1,0,0,차대차 - 측면직각충돌,교차로운행방법위반,건조,맑음,교차로 - 교차로안,승용,남,54세,상해없음,원동기,남,34세,중상
2013122500100072,2013년 12월 25일 03시,수요일,대전광역시 대덕구 오정동,경상사고,0,0,1,0,차대차 - 추돌 - 주정차중,안전운전불이행,건조,맑음,교차로 - 교차로부근,승용,남,38세,상해없음,승용,남,31세,경상
2013122500100110,2013년 12월 25일 05시,수요일,대전광역시 서구 만년동,경상사고,0,0,1,0,차대차 - 추돌 - 주정차중,안전거리미확보,건조,맑음,교차로 - 교차로부근,승용,남,39세,상해없음,승용,남,57세,경상
2013122500100124,2013년 12월 25일 06시,수요일,대전광역시 서구 둔산동,사망사고,1,2,0,0,차대차 - 기타,중앙선침범,건조,맑음,단일로 - 기타,승용,남,21세,중상,승합,남,31세,중상
2013122500100144,2013년 12월 25일 07시,수요일,대전광역시 중구 문창동,경상사고,0,0,2,0,차대차 - 측면직각충돌,교차로운행방법위반,건조,맑음,교차로 - 교차로안,승용,남,25세,상해없음,승용,남,70세,경상
2013122500100163,2013년 12월 25일 08시,수요일,대전광역시 서구 갈마동,경상사고,0,0,1,0,차대차 - 추돌 - 진행중,안전운전불이행,습기,흐림,단일로 - 기타,승용,남,36세,상해없음,승용,남,58세,경상
2013122500100359,2013년 12월 25일 18시,수요일,대전광역시 서구 둔산동,중상사고,0,1,0,0,차대사람 - 기타,안전운전불이행,건조,맑음,단일로 - 기타,승용,여,54세,상해없음,보행자,여,66세,중상
2013122500100360,2013년 12월 25일 18시,수요일,대전광역시 유성구 장대동,경상사고,0,0,2,0,차대차 - 기타,교차로운행방법위반,건조,맑음,교차로 - 교차로안,승용,여,48세,경상,승용,여,65세,경상
2013122500100416,2013년 12월 25일 20시,수요일,대전광역시 동구 자양동,경상사고,0,0,1,0,차대차 - 측면직각충돌,교차로운행방법위반,건조,맑음,교차로 - 교차로안,승용,남,52세,상해없음,원동기,남,21세,경상
2013122500100451,2013년 12월 25일 22시,수요일,대전광역시 서구 갈마동,경상사고,0,0,1,0,차대차 - 추돌 - 진행중,안전거리미확보,건조,맑음,교차로 - 교차로부근,화물,남,34세,상해없음,승용,남,35세,경상
2013122600100024,2013년 12월 26일 01시,목요일,대전광역시 동구 용전동,경상사고,0,0,2,0,차대차 - 기타,안전거리미확보,건조,맑음,단일로 - 횡단보도상,승용,남,65세,기타불명,승용,남,21세,경상
2013122600100025,2013년 12월 26일 01시,목요일,대전광역시 동구 용전동,경상사고,0,0,1,0,차대사람 - 횡단중,보행자보호의무위반,건조,맑음,단일로 - 횡단보도상,승용,남,58세,기타불명,보행자,여,19세,경상
2013122600100069,2013년 12월 26일 06시,목요일,대전광역시 중구 대흥동,경상사고,0,0,3,0,차대차 - 추돌 - 주정차중,안전운전불이행,건조,맑음,단일로 - 기타,승용,남,34세,상해없음,승용,남,55세,경상
2013122600100070,2013년 12월 26일 06시,목요일,대전광역시 중구 대흥동,중상사고,0,1,0,0,차대차 - 기타,차로위반,건조,맑음,교차로 - 교차로부근,승용,남,23세,상해없음,승용,남,56세,중상
2013122600100141,2013년 12월 26일 08시,목요일,대전광역시 유성구 구암동,중상사고,0,2,1,0,차대차 - 기타,안전거리미확보,건조,맑음,단일로 - 기타,화물,남,33세,상해없음,승용,남,34세,경상
2013122600100157,2013년 12월 26일 09시,목요일,대전광역시 중구 오류동,경상사고,0,0,2,0,차대차 - 추돌 - 주정차중,안전거리미확보,건조,맑음,단일로 - 기타,승용,남,55세,상해없음,화물,남,49세,경상
2013122600100381,2013년 12월 26일 17시,목요일,대전광역시 동구 성남동,경상사고,0,0,1,0,차대사람 - 차도통행중,안전운전불이행,건조,맑음,단일로 - 기타,화물,기타불명,기타불명,기타불명,보행자,여,48세,경상
2013122600100483,2013년 12월 26일 20시,목요일,대전광역시 서구 갈마동,경상사고,0,0,2,0,차대차 - 측면직각충돌,안전운전불이행,건조,흐림,단일로 - 기타,승용,여,38세,상해없음,승용,남,44세,경상
2013122600100538,2013년 12월 26일 22시,목요일,대전광역시 동구 가오동,경상사고,0,0,1,0,차대차 - 추돌 - 주정차중,안전운전불이행,건조,맑음,단일로 - 횡단보도부근,승용,남,31세,상해없음,승용,여,58세,경상
2013122700100024,2013년 12월 27일 00시,금요일,대전광역시 서구 정림동,경상사고,0,0,2,0,차대차 - 추돌 - 주정차중,안전운전불이행,건조,맑음,교차로 - 교차로부근,승용,남,34세,상해없음,승용,남,25세,경상
2013122700100025,2013년 12월 27일 00시,금요일,대전광역시 서구 괴정동,경상사고,0,0,1,0,차대차 - 측면직각충돌,신호위반,건조,맑음,교차로 - 교차로안,승용,남,45세,상해없음,승용,남,41세,경상
2013122700100035,2013년 12월 27일 01시,금요일,대전광역시 서구 만년동,중상사고,0,1,0,0,차대사람 - 횡단중,보행자보호의무위반,건조,흐림,단일로 - 횡단보도상,승용,남,55세,상해없음,보행자,남,36세,중상
2013122700100036,2013년 12월 27일 01시,금요일,대전광역시 유성구 봉명동,경상사고,0,0,1,0,차대차 - 기타,안전거리미확보,건조,흐림,교차로 - 교차로부근,승용,남,26세,상해없음,승합,남,41세,경상
2013122700100063,2013년 12월 27일 05시,금요일,대전광역시 중구 문화동,중상사고,0,1,0,0,차대사람 - 기타,안전운전불이행,건조,맑음,단일로 - 기타,원동기,남,42세,상해없음,보행자,여,81세,중상
2013122700100119,2013년 12월 27일 08시,금요일,대전광역시 서구 관저동,중상사고,0,1,1,0,차대차 - 정면충돌,중앙선침범,건조,맑음,단일로 - 기타,승합,남,22세,상해없음,승용,남,73세,경상
2013122700100140,2013년 12월 27일 09시,금요일,대전광역시 동구 인동,중상사고,0,1,0,0,차대차 - 측면직각충돌,교차로운행방법위반,건조,맑음,교차로 - 교차로안,승용,여,42세,상해없음,이륜,남,26세,중상
2013122700100160,2013년 12월 27일 10시,금요일,대전광역시 유성구 구성동,경상사고,0,0,1,0,차대차 - 기타,안전운전불이행,건조,맑음,교차로 - 교차로안,승용,남,56세,상해없음,자전거,남,25세,경상
2013122700100238,2013년 12월 27일 13시,금요일,대전광역시 중구 문화동,경상사고,0,0,1,0,차대차 - 측면직각충돌,교차로운행방법위반,건조,흐림,교차로 - 교차로안,승용,남,70세,상해없음,자전거,남,9세,경상
2013122700100261,2013년 12월 27일 14시,금요일,대전광역시 동구 판암동,중상사고,0,1,0,0,차량단독 - 기타,기타,건조,맑음,교차로 - 교차로부근,승합,남,56세,상해없음,,,,
2013122700100315,2013년 12월 27일 16시,금요일,대전광역시 중구 부사동,경상사고,0,0,1,0,차대사람 - 횡단중,신호위반,건조,흐림,교차로 - 교차로부근,화물,여,40세,상해없음,보행자,여,16세,경상
2013122700100316,2013년 12월 27일 16시,금요일,대전광역시 동구 가오동,경상사고,0,0,1,0,차대사람 - 차도통행중,안전운전불이행,건조,맑음,교차로 - 교차로안,승용,남,53세,상해없음,보행자,여,29세,경상
2013122700100389,2013년 12월 27일 18시,금요일,대전광역시 대덕구 오정동,경상사고,0,0,1,0,차대차 - 측면직각충돌,신호위반,건조,맑음,교차로 - 교차로안,승용,남,39세,상해없음,승용,남,22세,경상
2013122700100526,2013년 12월 27일 22시,금요일,대전광역시 중구 산성동,중상사고,0,1,0,0,차대차 - 기타,안전운전불이행,건조,맑음,단일로 - 횡단보도상,승합,남,46세,상해없음,자전거,남,17세,중상
2013122700100564,2013년 12월 27일 23시,금요일,대전광역시 서구 관저동,경상사고,0,0,1,0,차대사람 - 횡단중,신호위반,건조,맑음,교차로 - 교차로안,승용,남,65세,상해없음,보행자,여,19세,경상
2013122700100565,2013년 12월 27일 23시,금요일,대전광역시 서구 갈마동,중상사고,0,2,6,0,차대차 - 기타,신호위반,건조,맑음,교차로 - 교차로안,승용,남,46세,상해없음,승용,남,54세,경상
2013122800100034,2013년 12월 28일 00시,토요일,대전광역시 대덕구 송촌동,경상사고,0,0,3,0,차대차 - 추돌 - 주정차중,안전운전불이행,건조,맑음,교차로 - 교차로부근,화물,남,51세,기타불명,승용,여,55세,경상
2013122800100079,2013년 12월 28일 02시,토요일,대전광역시 대덕구 중리동,경상사고,0,0,1,0,차대차 - 측면직각충돌,신호위반,건조,맑음,교차로 - 교차로안,승용,남,41세,상해없음,승용,남,62세,경상
2013122800100080,2013년 12월 28일 02시,토요일,대전광역시 대덕구 비래동,경상사고,0,0,3,0,차대차 - 정면충돌,중앙선침범,건조,맑음,단일로 - 기타,승용,남,32세,상해없음,승용,남,32세,경상
2013122800100097,2013년 12월 28일 03시,토요일,대전광역시 중구 은행동,경상사고,0,0,1,0,차대차 - 기타,신호위반,건조,맑음,교차로 - 교차로안,승용,남,61세,상해없음,승용,남,30세,경상
2013122800100114,2013년 12월 28일 04시,토요일,대전광역시 중구 안영동,중상사고,0,1,0,0,차대사람 - 기타,안전운전불이행,습기,맑음,단일로 - 기타,승용,남,39세,상해없음,보행자,남,47세,중상
2013122800100115,2013년 12월 28일 04시,토요일,대전광역시 서구 둔산동,경상사고,0,0,1,0,차대사람 - 기타,안전운전불이행,건조,맑음,단일로 - 기타,승용,남,22세,상해없음,보행자,여,23세,경상
2013122800100152,2013년 12월 28일 06시,토요일,대전광역시 서구 탄방동,중상사고,0,1,0,0,차대사람 - 기타,보행자보호의무위반,건조,맑음,단일로 - 횡단보도상,화물,남,48세,상해없음,보행자,여,65세,중상
2013122800100220,2013년 12월 28일 10시,토요일,대전광역시 서구 도안동,중상사고,0,1,0,0,차대차 - 기타,중앙선침범,건조,맑음,단일로 - 기타,승용,남,24세,기타불명,승용,남,29세,중상
2013122800100305,2013년 12월 28일 13시,토요일,대전광역시 동구 가양동,경상사고,0,0,1,0,차대차 - 기타,안전운전불이행,건조,맑음,교차로 - 교차로안,승용,남,57세,상해없음,원동기,남,60세,경상
2013122800100306,2013년 12월 28일 13시,토요일,대전광역시 유성구 대정동,경상사고,0,0,1,0,차대차 - 기타,안전운전불이행,건조,맑음,단일로 - 기타,승용,남,34세,상해없음,승용,여,44세,경상
2013122800100330,2013년 12월 28일 14시,토요일,대전광역시 유성구 장대동,경상사고,0,0,5,0,차대차 - 기타,안전운전불이행,건조,맑음,교차로 - 교차로부근,승용,남,59세,상해없음,승용,여,34세,경상
2013122800100382,2013년 12월 28일 16시,토요일,대전광역시 서구 도마동,경상사고,0,0,1,0,차대사람 - 횡단중,신호위반,건조,맑음,단일로 - 기타,화물,남,59세,상해없음,보행자,남,26세,경상
2013122800100408,2013년 12월 28일 17시,토요일,대전광역시 동구 성남동,중상사고,0,1,3,1,차대차 - 추돌 - 진행중,안전운전불이행,습기,흐림,단일로 - 기타,화물,남,68세,부상신고,승용,남,30세,경상
2013122800100409,2013년 12월 28일 17시,토요일,대전광역시 동구 용전동,경상사고,0,0,1,0,차대사람 - 기타,안전운전불이행,습기,흐림,단일로 - 기타,승용,남,37세,상해없음,보행자,남,50세,경상
2013122800100458,2013년 12월 28일 18시,토요일,대전광역시 동구 용전동,중상사고,0,1,0,0,차대차 - 측면직각충돌,불법유턴,습기,흐림,단일로 - 기타,승용,남,24세,상해없음,원동기,남,32세,중상
2013122800100459,2013년 12월 28일 18시,토요일,대전광역시 동구 가양동,중상사고,0,1,0,0,차대사람 - 기타,안전운전불이행,건조,맑음,단일로 - 기타,승용,남,55세,상해없음,보행자,남,9세,중상
2013122800100484,2013년 12월 28일 19시,토요일,대전광역시 중구 문창동,경상사고,0,0,1,0,차대차 - 측면직각충돌,안전운전불이행,건조,흐림,교차로 - 교차로안,승용,남,54세,상해없음,자전거,여,57세,경상
2013122800100485,2013년 12월 28일 19시,토요일,대전광역시 서구 월평동,경상사고,0,0,1,0,차대사람 - 기타,안전운전불이행,건조,맑음,기타 - 기타,자전거,남,32세,상해없음,보행자,여,55세,경상
2013122800100564,2013년 12월 28일 22시,토요일,대전광역시 유성구 송강동,중상사고,0,2,1,0,차대차 - 기타,신호위반,건조,맑음,교차로 - 교차로안,승용,남,31세,상해없음,승합,남,51세,경상
2013122900100042,2013년 12월 29일 01시,일요일,대전광역시 서구 도안동,경상사고,0,0,4,0,차대차 - 측면직각충돌,안전운전불이행,건조,맑음,교차로 - 교차로안,승용,남,46세,상해없음,승용,여,26세,경상
2013122900100043,2013년 12월 29일 01시,일요일,대전광역시 서구 갈마동,경상사고,0,0,1,0,차대차 - 기타,신호위반,건조,맑음,교차로 - 교차로안,승용,남,33세,상해없음,승용,여,42세,경상
2013122900100068,2013년 12월 29일 02시,일요일,대전광역시 서구 갈마동,중상사고,0,1,0,0,차대사람 - 횡단중,안전운전불이행,건조,맑음,단일로 - 횡단보도상,승용,남,47세,상해없음,보행자,남,62세,중상
2013122900100080,2013년 12월 29일 03시,일요일,대전광역시 대덕구 송촌동,경상사고,0,0,1,0,차대차 - 측면직각충돌,안전운전불이행,건조,맑음,교차로 - 교차로부근,승용,여,51세,상해없음,승용,남,53세,경상
2013122900100195,2013년 12월 29일 12시,일요일,대전광역시 유성구 죽동,중상사고,0,1,0,0,차대차 - 추돌 - 진행중,신호위반,건조,맑음,교차로 - 교차로안,화물,남,45세,상해없음,승용,남,53세,중상
2013122900100228,2013년 12월 29일 14시,일요일,대전광역시 중구 선화동,경상사고,0,0,1,0,차대차 - 추돌 - 주정차중,안전운전불이행,건조,맑음,단일로 - 기타,승용,남,57세,상해없음,승용,남,39세,경상
2013122900100229,2013년 12월 29일 14시,일요일,대전광역시 중구 대흥동,중상사고,0,1,0,0,차대차 - 측면직각충돌,안전운전불이행,건조,맑음,교차로 - 교차로안,승용,남,50세,상해없음,원동기,남,43세,중상
2013122900100230,2013년 12월 29일 14시,일요일,대전광역시 서구 도마동,경상사고,0,0,1,0,차대차 - 측면직각충돌,중앙선침범,건조,맑음,단일로 - 기타,승용,남,52세,상해없음,승용,여,27세,경상
2013122900100264,2013년 12월 29일 16시,일요일,대전광역시 서구 둔산동,경상사고,0,0,1,0,차대사람 - 기타,안전운전불이행,건조,맑음,단일로 - 기타,승용,남,58세,상해없음,보행자,여,17세,경상
2013122900100389,2013년 12월 29일 20시,일요일,대전광역시 서구 괴정동,경상사고,0,0,1,0,차대사람 - 횡단중,안전운전불이행,건조,맑음,단일로 - 기타,승용,기타불명,기타불명,기타불명,보행자,남,20세,경상
2013122900100437,2013년 12월 29일 22시,일요일,대전광역시 유성구 도룡동,경상사고,0,0,1,0,차대차 - 기타,안전운전불이행,건조,맑음,교차로 - 교차로부근,승용,남,48세,상해없음,승용,남,25세,경상
2013122900100448,2013년 12월 29일 23시,일요일,대전광역시 서구 도마동,중상사고,0,1,0,0,차대사람 - 기타,안전운전불이행,건조,맑음,단일로 - 기타,승용,남,37세,상해없음,보행자,남,51세,중상
2013122900100449,2013년 12월 29일 23시,일요일,대전광역시 유성구 관평동,중상사고,0,1,0,0,차대사람 - 횡단중,안전운전불이행,건조,맑음,단일로 - 기타,원동기,남,18세,상해없음,보행자,여,5세,중상
2013123000100096,2013년 12월 30일 07시,월요일,대전광역시 서구 탄방동,경상사고,0,0,1,0,차대차 - 기타,교차로운행방법위반,건조,맑음,교차로 - 교차로안,승용,남,44세,상해없음,승용,남,36세,경상
2013123000100284,2013년 12월 30일 14시,월요일,대전광역시 대덕구 법동,중상사고,0,1,2,0,차대차 - 추돌 - 진행중,안전거리미확보,건조,맑음,단일로 - 기타,승용,남,79세,상해없음,화물,남,32세,중상
2013123000100380,2013년 12월 30일 17시,월요일,대전광역시 대덕구 신탄진동,경상사고,0,0,1,0,차대차 - 측면직각충돌,차로위반,건조,맑음,단일로 - 기타,승용,남,60세,상해없음,승용,남,45세,경상
2013123000100429,2013년 12월 30일 18시,월요일,대전광역시 중구 사정동,경상사고,0,0,8,0,차대차 - 추돌 - 주정차중,안전운전불이행,건조,맑음,교차로 - 교차로부근,승용,남,27세,상해없음,승합,남,37세,경상
2013123000100471,2013년 12월 30일 19시,월요일,대전광역시 유성구 원내동,경상사고,0,0,1,0,차량단독 - 기타,안전운전불이행,건조,맑음,교차로 - 교차로부근,승합,남,54세,상해없음,,,,
2013123000100555,2013년 12월 30일 21시,월요일,대전광역시 동구 판암동,경상사고,0,0,2,0,차대차 - 측면직각충돌,안전운전불이행,건조,맑음,교차로 - 교차로안,화물,남,62세,상해없음,승용,남,34세,경상
2013123000100599,2013년 12월 30일 22시,월요일,대전광역시 유성구 관평동,경상사고,0,0,3,0,차대차 - 추돌 - 진행중,신호위반,건조,맑음,교차로 - 교차로안,승용,남,50세,상해없음,승용,남,49세,경상
2013123000100636,2013년 12월 30일 23시,월요일,대전광역시 서구 괴정동,경상사고,0,0,1,0,차대차 - 측면직각충돌,신호위반,건조,맑음,교차로 - 교차로안,승용,남,31세,상해없음,승용,남,49세,경상
2013123000100637,2013년 12월 30일 23시,월요일,대전광역시 서구 둔산동,사망사고,1,1,0,0,차대사람 - 횡단중,신호위반,건조,맑음,교차로 - 교차로부근,승용,남,52세,상해없음,보행자,여,54세,사망
2013123100100070,2013년 12월 31일 02시,화요일,대전광역시 서구 변동,중상사고,0,1,1,0,차대차 - 측면직각충돌,신호위반,건조,맑음,교차로 - 교차로안,승용,남,22세,상해없음,승용,남,69세,경상
2013123100100079,2013년 12월 31일 03시,화요일,대전광역시 유성구 송강동,경상사고,0,0,1,0,차대차 - 추돌 - 진행중,안전운전불이행,건조,맑음,교차로 - 교차로안,승용,남,31세,상해없음,승용,남,49세,경상
2013123100100109,2013년 12월 31일 05시,화요일,대전광역시 중구 용두동,중상사고,0,1,2,0,차대차 - 추돌 - 주정차중,안전운전불이행,건조,맑음,단일로 - 교량,승용,남,39세,상해없음,승용,남,53세,중상
2013123100100181,2013년 12월 31일 08시,화요일,대전광역시 동구 가양동,경상사고,0,0,1,0,차대차 - 측면직각충돌,신호위반,건조,맑음,교차로 - 교차로부근,화물,남,41세,상해없음,자전거,남,72세,경상
2013123100100203,2013년 12월 31일 09시,화요일,대전광역시 동구 효동,중상사고,0,1,0,0,차대차 - 측면직각충돌,안전운전불이행,건조,맑음,교차로 - 교차로부근,승용,남,49세,상해없음,자전거,남,72세,중상
2013123100100252,2013년 12월 31일 11시,화요일,대전광역시 대덕구 대화동,중상사고,0,1,0,0,차대사람 - 횡단중,안전운전불이행,건조,맑음,교차로 - 교차로부근,승합,남,40세,상해없음,보행자,남,71세,중상
2013123100100253,2013년 12월 31일 11시,화요일,대전광역시 서구 둔산동,경상사고,0,0,1,0,차대차 - 기타,안전운전불이행,건조,맑음,단일로 - 기타,승용,남,65세,상해없음,승용,남,61세,경상
2013123100100300,2013년 12월 31일 13시,화요일,대전광역시 동구 판암동,경상사고,0,0,1,0,차대차 - 측면직각충돌,중앙선침범,건조,맑음,단일로 - 기타,승합,남,60세,상해없음,승용,남,43세,경상
2013123100100359,2013년 12월 31일 15시,화요일,대전광역시 동구 가양동,경상사고,0,0,1,0,차대사람 - 보도통행중,중앙선침범,건조,맑음,단일로 - 기타,화물,남,53세,상해없음,보행자,남,44세,경상
2013123100100380,2013년 12월 31일 16시,화요일,대전광역시 중구 오류동,중상사고,0,1,0,0,차대사람 - 기타,안전운전불이행,건조,맑음,단일로 - 기타,승용,남,80세,상해없음,보행자,여,26세,중상
2013123100100468,2013년 12월 31일 18시,화요일,대전광역시 중구 유천동,경상사고,0,0,4,0,차대차 - 측면직각충돌,중앙선침범,건조,맑음,미분류 - 미분류,승용,남,65세,상해없음,승용,여,34세,경상
2013123100100469,2013년 12월 31일 18시,화요일,대전광역시 동구 용전동,경상사고,0,0,1,0,차대차 - 추돌 - 진행중,안전거리미확보,건조,맑음,단일로 - 기타,승용,남,42세,상해없음,승용,남,39세,경상
2013123100100527,2013년 12월 31일 19시,화요일,대전광역시 동구 용전동,경상사고,0,0,1,0,차대사람 - 횡단중,안전운전불이행,건조,맑음,단일로 - 기타,승용,남,65세,상해없음,보행자,남,65세,경상
2013123100100528,2013년 12월 31일 19시,화요일,대전광역시 유성구 송강동,경상사고,0,0,1,0,차대차 - 추돌 - 주정차중,교차로운행방법위반,건조,맑음,교차로 - 교차로안,승용,남,51세,기타불명,원동기,남,25세,경상